2026-09-01 08:36:29,765 - E:\STangWork\PythonProjects\skp_parser\run_single.py - INFO - 单文件处理: E:\STangWork\STangFiles\各省重点项目：2020年起\2023年重点项目\04重庆市2023年重点项目清单\2023年北碚区\附件：北碚区2023年重点项目工作计划.xlsx(上传 GoFast: False)
2026-09-01 08:36:29,808 - E:\STangWork\PythonProjects\skp_parser\util\db_util.py - INFO - 数据库连接池已创建: 127.0.0.1:3306/suidaobig
2026-09-01 08:36:30,029 - E:\STangWork\PythonProjects\skp_parser\util\db_util.py - INFO - 数据库表初始化完成(skp_file/skp_project/skp_file_extra/skp_notice/skp_category_declared)
2026-09-01 08:36:30,952 - E:\STangWork\PythonProjects\skp_parser\run_single.py - INFO - 删除旧数据: 文件 1 条, 项目 282 条, 特有信息 282 条, 通知 0 条, 分类声明 0 条
2026-09-01 08:37:51,630 - E:\STangWork\PythonProjects\skp_parser\run_single.py - INFO - 单文件处理: E:\STangWork\STangFiles\各省重点项目：2020年起\2023年重点项目\04重庆市2023年重点项目清单\2023年北碚区\附件：北碚区2023年重点项目工作计划.xlsx(上传 GoFast: False)
2026-09-01 08:37:51,649 - E:\STangWork\PythonProjects\skp_parser\util\db_util.py - INFO - 数据库连接池已创建: 127.0.0.1:3306/suidaobig
2026-09-01 08:37:51,787 - E:\STangWork\PythonProjects\skp_parser\util\db_util.py - INFO - 数据库表初始化完成(skp_file/skp_project/skp_file_extra/skp_notice/skp_category_declared)
2026-09-01 08:37:51,788 - E:\STangWork\PythonProjects\skp_parser\run_single.py - INFO - 删除旧数据: 文件 0 条, 项目 0 条, 特有信息 0 条, 通知 0 条, 分类声明 0 条
2026-09-01 08:38:28,731 - E:\STangWork\PythonProjects\skp_parser\parser\xlsx_parser.py - WARNING - E:\STangWork\STangFiles\各省重点项目：2020年起\2023年重点项目\04重庆市2023年重点项目清单\2023年北碚区\附件：北碚区2023年重点项目工作计划.xlsx[Sheet1]: 前 20 行未找到表头,跳过
2026-09-01 08:38:30,304 - E:\STangWork\PythonProjects\skp_parser\run_single.py - INFO - OK: 附件：北碚区2023年重点项目工作计划.xlsx (file_id=1054, 项目 283 条)
2026-09-01 08:38:30,305 - E:\STangWork\PythonProjects\skp_parser\util\db_util.py - INFO - 数据库连接池已关闭
2026-09-01 08:41:09,759 - E:\STangWork\PythonProjects\skp_parser\run_single.py - INFO - 单文件处理: E:\STangWork\STangFiles\各省重点项目：2020年起\2023年重点项目\04重庆市2023年重点项目清单\2023年北碚区\附件：北碚区2023年重点项目工作计划.xlsx(上传 GoFast: False)
2026-09-01 08:41:09,768 - E:\STangWork\PythonProjects\skp_parser\util\db_util.py - INFO - 数据库连接池已创建: 127.0.0.1:3306/suidaobig
2026-09-01 08:41:09,916 - E:\STangWork\PythonProjects\skp_parser\util\db_util.py - INFO - 数据库表初始化完成(skp_file/skp_project/skp_file_extra/skp_notice/skp_category_declared)
2026-09-01 08:41:10,277 - E:\STangWork\PythonProjects\skp_parser\run_single.py - INFO - 删除旧数据: 文件 1 条, 项目 283 条, 特有信息 283 条, 通知 0 条, 分类声明 0 条
2026-09-01 08:41:10,957 - E:\STangWork\PythonProjects\skp_parser\parser\xlsx_parser.py - WARNING - E:\STangWork\STangFiles\各省重点项目：2020年起\2023年重点项目\04重庆市2023年重点项目清单\2023年北碚区\附件：北碚区2023年重点项目工作计划.xlsx[Sheet1]: 前 20 行未找到表头,跳过
2026-09-01 08:41:14,674 - E:\STangWork\PythonProjects\skp_parser\run_single.py - INFO - OK: 附件：北碚区2023年重点项目工作计划.xlsx (file_id=1055, 项目 283 条)
2026-09-01 08:41:14,674 - E:\STangWork\PythonProjects\skp_parser\util\db_util.py - INFO - 数据库连接池已关闭
2026-09-01 08:41:19,256 - E:\STangWork\PythonProjects\skp_parser\run_single.py - INFO - 单文件处理: E:\STangWork\STangFiles\各省重点项目：2020年起\2023年重点项目\04重庆市2023年重点项目清单\2023年奉节县\奉节委办发〔2023〕1号附件.xlsx(上传 GoFast: False)
2026-09-01 08:41:19,338 - E:\STangWork\PythonProjects\skp_parser\util\db_util.py - INFO - 数据库连接池已创建: 127.0.0.1:3306/suidaobig
2026-09-01 08:41:19,497 - E:\STangWork\PythonProjects\skp_parser\util\db_util.py - INFO - 数据库表初始化完成(skp_file/skp_project/skp_file_extra/skp_notice/skp_category_declared)
2026-09-01 08:41:20,265 - E:\STangWork\PythonProjects\skp_parser\run_single.py - INFO - 删除旧数据: 文件 1 条, 项目 390 条, 特有信息 390 条, 通知 0 条, 分类声明 63 条
2026-09-01 08:41:28,100 - E:\STangWork\PythonProjects\skp_parser\main.py - WARNING - 分类校验[奉节委办发〔2023〕1号附件.xlsx] 县城管局: 标题声明 5 项,解析 10 项
2026-09-01 08:41:28,101 - E:\STangWork\PythonProjects\skp_parser\main.py - WARNING - 分类校验[奉节委办发〔2023〕1号附件.xlsx] 县文化旅游委: 标题声明 36 项,解析 35 项
2026-09-01 08:41:28,101 - E:\STangWork\PythonProjects\skp_parser\main.py - WARNING - 分类校验[奉节委办发〔2023〕1号附件.xlsx] 县教委: 标题声明 9 项,解析 13 项
2026-09-01 08:41:28,101 - E:\STangWork\PythonProjects\skp_parser\main.py - WARNING - 分类校验[奉节委办发〔2023〕1号附件.xlsx] 县科技局: 标题声明 4 项,解析 5 项
2026-09-01 08:41:28,101 - E:\STangWork\PythonProjects\skp_parser\main.py - WARNING - 分类校验[奉节委办发〔2023〕1号附件.xlsx] 县生态环境局: 标题声明 1 项,解析 2 项
2026-09-01 08:41:28,101 - E:\STangWork\PythonProjects\skp_parser\main.py - WARNING - 分类校验[奉节委办发〔2023〕1号附件.xlsx] 肖洪波: 标题声明 2 项,解析 1 项
2026-09-01 08:41:28,102 - E:\STangWork\PythonProjects\skp_parser\main.py - WARNING - 分类校验[奉节委办发〔2023〕1号附件.xlsx] 曹铁建: 标题声明 2 项,解析 1 项
2026-09-01 08:41:28,102 - E:\STangWork\PythonProjects\skp_parser\main.py - WARNING - 分类校验[奉节委办发〔2023〕1号附件.xlsx] 郑仕伟: 标题声明 2 项,解析 1 项
2026-09-01 08:41:28,118 - E:\STangWork\PythonProjects\skp_parser\main.py - WARNING - 通知信息解析失败 奉节委办发〔2023〕1号附件.xlsx: No /Root object! - Is this really a PDF?
2026-09-01 08:41:29,132 - E:\STangWork\PythonProjects\skp_parser\run_single.py - INFO - OK: 奉节委办发〔2023〕1号附件.xlsx (file_id=1056, 项目 390 条)
2026-09-01 08:41:29,132 - E:\STangWork\PythonProjects\skp_parser\util\db_util.py - INFO - 数据库连接池已关闭
2026-09-01 08:42:48,920 - E:\STangWork\PythonProjects\skp_parser\run_single.py - INFO - 单文件处理: E:\STangWork\STangFiles\各省重点项目：2020年起\2023年重点项目\06内蒙古自治区2023年重点项目清单\附件：内蒙古自治区2023年计划实施重点民间投资项目清单.xlsx(上传 GoFast: False)
2026-09-01 08:42:48,940 - E:\STangWork\PythonProjects\skp_parser\util\db_util.py - INFO - 数据库连接池已创建: 127.0.0.1:3306/suidaobig
2026-09-01 08:42:49,110 - E:\STangWork\PythonProjects\skp_parser\util\db_util.py - INFO - 数据库表初始化完成(skp_file/skp_project/skp_file_extra/skp_notice/skp_category_declared)
2026-09-01 08:42:50,915 - E:\STangWork\PythonProjects\skp_parser\run_single.py - INFO - 删除旧数据: 文件 1 条, 项目 2618 条, 特有信息 2618 条, 通知 0 条, 分类声明 0 条
2026-09-01 08:43:24,981 - E:\STangWork\PythonProjects\skp_parser\run_single.py - INFO - OK: 附件：内蒙古自治区2023年计划实施重点民间投资项目清单.xlsx (file_id=1057, 项目 2628 条)
2026-09-01 08:43:24,981 - E:\STangWork\PythonProjects\skp_parser\util\db_util.py - INFO - 数据库连接池已关闭
2026-09-01 08:48:37,016 - E:\STangWork\PythonProjects\skp_parser\run_single.py - INFO - 单文件处理: E:\STangWork\STangFiles\各省重点项目：2020年起\2023年重点项目\06内蒙古自治区2023年重点项目清单\附件：内蒙古自治区2023年计划实施重点民间投资项目清单.xlsx(上传 GoFast: False)
2026-09-01 08:48:37,026 - E:\STangWork\PythonProjects\skp_parser\util\db_util.py - INFO - 数据库连接池已创建: 127.0.0.1:3306/suidaobig
2026-09-01 08:48:37,231 - E:\STangWork\PythonProjects\skp_parser\util\db_util.py - INFO - 数据库表初始化完成(skp_file/skp_project/skp_file_extra/skp_notice/skp_category_declared)
2026-09-01 08:48:39,109 - E:\STangWork\PythonProjects\skp_parser\run_single.py - INFO - 删除旧数据: 文件 1 条, 项目 2628 条, 特有信息 2628 条, 通知 0 条, 分类声明 0 条
2026-09-01 08:49:34,057 - E:\STangWork\PythonProjects\skp_parser\run_single.py - INFO - 单文件处理: E:\STangWork\STangFiles\各省重点项目：2020年起\2023年重点项目\06内蒙古自治区2023年重点项目清单\附件：内蒙古自治区2023年计划实施重点民间投资项目清单.xlsx(上传 GoFast: False)
2026-09-01 08:49:34,078 - E:\STangWork\PythonProjects\skp_parser\util\db_util.py - INFO - 数据库连接池已创建: 127.0.0.1:3306/suidaobig
2026-09-01 08:49:34,310 - E:\STangWork\PythonProjects\skp_parser\util\db_util.py - INFO - 数据库表初始化完成(skp_file/skp_project/skp_file_extra/skp_notice/skp_category_declared)
2026-09-01 08:49:38,840 - E:\STangWork\PythonProjects\skp_parser\run_single.py - INFO - 删除旧数据: 文件 1 条, 项目 2628 条, 特有信息 2628 条, 通知 0 条, 分类声明 0 条
2026-09-01 09:09:09,849 - E:\STangWork\PythonProjects\skp_parser\parser\xlsx_parser.py - WARNING - E:\STangWork\STangFiles\各省重点项目：2020年起\2023年重点项目\29四川省2023年重点项目清单\2023年内江市\2023年城区市重点项目情况表.xlsx[Sheet1]: 前 20 行未找到表头,跳过
2026-09-01 09:09:10,214 - E:\STangWork\PythonProjects\skp_parser\parser\pdf_parser.py - WARNING - E:\STangWork\STangFiles\各省重点项目：2020年起\2026年重点项目\06内蒙古自治区2026年重点项目清单\内蒙古自治区发展和改革委员会关于下达自治区2026年预算内基本建设投资计划的通知.pdf: 文本流错乱(碎片行占 1/1),解析结果弃用
2026-09-01 09:10:22,637 - E:\STangWork\PythonProjects\skp_parser\run_single.py - INFO - 单文件处理: E:\STangWork\STangFiles\各省重点项目：2020年起\2023年重点项目\06内蒙古自治区2023年重点项目清单\附件：内蒙古自治区2023年计划实施重点民间投资项目清单.xlsx(上传 GoFast: False)
2026-09-01 09:10:22,657 - E:\STangWork\PythonProjects\skp_parser\util\db_util.py - INFO - 数据库连接池已创建: 127.0.0.1:3306/suidaobig
2026-09-01 09:10:22,857 - E:\STangWork\PythonProjects\skp_parser\util\db_util.py - INFO - 数据库表初始化完成(skp_file/skp_project/skp_file_extra/skp_notice/skp_category_declared)
2026-09-01 09:10:22,886 - E:\STangWork\PythonProjects\skp_parser\run_single.py - INFO - 删除旧数据: 文件 0 条, 项目 0 条, 特有信息 0 条, 通知 0 条, 分类声明 0 条
2026-09-01 09:31:38,747 - E:\STangWork\PythonProjects\skp_parser\util\db_util.py - INFO - 数据库连接池已创建: 127.0.0.1:3306/suidaobig
2026-09-01 09:31:40,920 - E:\STangWork\PythonProjects\skp_parser\util\db_util.py - INFO - 数据库连接池已关闭
2026-09-01 09:31:52,614 - E:\STangWork\PythonProjects\skp_parser\util\db_util.py - INFO - 数据库连接池已创建: 127.0.0.1:3306/suidaobig
2026-09-01 09:31:52,730 - E:\STangWork\PythonProjects\skp_parser\util\db_util.py - INFO - 数据库连接池已关闭
2026-09-01 09:40:06,638 - E:\STangWork\PythonProjects\skp_parser\run_single.py - INFO - 单文件处理: E:\STangWork\STangFiles\各省重点项目：2020年起\2023年重点项目\06内蒙古自治区2023年重点项目清单\附件：内蒙古自治区2023年计划实施重点民间投资项目清单.xlsx(上传 GoFast: False)
2026-09-01 09:40:06,647 - E:\STangWork\PythonProjects\skp_parser\util\db_util.py - INFO - 数据库连接池已创建: 127.0.0.1:3306/suidaobig
2026-09-01 09:40:06,861 - E:\STangWork\PythonProjects\skp_parser\util\db_util.py - INFO - 数据库表初始化完成(skp_file/skp_project/skp_file_extra/skp_notice/skp_category_declared)
2026-09-01 09:40:06,891 - E:\STangWork\PythonProjects\skp_parser\run_single.py - INFO - 删除旧数据: 文件 0 条, 项目 0 条, 特有信息 0 条, 通知 0 条, 分类声明 0 条
2026-09-01 09:40:25,018 - E:\STangWork\PythonProjects\skp_parser\run_single.py - INFO - OK: 附件：内蒙古自治区2023年计划实施重点民间投资项目清单.xlsx (file_id=1059, 项目 2617 条)
2026-09-01 09:40:25,018 - E:\STangWork\PythonProjects\skp_parser\util\db_util.py - INFO - 数据库连接池已关闭
2026-09-01 09:42:47,507 - E:\STangWork\PythonProjects\skp_parser\run_single.py - INFO - 单文件处理: E:\STangWork\STangFiles\各省重点项目：2020年起\2023年重点项目\06内蒙古自治区2023年重点项目清单\附件：内蒙古自治区2023年计划实施重点民间投资项目清单.xlsx(上传 GoFast: False)
2026-09-01 09:42:47,519 - E:\STangWork\PythonProjects\skp_parser\util\db_util.py - INFO - 数据库连接池已创建: 127.0.0.1:3306/suidaobig
2026-09-01 09:42:47,698 - E:\STangWork\PythonProjects\skp_parser\util\db_util.py - INFO - 数据库表初始化完成(skp_file/skp_project/skp_file_extra/skp_notice/skp_category_declared)
2026-09-01 09:42:51,574 - E:\STangWork\PythonProjects\skp_parser\run_single.py - INFO - 删除旧数据: 文件 1 条, 项目 2617 条, 特有信息 2617 条, 通知 0 条, 分类声明 0 条
2026-09-01 09:43:18,409 - E:\STangWork\PythonProjects\skp_parser\run_single.py - INFO - OK: 附件：内蒙古自治区2023年计划实施重点民间投资项目清单.xlsx (file_id=1060, 项目 2617 条)
2026-09-01 09:43:18,410 - E:\STangWork\PythonProjects\skp_parser\util\db_util.py - INFO - 数据库连接池已关闭
2026-09-01 09:43:41,965 - E:\STangWork\PythonProjects\skp_parser\run_single.py - INFO - 单文件处理: E:\STangWork\STangFiles\各省重点项目：2020年起\2023年重点项目\06内蒙古自治区2023年重点项目清单\附件：内蒙古自治区2023年计划实施重点民间投资项目清单.xlsx(上传 GoFast: False)
2026-09-01 09:43:41,977 - E:\STangWork\PythonProjects\skp_parser\util\db_util.py - INFO - 数据库连接池已创建: 127.0.0.1:3306/suidaobig
2026-09-01 09:43:42,183 - E:\STangWork\PythonProjects\skp_parser\util\db_util.py - INFO - 数据库表初始化完成(skp_file/skp_project/skp_file_extra/skp_notice/skp_category_declared)
2026-09-01 09:43:43,023 - E:\STangWork\PythonProjects\skp_parser\run_single.py - INFO - 删除旧数据: 文件 1 条, 项目 2617 条, 特有信息 2617 条, 通知 0 条, 分类声明 0 条
2026-09-01 09:44:11,738 - E:\STangWork\PythonProjects\skp_parser\run_single.py - INFO - OK: 附件：内蒙古自治区2023年计划实施重点民间投资项目清单.xlsx (file_id=1061, 项目 2617 条)
2026-09-01 09:44:11,738 - E:\STangWork\PythonProjects\skp_parser\util\db_util.py - INFO - 数据库连接池已关闭
2026-09-01 09:44:39,998 - E:\STangWork\PythonProjects\skp_parser\run_single.py - INFO - 单文件处理: E:\STangWork\STangFiles\各省重点项目：2020年起\2024年重点项目\04重庆市2024年重点项目清单\1.共建成渝地区双城经济圈2024年重大项目清单.xlsx(上传 GoFast: False)
2026-09-01 09:44:40,026 - E:\STangWork\PythonProjects\skp_parser\util\db_util.py - INFO - 数据库连接池已创建: 127.0.0.1:3306/suidaobig
2026-09-01 09:44:40,228 - E:\STangWork\PythonProjects\skp_parser\util\db_util.py - INFO - 数据库表初始化完成(skp_file/skp_project/skp_file_extra/skp_notice/skp_category_declared)
2026-09-01 09:44:41,387 - E:\STangWork\PythonProjects\skp_parser\run_single.py - INFO - 删除旧数据: 文件 1 条, 项目 307 条, 特有信息 307 条, 通知 0 条, 分类声明 0 条
2026-09-01 09:44:45,607 - E:\STangWork\PythonProjects\skp_parser\run_single.py - INFO - OK: 1.共建成渝地区双城经济圈2024年重大项目清单.xlsx (file_id=1062, 项目 307 条)
2026-09-01 09:44:45,607 - E:\STangWork\PythonProjects\skp_parser\util\db_util.py - INFO - 数据库连接池已关闭
2026-09-01 09:46:33,180 - E:\STangWork\PythonProjects\skp_parser\run_single.py - INFO - 单文件处理: E:\STangWork\STangFiles\各省重点项目：2020年起\2021年重点项目\10安徽省2021年重点项目清单\安徽省2021年重点项目投资计划.xlsx(上传 GoFast: False)
2026-09-01 09:46:33,253 - E:\STangWork\PythonProjects\skp_parser\util\db_util.py - INFO - 数据库连接池已创建: 127.0.0.1:3306/suidaobig
2026-09-01 09:46:33,463 - E:\STangWork\PythonProjects\skp_parser\util\db_util.py - INFO - 数据库表初始化完成(skp_file/skp_project/skp_file_extra/skp_notice/skp_category_declared)
2026-09-01 09:47:40,587 - E:\STangWork\PythonProjects\skp_parser\run_single.py - INFO - 删除旧数据: 文件 1 条, 项目 15848 条, 特有信息 15848 条, 通知 0 条, 分类声明 0 条
2026-09-01 09:50:14,409 - E:\STangWork\PythonProjects\skp_parser\run_single.py - INFO - OK: 安徽省2021年重点项目投资计划.xlsx (file_id=1063, 项目 15852 条)
2026-09-01 09:50:14,409 - E:\STangWork\PythonProjects\skp_parser\util\db_util.py - INFO - 数据库连接池已关闭
2026-09-01 09:53:21,895 - E:\STangWork\PythonProjects\skp_parser\run_single.py - INFO - 单文件处理: E:\STangWork\STangFiles\各省重点项目：2020年起\2021年重点项目\10安徽省2021年重点项目清单\安徽省2021年重点项目投资计划.xlsx(上传 GoFast: False)
2026-09-01 09:53:21,911 - E:\STangWork\PythonProjects\skp_parser\util\db_util.py - INFO - 数据库连接池已创建: 127.0.0.1:3306/suidaobig
2026-09-01 09:53:22,104 - E:\STangWork\PythonProjects\skp_parser\util\db_util.py - INFO - 数据库表初始化完成(skp_file/skp_project/skp_file_extra/skp_notice/skp_category_declared)
2026-09-01 09:53:22,133 - E:\STangWork\PythonProjects\skp_parser\run_single.py - INFO - 删除旧数据: 文件 0 条, 项目 0 条, 特有信息 0 条, 通知 0 条, 分类声明 0 条
2026-09-01 09:54:37,503 - E:\STangWork\PythonProjects\skp_parser\run_single.py - INFO - OK: 安徽省2021年重点项目投资计划.xlsx (file_id=1064, 项目 15852 条)
2026-09-01 09:54:37,503 - E:\STangWork\PythonProjects\skp_parser\util\db_util.py - INFO - 数据库连接池已关闭
2026-09-01 10:00:10,977 - E:\STangWork\PythonProjects\skp_parser\run_single.py - INFO - 单文件处理: E:\STangWork\STangFiles\各省重点项目：2020年起\2021年重点项目\10安徽省2021年重点项目清单\安徽省2021年重点项目投资计划.xlsx(上传 GoFast: False)
2026-09-01 10:00:10,995 - E:\STangWork\PythonProjects\skp_parser\util\db_util.py - INFO - 数据库连接池已创建: 127.0.0.1:3306/suidaobig
2026-09-01 10:00:11,205 - E:\STangWork\PythonProjects\skp_parser\util\db_util.py - INFO - 数据库表初始化完成(skp_file/skp_project/skp_file_extra/skp_notice/skp_category_declared)
2026-09-01 10:00:11,251 - E:\STangWork\PythonProjects\skp_parser\run_single.py - INFO - 删除旧数据: 文件 0 条, 项目 0 条, 特有信息 0 条, 通知 0 条, 分类声明 0 条
2026-09-01 10:01:25,509 - E:\STangWork\PythonProjects\skp_parser\run_single.py - INFO - OK: 安徽省2021年重点项目投资计划.xlsx (file_id=1065, 项目 15852 条)
2026-09-01 10:01:25,509 - E:\STangWork\PythonProjects\skp_parser\util\db_util.py - INFO - 数据库连接池已关闭
2026-09-01 10:02:36,049 - E:\STangWork\PythonProjects\skp_parser\run_single.py - INFO - 单文件处理: E:\STangWork\STangFiles\各省重点项目：2020年起\2023年重点项目\17河南省2023年重点项目清单\2023年三门峡市\附件：2023年市重点项目名单.xlsx(上传 GoFast: False)
2026-09-01 10:02:36,056 - E:\STangWork\PythonProjects\skp_parser\util\db_util.py - INFO - 数据库连接池已创建: 127.0.0.1:3306/suidaobig
2026-09-01 10:02:36,276 - E:\STangWork\PythonProjects\skp_parser\util\db_util.py - INFO - 数据库表初始化完成(skp_file/skp_project/skp_file_extra/skp_notice/skp_category_declared)
2026-09-01 10:02:37,134 - E:\STangWork\PythonProjects\skp_parser\run_single.py - INFO - 删除旧数据: 文件 1 条, 项目 624 条, 特有信息 0 条, 通知 0 条, 分类声明 0 条
2026-09-01 10:02:40,600 - E:\STangWork\PythonProjects\skp_parser\run_single.py - INFO - OK: 附件：2023年市重点项目名单.xlsx (file_id=1066, 项目 626 条)
2026-09-01 10:02:40,601 - E:\STangWork\PythonProjects\skp_parser\util\db_util.py - INFO - 数据库连接池已关闭
2026-09-01 10:03:22,334 - E:\STangWork\PythonProjects\skp_parser\run_single.py - INFO - 单文件处理: E:\STangWork\STangFiles\各省重点项目：2020年起\2023年重点项目\17河南省2023年重点项目清单\2023年三门峡市\附件：2023年市重点项目名单.xlsx(上传 GoFast: False)
2026-09-01 10:03:22,354 - E:\STangWork\PythonProjects\skp_parser\util\db_util.py - INFO - 数据库连接池已创建: 127.0.0.1:3306/suidaobig
2026-09-01 10:03:22,543 - E:\STangWork\PythonProjects\skp_parser\util\db_util.py - INFO - 数据库表初始化完成(skp_file/skp_project/skp_file_extra/skp_notice/skp_category_declared)
2026-09-01 10:03:23,090 - E:\STangWork\PythonProjects\skp_parser\run_single.py - INFO - 删除旧数据: 文件 1 条, 项目 626 条, 特有信息 0 条, 通知 0 条, 分类声明 0 条
2026-09-01 10:22:13,584 - E:\STangWork\PythonProjects\skp_parser\run_single.py - INFO - OK: 附件：2023年市重点项目名单.xlsx (file_id=1067, 项目 626 条)
2026-09-01 10:22:13,585 - E:\STangWork\PythonProjects\skp_parser\util\db_util.py - INFO - 数据库连接池已关闭
2026-09-01 10:31:07,878 - E:\STangWork\PythonProjects\skp_parser\run_single.py - INFO - 单文件处理: E:\STangWork\STangFiles\各省重点项目：2020年起\2023年重点项目\17河南省2023年重点项目清单\2023年三门峡市\附件：2023年市重点项目名单.xlsx(上传 GoFast: False)
2026-09-01 10:31:07,888 - E:\STangWork\PythonProjects\skp_parser\util\db_util.py - INFO - 数据库连接池已创建: 127.0.0.1:3306/suidaobig
2026-09-01 10:31:08,069 - E:\STangWork\PythonProjects\skp_parser\util\db_util.py - INFO - 数据库表初始化完成(skp_file/skp_project/skp_file_extra/skp_notice/skp_category_declared)
2026-09-01 10:31:08,671 - E:\STangWork\PythonProjects\skp_parser\run_single.py - INFO - 删除旧数据: 文件 1 条, 项目 626 条, 特有信息 0 条, 通知 0 条, 分类声明 0 条
2026-09-01 10:31:12,154 - E:\STangWork\PythonProjects\skp_parser\run_single.py - INFO - OK: 附件：2023年市重点项目名单.xlsx (file_id=1068, 项目 618 条)
2026-09-01 10:31:12,154 - E:\STangWork\PythonProjects\skp_parser\util\db_util.py - INFO - 数据库连接池已关闭
2026-09-01 10:32:05,874 - E:\STangWork\PythonProjects\skp_parser\run_single.py - INFO - 单文件处理: E:\STangWork\STangFiles\各省重点项目：2020年起\2020年重点项目\2020年各省市重点项目清单汇总：51.63万亿\29四川省2020年重点项目清单\2020年四川省重点项目清单.xlsx(上传 GoFast: False)
2026-09-01 10:32:05,904 - E:\STangWork\PythonProjects\skp_parser\util\db_util.py - INFO - 数据库连接池已创建: 127.0.0.1:3306/suidaobig
2026-09-01 10:32:06,022 - E:\STangWork\PythonProjects\skp_parser\util\db_util.py - INFO - 数据库表初始化完成(skp_file/skp_project/skp_file_extra/skp_notice/skp_category_declared)
2026-09-01 10:32:07,134 - E:\STangWork\PythonProjects\skp_parser\run_single.py - INFO - 删除旧数据: 文件 1 条, 项目 721 条, 特有信息 30 条, 通知 0 条, 分类声明 33 条
2026-09-01 10:32:08,506 - E:\STangWork\PythonProjects\skp_parser\main.py - WARNING - 分类校验[2020年四川省重点项目清单.xlsx] 一 基础设施项目: 标题声明 193 项,解析 0 项
2026-09-01 10:32:08,506 - E:\STangWork\PythonProjects\skp_parser\main.py - WARNING - 分类校验[2020年四川省重点项目清单.xlsx] 一 基础设施项目-交通: 标题声明 104 项,解析 0 项
2026-09-01 10:32:08,507 - E:\STangWork\PythonProjects\skp_parser\main.py - WARNING - 分类校验[2020年四川省重点项目清单.xlsx] Ⅲ 高速公路: 标题声明 41 项,解析 45 项
2026-09-01 10:32:08,507 - E:\STangWork\PythonProjects\skp_parser\main.py - WARNING - 分类校验[2020年四川省重点项目清单.xlsx] Ⅳ 国省干线及经济干线: 标题声明 60 项,解析 101 项
2026-09-01 10:32:08,507 - E:\STangWork\PythonProjects\skp_parser\main.py - WARNING - 分类校验[2020年四川省重点项目清单.xlsx] 城市基础设施: 标题声明 33 项,解析 54 项
2026-09-01 10:32:08,507 - E:\STangWork\PythonProjects\skp_parser\main.py - WARNING - 分类校验[2020年四川省重点项目清单.xlsx] 城市基础设施-水利: 标题声明 11 项,解析 10 项
2026-09-01 10:32:08,507 - E:\STangWork\PythonProjects\skp_parser\main.py - WARNING - 分类校验[2020年四川省重点项目清单.xlsx] 产业及创新平台项目: 标题声明 341 项,解析 0 项
2026-09-01 10:32:08,507 - E:\STangWork\PythonProjects\skp_parser\main.py - WARNING - 分类校验[2020年四川省重点项目清单.xlsx] 战略性新兴产业: 标题声明 45 项,解析 290 项
2026-09-01 10:32:08,507 - E:\STangWork\PythonProjects\skp_parser\main.py - WARNING - 分类校验[2020年四川省重点项目清单.xlsx] 战略性新兴产业-能源产业: 标题声明 35 项,解析 0 项
2026-09-01 10:32:08,507 - E:\STangWork\PythonProjects\skp_parser\main.py - WARNING - 分类校验[2020年四川省重点项目清单.xlsx] Ⅳ 其他: 标题声明 2 项,解析 13 项
2026-09-01 10:32:08,507 - E:\STangWork\PythonProjects\skp_parser\main.py - WARNING - 分类校验[2020年四川省重点项目清单.xlsx] 基础设施项目: 标题声明 73 项,解析 0 项
2026-09-01 10:32:08,507 - E:\STangWork\PythonProjects\skp_parser\main.py - WARNING - 分类校验[2020年四川省重点项目清单.xlsx] 基础设施项目-交通: 标题声明 32 项,解析 0 项
2026-09-01 10:32:08,507 - E:\STangWork\PythonProjects\skp_parser\main.py - WARNING - 分类校验[2020年四川省重点项目清单.xlsx] Ⅱ 其他: 标题声明 1 项,解析 6 项
2026-09-01 10:32:13,335 - E:\STangWork\PythonProjects\skp_parser\run_single.py - INFO - OK: 2020年四川省重点项目清单.xlsx (file_id=1069, 项目 720 条)
2026-09-01 10:32:13,335 - E:\STangWork\PythonProjects\skp_parser\util\db_util.py - INFO - 数据库连接池已关闭
2026-09-01 10:37:58,880 - E:\STangWork\PythonProjects\skp_parser\run_single.py - INFO - 单文件处理: E:\STangWork\STangFiles\各省重点项目：2020年起\2020年重点项目\2020年各省市重点项目清单汇总：51.63万亿\29四川省2020年重点项目清单\2020年四川省重点项目清单.xlsx(上传 GoFast: False)
2026-09-01 10:37:58,899 - E:\STangWork\PythonProjects\skp_parser\util\db_util.py - INFO - 数据库连接池已创建: 127.0.0.1:3306/suidaobig
2026-09-01 10:37:59,106 - E:\STangWork\PythonProjects\skp_parser\util\db_util.py - INFO - 数据库表初始化完成(skp_file/skp_project/skp_file_extra/skp_notice/skp_category_declared)
2026-09-01 10:38:00,533 - E:\STangWork\PythonProjects\skp_parser\run_single.py - INFO - 删除旧数据: 文件 1 条, 项目 720 条, 特有信息 30 条, 通知 0 条, 分类声明 35 条
2026-09-01 10:38:01,898 - E:\STangWork\PythonProjects\skp_parser\main.py - WARNING - 分类校验[2020年四川省重点项目清单.xlsx] 基础设施项目: 标题声明 266 项,解析 0 项
2026-09-01 10:38:01,898 - E:\STangWork\PythonProjects\skp_parser\main.py - WARNING - 分类校验[2020年四川省重点项目清单.xlsx] 基础设施项目-交通: 标题声明 136 项,解析 0 项
2026-09-01 10:38:01,898 - E:\STangWork\PythonProjects\skp_parser\main.py - WARNING - 分类校验[2020年四川省重点项目清单.xlsx] 高速公路: 标题声明 41 项,解析 45 项
2026-09-01 10:38:01,898 - E:\STangWork\PythonProjects\skp_parser\main.py - WARNING - 分类校验[2020年四川省重点项目清单.xlsx] 国省干线及经济干线: 标题声明 60 项,解析 101 项
2026-09-01 10:38:01,899 - E:\STangWork\PythonProjects\skp_parser\main.py - WARNING - 分类校验[2020年四川省重点项目清单.xlsx] 港口、码头、航运: 标题声明 7 项,解析 61 项
2026-09-01 10:38:01,899 - E:\STangWork\PythonProjects\skp_parser\main.py - WARNING - 分类校验[2020年四川省重点项目清单.xlsx] 港口、码头、航运-水利: 标题声明 11 项,解析 10 项
2026-09-01 10:38:01,899 - E:\STangWork\PythonProjects\skp_parser\main.py - WARNING - 分类校验[2020年四川省重点项目清单.xlsx] 产业及创新平台项目: 标题声明 341 项,解析 290 项
2026-09-01 10:38:01,899 - E:\STangWork\PythonProjects\skp_parser\main.py - WARNING - 分类校验[2020年四川省重点项目清单.xlsx] 产业及创新平台项目-能源产业: 标题声明 35 项,解析 0 项
2026-09-01 10:38:01,899 - E:\STangWork\PythonProjects\skp_parser\main.py - WARNING - 分类校验[2020年四川省重点项目清单.xlsx] 其他: 标题声明 3 项,解析 19 项
2026-09-01 10:38:07,023 - E:\STangWork\PythonProjects\skp_parser\run_single.py - INFO - OK: 2020年四川省重点项目清单.xlsx (file_id=1070, 项目 720 条)
2026-09-01 10:38:07,023 - E:\STangWork\PythonProjects\skp_parser\util\db_util.py - INFO - 数据库连接池已关闭
2026-09-01 10:38:31,082 - E:\STangWork\PythonProjects\skp_parser\run_single.py - INFO - 单文件处理: E:\STangWork\STangFiles\各省重点项目：2020年起\2020年重点项目\2020年各省市重点项目清单汇总：51.63万亿\29四川省2020年重点项目清单\2020年四川省重点项目清单.xlsx(上传 GoFast: False)
2026-09-01 10:38:31,101 - E:\STangWork\PythonProjects\skp_parser\util\db_util.py - INFO - 数据库连接池已创建: 127.0.0.1:3306/suidaobig
2026-09-01 10:38:31,286 - E:\STangWork\PythonProjects\skp_parser\util\db_util.py - INFO - 数据库表初始化完成(skp_file/skp_project/skp_file_extra/skp_notice/skp_category_declared)
2026-09-01 10:38:31,492 - E:\STangWork\PythonProjects\skp_parser\run_single.py - INFO - 删除旧数据: 文件 1 条, 项目 720 条, 特有信息 30 条, 通知 0 条, 分类声明 30 条
2026-09-01 10:47:12,023 - E:\STangWork\PythonProjects\skp_parser\run_single.py - INFO - 单文件处理: E:\STangWork\STangFiles\各省重点项目：2020年起\2020年重点项目\2020年各省市重点项目清单汇总：51.63万亿\29四川省2020年重点项目清单\2020年四川省重点项目清单.xlsx(上传 GoFast: False)
2026-09-01 10:47:12,033 - E:\STangWork\PythonProjects\skp_parser\util\db_util.py - INFO - 数据库连接池已创建: 127.0.0.1:3306/suidaobig
2026-09-01 10:47:12,248 - E:\STangWork\PythonProjects\skp_parser\util\db_util.py - INFO - 数据库表初始化完成(skp_file/skp_project/skp_file_extra/skp_notice/skp_category_declared)
2026-09-01 10:47:12,280 - E:\STangWork\PythonProjects\skp_parser\run_single.py - INFO - 删除旧数据: 文件 0 条, 项目 0 条, 特有信息 0 条, 通知 0 条, 分类声明 0 条
2026-09-01 10:47:13,644 - E:\STangWork\PythonProjects\skp_parser\main.py - WARNING - 分类校验[2020年四川省重点项目清单.xlsx] 基础设施项目: 标题声明 266 项,解析 235 项
2026-09-01 10:47:13,644 - E:\STangWork\PythonProjects\skp_parser\main.py - WARNING - 分类校验[2020年四川省重点项目清单.xlsx] 基础设施项目-交通: 标题声明 136 项,解析 0 项
2026-09-01 10:47:13,645 - E:\STangWork\PythonProjects\skp_parser\main.py - WARNING - 分类校验[2020年四川省重点项目清单.xlsx] 基础设施项目-高速公路: 标题声明 41 项,解析 45 项
2026-09-01 10:47:13,645 - E:\STangWork\PythonProjects\skp_parser\main.py - WARNING - 分类校验[2020年四川省重点项目清单.xlsx] 基础设施项目-能源基础设施: 标题声明 7 项,解析 14 项
2026-09-01 10:47:13,645 - E:\STangWork\PythonProjects\skp_parser\main.py - WARNING - 分类校验[2020年四川省重点项目清单.xlsx] 基础设施项目-水利: 标题声明 13 项,解析 12 项
2026-09-01 10:47:13,645 - E:\STangWork\PythonProjects\skp_parser\main.py - WARNING - 分类校验[2020年四川省重点项目清单.xlsx] 产业及创新平台项目-能源产业: 标题声明 35 项,解析 0 项
2026-09-01 10:47:15,982 - E:\STangWork\PythonProjects\skp_parser\run_single.py - INFO - OK: 2020年四川省重点项目清单.xlsx (file_id=1071, 项目 720 条)
2026-09-01 10:47:15,983 - E:\STangWork\PythonProjects\skp_parser\util\db_util.py - INFO - 数据库连接池已关闭
2026-09-01 10:48:20,187 - E:\STangWork\PythonProjects\skp_parser\run_single.py - INFO - 单文件处理: E:\STangWork\STangFiles\各省重点项目：2020年起\2020年重点项目\2020年各省市重点项目清单汇总：51.63万亿\29四川省2020年重点项目清单\2020年四川省重点项目清单.xlsx(上传 GoFast: False)
2026-09-01 10:48:20,206 - E:\STangWork\PythonProjects\skp_parser\util\db_util.py - INFO - 数据库连接池已创建: 127.0.0.1:3306/suidaobig
2026-09-01 10:48:20,356 - E:\STangWork\PythonProjects\skp_parser\util\db_util.py - INFO - 数据库表初始化完成(skp_file/skp_project/skp_file_extra/skp_notice/skp_category_declared)
2026-09-01 10:48:20,503 - E:\STangWork\PythonProjects\skp_parser\run_single.py - INFO - 删除旧数据: 文件 1 条, 项目 720 条, 特有信息 30 条, 通知 0 条, 分类声明 26 条
2026-09-01 10:53:22,472 - E:\STangWork\PythonProjects\skp_parser\run_single.py - INFO - 单文件处理: E:\STangWork\STangFiles\各省重点项目：2020年起\2022年重点项目\05广西自治区2022年重点项目清单\2022年桂林市\市政办〔2022〕7号附件3.xlsx(上传 GoFast: False)
2026-09-01 10:53:22,501 - E:\STangWork\PythonProjects\skp_parser\util\db_util.py - INFO - 数据库连接池已创建: 127.0.0.1:3306/suidaobig
2026-09-01 10:53:22,722 - E:\STangWork\PythonProjects\skp_parser\util\db_util.py - INFO - 数据库表初始化完成(skp_file/skp_project/skp_file_extra/skp_notice/skp_category_declared)
2026-09-01 10:53:23,661 - E:\STangWork\PythonProjects\skp_parser\run_single.py - INFO - 删除旧数据: 文件 1 条, 项目 511 条, 特有信息 510 条, 通知 0 条, 分类声明 0 条
2026-09-01 10:53:23,956 - E:\STangWork\PythonProjects\skp_parser\main.py - WARNING - 通知信息解析失败 市政办〔2022〕7号附件3.xlsx: No /Root object! - Is this really a PDF?
2026-09-01 10:53:27,579 - E:\STangWork\PythonProjects\skp_parser\run_single.py - INFO - OK: 市政办〔2022〕7号附件3.xlsx (file_id=1072, 项目 511 条)
2026-09-01 10:53:27,579 - E:\STangWork\PythonProjects\skp_parser\util\db_util.py - INFO - 数据库连接池已关闭
2026-09-01 11:16:17,001 - E:\STangWork\PythonProjects\skp_parser\run_single.py - INFO - 单文件处理: E:\STangWork\STangFiles\各省重点项目：2020年起\2022年重点项目\05广西自治区2022年重点项目清单\2022年桂林市\市政办〔2022〕7号附件3.xlsx(上传 GoFast: False)
2026-09-01 11:16:17,012 - E:\STangWork\PythonProjects\skp_parser\util\db_util.py - INFO - 数据库连接池已创建: 127.0.0.1:3306/suidaobig
2026-09-01 11:16:17,194 - E:\STangWork\PythonProjects\skp_parser\util\db_util.py - INFO - 数据库表初始化完成(skp_file/skp_project/skp_file_extra/skp_notice/skp_category_declared)
2026-09-01 11:16:18,792 - E:\STangWork\PythonProjects\skp_parser\run_single.py - INFO - 删除旧数据: 文件 1 条, 项目 511 条, 特有信息 510 条, 通知 0 条, 分类声明 0 条
2026-09-01 11:16:19,124 - E:\STangWork\PythonProjects\skp_parser\main.py - WARNING - 通知信息解析失败 市政办〔2022〕7号附件3.xlsx: No /Root object! - Is this really a PDF?
2026-09-01 11:16:24,519 - E:\STangWork\PythonProjects\skp_parser\run_single.py - INFO - OK: 市政办〔2022〕7号附件3.xlsx (file_id=1073, 项目 511 条)
2026-09-01 11:16:24,519 - E:\STangWork\PythonProjects\skp_parser\util\db_util.py - INFO - 数据库连接池已关闭
2026-09-01 11:17:44,992 - E:\STangWork\PythonProjects\skp_parser\run_single.py - INFO - 单文件处理: E:\STangWork\STangFiles\各省重点项目：2020年起\2022年重点项目\05广西自治区2022年重点项目清单\2022年桂林市\市政办〔2022〕7号附件3.xlsx(上传 GoFast: False)
2026-09-01 11:17:45,010 - E:\STangWork\PythonProjects\skp_parser\util\db_util.py - INFO - 数据库连接池已创建: 127.0.0.1:3306/suidaobig
2026-09-01 11:17:45,249 - E:\STangWork\PythonProjects\skp_parser\util\db_util.py - INFO - 数据库表初始化完成(skp_file/skp_project/skp_file_extra/skp_notice/skp_category_declared)
2026-09-01 11:17:45,508 - E:\STangWork\PythonProjects\skp_parser\run_single.py - INFO - 删除旧数据: 文件 1 条, 项目 511 条, 特有信息 510 条, 通知 0 条, 分类声明 0 条
2026-09-01 11:21:24,150 - E:\STangWork\PythonProjects\skp_parser\run_single.py - INFO - 单文件处理: E:\STangWork\STangFiles\各省重点项目：2020年起\2022年重点项目\05广西自治区2022年重点项目清单\2022年桂林市\市政办〔2022〕7号附件3.xlsx(上传 GoFast: False)
2026-09-01 11:21:24,157 - E:\STangWork\PythonProjects\skp_parser\util\db_util.py - INFO - 数据库连接池已创建: 127.0.0.1:3306/suidaobig
2026-09-01 11:21:24,363 - E:\STangWork\PythonProjects\skp_parser\util\db_util.py - INFO - 数据库表初始化完成(skp_file/skp_project/skp_file_extra/skp_notice/skp_category_declared)
2026-09-01 11:21:24,392 - E:\STangWork\PythonProjects\skp_parser\run_single.py - INFO - 删除旧数据: 文件 0 条, 项目 0 条, 特有信息 0 条, 通知 0 条, 分类声明 0 条
2026-09-01 11:21:24,660 - E:\STangWork\PythonProjects\skp_parser\main.py - WARNING - 通知信息解析失败 市政办〔2022〕7号附件3.xlsx: No /Root object! - Is this really a PDF?
2026-09-01 11:21:27,383 - E:\STangWork\PythonProjects\skp_parser\run_single.py - INFO - OK: 市政办〔2022〕7号附件3.xlsx (file_id=1074, 项目 511 条)
2026-09-01 11:21:27,383 - E:\STangWork\PythonProjects\skp_parser\util\db_util.py - INFO - 数据库连接池已关闭
2026-09-01 11:22:12,277 - E:\STangWork\PythonProjects\skp_parser\run_single.py - INFO - 单文件处理: E:\STangWork\STangFiles\各省重点项目：2020年起\2020年重点项目\2020年各省市重点项目清单汇总：51.63万亿\29四川省2020年重点项目清单\2020年四川省重点项目清单.xlsx(上传 GoFast: False)
2026-09-01 11:22:12,286 - E:\STangWork\PythonProjects\skp_parser\util\db_util.py - INFO - 数据库连接池已创建: 127.0.0.1:3306/suidaobig
2026-09-01 11:22:12,407 - E:\STangWork\PythonProjects\skp_parser\util\db_util.py - INFO - 数据库表初始化完成(skp_file/skp_project/skp_file_extra/skp_notice/skp_category_declared)
2026-09-01 11:22:12,414 - E:\STangWork\PythonProjects\skp_parser\run_single.py - INFO - 删除旧数据: 文件 0 条, 项目 0 条, 特有信息 0 条, 通知 0 条, 分类声明 0 条
2026-09-01 11:22:13,788 - E:\STangWork\PythonProjects\skp_parser\main.py - WARNING - 分类校验[2020年四川省重点项目清单.xlsx] 基础设施项目: 标题声明 266 项,解析 235 项
2026-09-01 11:22:13,788 - E:\STangWork\PythonProjects\skp_parser\main.py - WARNING - 分类校验[2020年四川省重点项目清单.xlsx] 基础设施项目-交通: 标题声明 136 项,解析 140 项
2026-09-01 11:22:13,789 - E:\STangWork\PythonProjects\skp_parser\main.py - WARNING - 分类校验[2020年四川省重点项目清单.xlsx] 基础设施项目-交通-高速公路: 标题声明 41 项,解析 45 项
2026-09-01 11:22:13,789 - E:\STangWork\PythonProjects\skp_parser\main.py - WARNING - 分类校验[2020年四川省重点项目清单.xlsx] 基础设施项目-能源基础设施: 标题声明 7 项,解析 14 项
2026-09-01 11:22:13,790 - E:\STangWork\PythonProjects\skp_parser\main.py - WARNING - 分类校验[2020年四川省重点项目清单.xlsx] 基础设施项目-水利: 标题声明 13 项,解析 12 项
2026-09-01 11:22:16,279 - E:\STangWork\PythonProjects\skp_parser\run_single.py - INFO - OK: 2020年四川省重点项目清单.xlsx (file_id=1075, 项目 720 条)
2026-09-01 11:22:16,280 - E:\STangWork\PythonProjects\skp_parser\util\db_util.py - INFO - 数据库连接池已关闭
2026-09-01 11:23:10,287 - E:\STangWork\PythonProjects\skp_parser\run_single.py - INFO - 单文件处理: E:\STangWork\STangFiles\各省重点项目：2020年起\2022年重点项目\29四川省2022年重点项目清单\2022年绵阳市\绵阳市2022年省市重点项目名单.xlsx(上传 GoFast: False)
2026-09-01 11:23:10,302 - E:\STangWork\PythonProjects\skp_parser\util\db_util.py - INFO - 数据库连接池已创建: 127.0.0.1:3306/suidaobig
2026-09-01 11:23:10,549 - E:\STangWork\PythonProjects\skp_parser\util\db_util.py - INFO - 数据库表初始化完成(skp_file/skp_project/skp_file_extra/skp_notice/skp_category_declared)
2026-09-01 11:23:11,352 - E:\STangWork\PythonProjects\skp_parser\run_single.py - INFO - 删除旧数据: 文件 1 条, 项目 337 条, 特有信息 337 条, 通知 0 条, 分类声明 1 条
2026-09-01 11:23:11,557 - E:\STangWork\PythonProjects\skp_parser\main.py - WARNING - 分类校验[绵阳市2022年省市重点项目名单.xlsx] 科技城新区配套设施北部生态公园项目 科技城新区 （涪城区） 2022-2024年 市: 标题声明 300 项,解析 308 项
2026-09-01 11:23:15,233 - E:\STangWork\PythonProjects\skp_parser\run_single.py - INFO - OK: 绵阳市2022年省市重点项目名单.xlsx (file_id=1076, 项目 336 条)
2026-09-01 11:23:15,233 - E:\STangWork\PythonProjects\skp_parser\util\db_util.py - INFO - 数据库连接池已关闭
2026-09-01 11:24:48,606 - E:\STangWork\PythonProjects\skp_parser\run_single.py - INFO - 单文件处理: E:\STangWork\STangFiles\各省重点项目：2020年起\2022年重点项目\29四川省2022年重点项目清单\2022年绵阳市\绵阳市2022年省市重点项目名单.xlsx(上传 GoFast: False)
2026-09-01 11:24:48,616 - E:\STangWork\PythonProjects\skp_parser\util\db_util.py - INFO - 数据库连接池已创建: 127.0.0.1:3306/suidaobig
2026-09-01 11:24:48,755 - E:\STangWork\PythonProjects\skp_parser\util\db_util.py - INFO - 数据库表初始化完成(skp_file/skp_project/skp_file_extra/skp_notice/skp_category_declared)
2026-09-01 11:24:48,882 - E:\STangWork\PythonProjects\skp_parser\run_single.py - INFO - 删除旧数据: 文件 1 条, 项目 336 条, 特有信息 336 条, 通知 0 条, 分类声明 1 条
2026-09-01 11:24:49,059 - E:\STangWork\PythonProjects\skp_parser\main.py - WARNING - 分类校验[绵阳市2022年省市重点项目名单.xlsx] 科技城新区配套设施北部生态公园项目 科技城新区 （涪城区） 2022-2024年 市: 标题声明 300 项,解析 308 项
2026-09-01 11:24:53,383 - E:\STangWork\PythonProjects\skp_parser\run_single.py - INFO - OK: 绵阳市2022年省市重点项目名单.xlsx (file_id=1077, 项目 336 条)
2026-09-01 11:24:53,384 - E:\STangWork\PythonProjects\skp_parser\util\db_util.py - INFO - 数据库连接池已关闭
2026-09-01 11:30:30,351 - E:\STangWork\PythonProjects\skp_parser\run_single.py - INFO - 单文件处理: E:\STangWork\STangFiles\各省重点项目：2020年起\2025年重点项目\29四川省2025年重点项目清单\绵阳市2025年\绵府办函〔2025〕13号—绵阳市2025年城建工程项目名单.xlsx(上传 GoFast: False)
2026-09-01 11:30:30,380 - E:\STangWork\PythonProjects\skp_parser\util\db_util.py - INFO - 数据库连接池已创建: 127.0.0.1:3306/suidaobig
2026-09-01 11:30:30,586 - E:\STangWork\PythonProjects\skp_parser\util\db_util.py - INFO - 数据库表初始化完成(skp_file/skp_project/skp_file_extra/skp_notice/skp_category_declared)
2026-09-01 11:30:31,339 - E:\STangWork\PythonProjects\skp_parser\run_single.py - INFO - 删除旧数据: 文件 1 条, 项目 396 条, 特有信息 396 条, 通知 0 条, 分类声明 2 条
2026-09-01 11:33:07,461 - E:\STangWork\PythonProjects\skp_parser\parser\xlsx_parser.py - WARNING - E:\STangWork\STangFiles\各省重点项目：2020年起\2025年重点项目\29四川省2025年重点项目清单\绵阳市2025年\绵府办函〔2025〕13号—绵阳市2025年城建工程项目名单.xlsx[印发项目名单] 解析跳过: 
2026-09-01 11:33:07,951 - E:\STangWork\PythonProjects\skp_parser\main.py - WARNING - 通知信息解析失败 绵府办函〔2025〕13号—绵阳市2025年城建工程项目名单.xlsx: No /Root object! - Is this really a PDF?
2026-09-01 11:33:08,819 - E:\STangWork\PythonProjects\skp_parser\run_single.py - INFO - OK: 绵府办函〔2025〕13号—绵阳市2025年城建工程项目名单.xlsx (file_id=1078, 项目 0 条)
2026-09-01 11:33:08,820 - E:\STangWork\PythonProjects\skp_parser\util\db_util.py - INFO - 数据库连接池已关闭
2026-09-01 11:35:42,461 - E:\STangWork\PythonProjects\skp_parser\run_single.py - INFO - 单文件处理: E:\STangWork\STangFiles\各省重点项目：2020年起\2025年重点项目\29四川省2025年重点项目清单\绵阳市2025年\绵府办函〔2025〕13号—绵阳市2025年城建工程项目名单.xlsx(上传 GoFast: False)
2026-09-01 11:35:42,633 - E:\STangWork\PythonProjects\skp_parser\util\db_util.py - INFO - 数据库连接池已创建: 127.0.0.1:3306/suidaobig
2026-09-01 11:35:42,910 - E:\STangWork\PythonProjects\skp_parser\util\db_util.py - INFO - 数据库表初始化完成(skp_file/skp_project/skp_file_extra/skp_notice/skp_category_declared)
2026-09-01 11:35:43,166 - E:\STangWork\PythonProjects\skp_parser\run_single.py - INFO - 删除旧数据: 文件 1 条, 项目 0 条, 特有信息 0 条, 通知 0 条, 分类声明 0 条
2026-09-01 11:37:40,915 - E:\STangWork\PythonProjects\skp_parser\parser\xlsx_parser.py - WARNING - E:\STangWork\STangFiles\各省重点项目：2020年起\2025年重点项目\29四川省2025年重点项目清单\绵阳市2025年\绵府办函〔2025〕13号—绵阳市2025年城建工程项目名单.xlsx[印发项目名单] 解析跳过: 
2026-09-01 11:37:40,978 - E:\STangWork\PythonProjects\skp_parser\main.py - WARNING - 通知信息解析失败 绵府办函〔2025〕13号—绵阳市2025年城建工程项目名单.xlsx: No /Root object! - Is this really a PDF?
2026-09-01 11:37:41,111 - E:\STangWork\PythonProjects\skp_parser\run_single.py - INFO - OK: 绵府办函〔2025〕13号—绵阳市2025年城建工程项目名单.xlsx (file_id=1079, 项目 0 条)
2026-09-01 11:37:41,111 - E:\STangWork\PythonProjects\skp_parser\util\db_util.py - INFO - 数据库连接池已关闭
2026-09-01 11:41:35,921 - E:\STangWork\PythonProjects\skp_parser\run_single.py - INFO - 单文件处理: E:\STangWork\STangFiles\各省重点项目：2020年起\2025年重点项目\29四川省2025年重点项目清单\绵阳市2025年\绵府办函〔2025〕13号—绵阳市2025年城建工程项目名单.xlsx(上传 GoFast: False)
2026-09-01 11:41:35,962 - E:\STangWork\PythonProjects\skp_parser\util\db_util.py - INFO - 数据库连接池已创建: 127.0.0.1:3306/suidaobig
2026-09-01 11:41:36,122 - E:\STangWork\PythonProjects\skp_parser\util\db_util.py - INFO - 数据库表初始化完成(skp_file/skp_project/skp_file_extra/skp_notice/skp_category_declared)
2026-09-01 11:41:36,189 - E:\STangWork\PythonProjects\skp_parser\run_single.py - INFO - 删除旧数据: 文件 1 条, 项目 0 条, 特有信息 0 条, 通知 0 条, 分类声明 0 条
2026-09-01 11:43:03,584 - E:\STangWork\PythonProjects\skp_parser\run_single.py - INFO - 单文件处理: E:\STangWork\STangFiles\各省重点项目：2020年起\2025年重点项目\29四川省2025年重点项目清单\绵阳市2025年\绵府办函〔2025〕13号—绵阳市2025年城建工程项目名单.xlsx(上传 GoFast: False)
2026-09-01 11:43:03,602 - E:\STangWork\PythonProjects\skp_parser\util\db_util.py - INFO - 数据库连接池已创建: 127.0.0.1:3306/suidaobig
2026-09-01 11:43:03,897 - E:\STangWork\PythonProjects\skp_parser\util\db_util.py - INFO - 数据库表初始化完成(skp_file/skp_project/skp_file_extra/skp_notice/skp_category_declared)
2026-09-01 11:43:03,915 - E:\STangWork\PythonProjects\skp_parser\run_single.py - INFO - 删除旧数据: 文件 0 条, 项目 0 条, 特有信息 0 条, 通知 0 条, 分类声明 0 条
2026-09-01 11:43:09,529 - E:\STangWork\PythonProjects\skp_parser\parser\base_parser.py - INFO - 合并表头修正: project_name 列 3 → 4
2026-09-01 11:46:57,198 - E:\STangWork\PythonProjects\skp_parser\run_single.py - INFO - 单文件处理: E:\STangWork\STangFiles\各省重点项目：2020年起\2025年重点项目\29四川省2025年重点项目清单\绵阳市2025年\绵府办函〔2025〕13号—绵阳市2025年城建工程项目名单.xlsx(上传 GoFast: False)
2026-09-01 11:46:57,218 - E:\STangWork\PythonProjects\skp_parser\util\db_util.py - INFO - 数据库连接池已创建: 127.0.0.1:3306/suidaobig
2026-09-01 11:46:57,424 - E:\STangWork\PythonProjects\skp_parser\util\db_util.py - INFO - 数据库表初始化完成(skp_file/skp_project/skp_file_extra/skp_notice/skp_category_declared)
2026-09-01 11:46:57,471 - E:\STangWork\PythonProjects\skp_parser\run_single.py - INFO - 删除旧数据: 文件 0 条, 项目 0 条, 特有信息 0 条, 通知 0 条, 分类声明 0 条
2026-09-01 11:59:09,321 - E:\STangWork\PythonProjects\skp_parser\run_single.py - INFO - 单文件处理: E:\STangWork\STangFiles\各省重点项目：2020年起\2025年重点项目\29四川省2025年重点项目清单\绵阳市2025年\绵府办函〔2025〕13号—绵阳市2025年城建工程项目名单.xlsx(上传 GoFast: False)
2026-09-01 11:59:09,330 - E:\STangWork\PythonProjects\skp_parser\util\db_util.py - INFO - 数据库连接池已创建: 127.0.0.1:3306/suidaobig
2026-09-01 11:59:09,487 - E:\STangWork\PythonProjects\skp_parser\util\db_util.py - INFO - 数据库表初始化完成(skp_file/skp_project/skp_file_extra/skp_notice/skp_category_declared)
2026-09-01 11:59:09,489 - E:\STangWork\PythonProjects\skp_parser\run_single.py - INFO - 删除旧数据: 文件 0 条, 项目 0 条, 特有信息 0 条, 通知 0 条, 分类声明 0 条
2026-09-01 11:59:10,111 - E:\STangWork\PythonProjects\skp_parser\main.py - WARNING - 分类校验[绵府办函〔2025〕13号—绵阳市2025年城建工程项目名单.xlsx] 园林绿化项目 涪城区 科技城新区（涪城区属）配套设施北部生态公园项目 涪城区 2024-2026: 标题声明 300 项,解析 0 项
2026-09-01 11:59:10,111 - E:\STangWork\PythonProjects\skp_parser\main.py - WARNING - 分类校验[绵府办函〔2025〕13号—绵阳市2025年城建工程项目名单.xlsx] 各县（市）: 标题声明 300 项,解析 0 项
2026-09-01 11:59:10,117 - E:\STangWork\PythonProjects\skp_parser\main.py - WARNING - 通知信息解析失败 绵府办函〔2025〕13号—绵阳市2025年城建工程项目名单.xlsx: No /Root object! - Is this really a PDF?
2026-09-01 11:59:13,232 - E:\STangWork\PythonProjects\skp_parser\run_single.py - INFO - OK: 绵府办函〔2025〕13号—绵阳市2025年城建工程项目名单.xlsx (file_id=1080, 项目 375 条)
2026-09-01 11:59:13,233 - E:\STangWork\PythonProjects\skp_parser\util\db_util.py - INFO - 数据库连接池已关闭
2026-09-01 13:52:06,157 - E:\STangWork\PythonProjects\skp_parser\run_single.py - INFO - 单文件处理: E:\STangWork\STangFiles\各省重点项目：2020年起\2023年重点项目\28陕西省2023年重点项目清单\2023年渭南市\渭南市2023年重点建设项目计划.xlsx(上传 GoFast: False)
2026-09-01 13:52:06,202 - E:\STangWork\PythonProjects\skp_parser\util\db_util.py - INFO - 数据库连接池已创建: 127.0.0.1:3306/suidaobig
2026-09-01 13:52:06,402 - E:\STangWork\PythonProjects\skp_parser\util\db_util.py - INFO - 数据库表初始化完成(skp_file/skp_project/skp_file_extra/skp_notice/skp_category_declared)
2026-09-01 13:52:09,828 - E:\STangWork\PythonProjects\skp_parser\run_single.py - INFO - 删除旧数据: 文件 1 条, 项目 707 条, 特有信息 707 条, 通知 0 条, 分类声明 0 条
2026-09-01 13:52:14,152 - E:\STangWork\PythonProjects\skp_parser\run_single.py - INFO - OK: 渭南市2023年重点建设项目计划.xlsx (file_id=1081, 项目 708 条)
2026-09-01 13:52:14,153 - E:\STangWork\PythonProjects\skp_parser\util\db_util.py - INFO - 数据库连接池已关闭
2026-09-01 13:54:20,991 - E:\STangWork\PythonProjects\skp_parser\run_single.py - INFO - 单文件处理: E:\STangWork\STangFiles\各省重点项目：2020年起\2023年重点项目\28陕西省2023年重点项目清单\2023年渭南市\渭南市2023年重点建设项目计划.xlsx(上传 GoFast: False)
2026-09-01 13:54:21,009 - E:\STangWork\PythonProjects\skp_parser\util\db_util.py - INFO - 数据库连接池已创建: 127.0.0.1:3306/suidaobig
2026-09-01 13:54:21,204 - E:\STangWork\PythonProjects\skp_parser\util\db_util.py - INFO - 数据库表初始化完成(skp_file/skp_project/skp_file_extra/skp_notice/skp_category_declared)
2026-09-01 13:54:22,369 - E:\STangWork\PythonProjects\skp_parser\run_single.py - INFO - 删除旧数据: 文件 1 条, 项目 708 条, 特有信息 708 条, 通知 0 条, 分类声明 0 条
2026-09-01 14:35:52,086 - E:\STangWork\PythonProjects\skp_parser\run_single.py - INFO - 单文件处理: E:\STangWork\STangFiles\各省重点项目：2020年起\2023年重点项目\28陕西省2023年重点项目清单\2023年渭南市\渭南市2023年重点建设项目计划.xlsx(上传 GoFast: False)
2026-09-01 14:35:52,094 - E:\STangWork\PythonProjects\skp_parser\util\db_util.py - INFO - 数据库连接池已创建: 127.0.0.1:3306/suidaobig
2026-09-01 14:35:52,305 - E:\STangWork\PythonProjects\skp_parser\util\db_util.py - INFO - 数据库表初始化完成(skp_file/skp_project/skp_file_extra/skp_notice/skp_category_declared)
2026-09-01 14:35:52,351 - E:\STangWork\PythonProjects\skp_parser\run_single.py - INFO - 删除旧数据: 文件 0 条, 项目 0 条, 特有信息 0 条, 通知 0 条, 分类声明 0 条
2026-09-01 14:35:55,675 - E:\STangWork\PythonProjects\skp_parser\run_single.py - INFO - OK: 渭南市2023年重点建设项目计划.xlsx (file_id=1082, 项目 709 条)
2026-09-01 14:35:55,675 - E:\STangWork\PythonProjects\skp_parser\util\db_util.py - INFO - 数据库连接池已关闭
2026-09-01 14:38:07,146 - E:\STangWork\PythonProjects\skp_parser\run_single.py - INFO - 单文件处理: E:\STangWork\STangFiles\各省重点项目：2020年起\2026年重点项目\12甘肃省2026年重点项目清单\2026年金昌市\金政办发〔2025〕68号 附件3 2026年金昌市招商引资投资机会清单.xlsx(上传 GoFast: False)
2026-09-01 14:38:07,215 - E:\STangWork\PythonProjects\skp_parser\util\db_util.py - INFO - 数据库连接池已创建: 127.0.0.1:3306/suidaobig
2026-09-01 14:38:07,325 - E:\STangWork\PythonProjects\skp_parser\util\db_util.py - INFO - 数据库表初始化完成(skp_file/skp_project/skp_file_extra/skp_notice/skp_category_declared)
2026-09-01 14:38:07,816 - E:\STangWork\PythonProjects\skp_parser\run_single.py - INFO - 删除旧数据: 文件 1 条, 项目 174 条, 特有信息 174 条, 通知 0 条, 分类声明 0 条
2026-09-01 14:38:07,956 - E:\STangWork\PythonProjects\skp_parser\main.py - WARNING - 通知信息解析失败 金政办发〔2025〕68号 附件3 2026年金昌市招商引资投资机会清单.xlsx: No /Root object! - Is this really a PDF?
2026-09-01 14:38:09,044 - E:\STangWork\PythonProjects\skp_parser\run_single.py - INFO - OK: 金政办发〔2025〕68号 附件3 2026年金昌市招商引资投资机会清单.xlsx (file_id=1083, 项目 176 条)
2026-09-01 14:38:09,044 - E:\STangWork\PythonProjects\skp_parser\util\db_util.py - INFO - 数据库连接池已关闭
2026-09-01 14:38:38,027 - E:\STangWork\PythonProjects\skp_parser\run_single.py - INFO - 单文件处理: E:\STangWork\STangFiles\各省重点项目：2020年起\2025年重点项目\31浙江省2025年重点项目清单\丽水市2025年\附件2：丽水市2025年市本级政府投资数字化项目计划表.xlsx(上传 GoFast: False)
2026-09-01 14:38:38,084 - E:\STangWork\PythonProjects\skp_parser\util\db_util.py - INFO - 数据库连接池已创建: 127.0.0.1:3306/suidaobig
2026-09-01 14:38:38,425 - E:\STangWork\PythonProjects\skp_parser\util\db_util.py - INFO - 数据库表初始化完成(skp_file/skp_project/skp_file_extra/skp_notice/skp_category_declared)
2026-09-01 14:38:39,236 - E:\STangWork\PythonProjects\skp_parser\run_single.py - INFO - 删除旧数据: 文件 1 条, 项目 66 条, 特有信息 8 条, 通知 0 条, 分类声明 0 条
2026-09-01 14:38:43,300 - E:\STangWork\PythonProjects\skp_parser\run_single.py - INFO - OK: 附件2：丽水市2025年市本级政府投资数字化项目计划表.xlsx (file_id=1084, 项目 67 条)
2026-09-01 14:38:43,300 - E:\STangWork\PythonProjects\skp_parser\util\db_util.py - INFO - 数据库连接池已关闭
2026-09-01 14:40:45,449 - E:\STangWork\PythonProjects\skp_parser\run_single.py - INFO - 单文件处理: E:\STangWork\STangFiles\各省重点项目：2020年起\2026年重点项目\12甘肃省2026年重点项目清单\2026年金昌市\金政办发〔2025〕68号 附件3 2026年金昌市招商引资投资机会清单.xlsx(上传 GoFast: False)
2026-09-01 14:40:45,457 - E:\STangWork\PythonProjects\skp_parser\util\db_util.py - INFO - 数据库连接池已创建: 127.0.0.1:3306/suidaobig
2026-09-01 14:40:45,648 - E:\STangWork\PythonProjects\skp_parser\util\db_util.py - INFO - 数据库表初始化完成(skp_file/skp_project/skp_file_extra/skp_notice/skp_category_declared)
2026-09-01 14:40:46,262 - E:\STangWork\PythonProjects\skp_parser\run_single.py - INFO - 删除旧数据: 文件 1 条, 项目 176 条, 特有信息 176 条, 通知 0 条, 分类声明 0 条
2026-09-01 14:40:46,436 - E:\STangWork\PythonProjects\skp_parser\main.py - WARNING - 通知信息解析失败 金政办发〔2025〕68号 附件3 2026年金昌市招商引资投资机会清单.xlsx: No /Root object! - Is this really a PDF?
2026-09-01 14:40:49,110 - E:\STangWork\PythonProjects\skp_parser\run_single.py - INFO - OK: 金政办发〔2025〕68号 附件3 2026年金昌市招商引资投资机会清单.xlsx (file_id=1085, 项目 176 条)
2026-09-01 14:40:49,111 - E:\STangWork\PythonProjects\skp_parser\util\db_util.py - INFO - 数据库连接池已关闭
2026-09-01 14:46:38,442 - E:\STangWork\PythonProjects\skp_parser\batch_test.py - INFO - 批量测试: E:\STangWork\STangFiles\各省重点项目：2020年起\2022年重点项目\05广西自治区2022年重点项目清单\2022年桂林市 下 xlsx 文件 4 个(上传 GoFast: False)
2026-09-01 14:46:38,458 - E:\STangWork\PythonProjects\skp_parser\util\db_util.py - INFO - 数据库连接池已创建: 127.0.0.1:3306/suidaobig
2026-09-01 14:46:38,633 - E:\STangWork\PythonProjects\skp_parser\util\db_util.py - INFO - 数据库表初始化完成(skp_file/skp_project/skp_file_extra/skp_notice/skp_category_declared)
2026-09-01 14:46:39,280 - E:\STangWork\PythonProjects\skp_parser\batch_test.py - INFO - 清除旧数据: 市政办〔2022〕7号附件1.xlsx(文件 1 条, 项目 242 条, 特有信息 241 条, 通知 0 条, 分类声明 0 条)
2026-09-01 14:46:39,405 - E:\STangWork\PythonProjects\skp_parser\main.py - WARNING - 通知信息解析失败 市政办〔2022〕7号附件1.xlsx: No /Root object! - Is this really a PDF?
2026-09-01 14:46:42,906 - E:\STangWork\PythonProjects\skp_parser\batch_test.py - INFO - OK: 市政办〔2022〕7号附件1.xlsx (file_id=1086, 项目 242 条)
2026-09-01 14:46:43,422 - E:\STangWork\PythonProjects\skp_parser\batch_test.py - INFO - 清除旧数据: 市政办〔2022〕7号附件2.xlsx(文件 1 条, 项目 186 条, 特有信息 185 条, 通知 0 条, 分类声明 0 条)
2026-09-01 14:46:43,539 - E:\STangWork\PythonProjects\skp_parser\main.py - WARNING - 通知信息解析失败 市政办〔2022〕7号附件2.xlsx: No /Root object! - Is this really a PDF?
2026-09-01 14:46:45,905 - E:\STangWork\PythonProjects\skp_parser\batch_test.py - INFO - OK: 市政办〔2022〕7号附件2.xlsx (file_id=1087, 项目 186 条)
2026-09-01 14:46:46,266 - E:\STangWork\PythonProjects\skp_parser\batch_test.py - INFO - 清除旧数据: 市政办〔2022〕7号附件3.xlsx(文件 1 条, 项目 511 条, 特有信息 510 条, 通知 0 条, 分类声明 0 条)
2026-09-01 14:46:46,547 - E:\STangWork\PythonProjects\skp_parser\main.py - WARNING - 通知信息解析失败 市政办〔2022〕7号附件3.xlsx: No /Root object! - Is this really a PDF?
2026-09-01 14:46:51,359 - E:\STangWork\PythonProjects\skp_parser\batch_test.py - INFO - OK: 市政办〔2022〕7号附件3.xlsx (file_id=1088, 项目 511 条)
2026-09-01 14:46:53,877 - E:\STangWork\PythonProjects\skp_parser\batch_test.py - INFO - 清除旧数据: 市政办〔2022〕7号附件4.xlsx(文件 1 条, 项目 112 条, 特有信息 111 条, 通知 0 条, 分类声明 0 条)
2026-09-01 14:46:53,964 - E:\STangWork\PythonProjects\skp_parser\main.py - WARNING - 通知信息解析失败 市政办〔2022〕7号附件4.xlsx: No /Root object! - Is this really a PDF?
2026-09-01 14:46:54,708 - E:\STangWork\PythonProjects\skp_parser\batch_test.py - INFO - OK: 市政办〔2022〕7号附件4.xlsx (file_id=1089, 项目 112 条)
2026-09-01 14:46:54,708 - E:\STangWork\PythonProjects\skp_parser\util\db_util.py - INFO - 数据库连接池已关闭
2026-09-01 14:46:54,709 - E:\STangWork\PythonProjects\skp_parser\batch_test.py - INFO - ========================================
2026-09-01 14:46:54,709 - E:\STangWork\PythonProjects\skp_parser\batch_test.py - INFO - 批量测试完成: xlsx 共 4 个
2026-09-01 14:46:54,709 - E:\STangWork\PythonProjects\skp_parser\batch_test.py - INFO - 成功: 4 个, 入库项目 1051 条 | 失败: 0 个 | 跳过: 0 个
2026-09-01 14:46:54,709 - E:\STangWork\PythonProjects\skp_parser\batch_test.py - INFO - ========================================
2026-09-01 14:49:51,065 - E:\STangWork\PythonProjects\skp_parser\batch_test.py - INFO - 批量测试: E:\STangWork\STangFiles\各省重点项目：2020年起 下 xlsx 文件 325 个(上传 GoFast: False)
2026-09-01 14:49:51,071 - E:\STangWork\PythonProjects\skp_parser\util\db_util.py - INFO - 数据库连接池已创建: 127.0.0.1:3306/suidaobig
2026-09-01 14:49:51,646 - E:\STangWork\PythonProjects\skp_parser\util\db_util.py - INFO - 数据库表初始化完成(skp_file/skp_project/skp_file_extra/skp_notice/skp_category_declared)
2026-09-01 14:49:53,153 - E:\STangWork\PythonProjects\skp_parser\batch_test.py - INFO - 清除旧数据: 北京市2020年重点工程计划.xlsx(文件 1 条, 项目 300 条, 特有信息 300 条, 通知 0 条, 分类声明 2 条)
2026-09-01 14:50:00,104 - E:\STangWork\PythonProjects\skp_parser\batch_test.py - INFO - OK: 北京市2020年重点工程计划.xlsx (file_id=1090, 项目 300 条)
2026-09-01 14:50:02,512 - E:\STangWork\PythonProjects\skp_parser\batch_test.py - INFO - 清除旧数据: 重庆2020重大基础设施项目清单.xlsx(文件 1 条, 项目 1185 条, 特有信息 924 条, 通知 0 条, 分类声明 0 条)
2026-09-01 14:50:10,567 - E:\STangWork\PythonProjects\skp_parser\batch_test.py - INFO - OK: 重庆2020重大基础设施项目清单.xlsx (file_id=1091, 项目 1185 条)
2026-09-01 14:50:15,902 - E:\STangWork\PythonProjects\skp_parser\batch_test.py - INFO - 清除旧数据: 2020年内蒙古自治区重点经济合作项目.xlsx(文件 1 条, 项目 190 条, 特有信息 190 条, 通知 0 条, 分类声明 11 条)
2026-09-01 14:50:17,168 - E:\STangWork\PythonProjects\skp_parser\main.py - WARNING - 分类校验[2020年内蒙古自治区重点经济合作项目.xlsx] 装备制造: 标题声明 12 项,解析 11 项
2026-09-01 14:50:17,168 - E:\STangWork\PythonProjects\skp_parser\main.py - WARNING - 分类校验[2020年内蒙古自治区重点经济合作项目.xlsx] 战略性新兴产业: 标题声明 30 项,解析 29 项
2026-09-01 14:50:17,168 - E:\STangWork\PythonProjects\skp_parser\main.py - WARNING - 分类校验[2020年内蒙古自治区重点经济合作项目.xlsx] 能源: 标题声明 2 项,解析 1 项
2026-09-01 14:50:17,168 - E:\STangWork\PythonProjects\skp_parser\main.py - WARNING - 分类校验[2020年内蒙古自治区重点经济合作项目.xlsx] 化工: 标题声明 18 项,解析 17 项
2026-09-01 14:50:17,169 - E:\STangWork\PythonProjects\skp_parser\main.py - WARNING - 分类校验[2020年内蒙古自治区重点经济合作项目.xlsx] 建材: 标题声明 10 项,解析 9 项
2026-09-01 14:50:17,169 - E:\STangWork\PythonProjects\skp_parser\main.py - WARNING - 分类校验[2020年内蒙古自治区重点经济合作项目.xlsx] 冶金: 标题声明 6 项,解析 5 项
2026-09-01 14:50:17,169 - E:\STangWork\PythonProjects\skp_parser\main.py - WARNING - 分类校验[2020年内蒙古自治区重点经济合作项目.xlsx] 绿色农畜产品生产加工: 标题声明 40 项,解析 39 项
2026-09-01 14:50:17,169 - E:\STangWork\PythonProjects\skp_parser\main.py - WARNING - 分类校验[2020年内蒙古自治区重点经济合作项目.xlsx] 文化旅游: 标题声明 39 项,解析 38 项
2026-09-01 14:50:17,169 - E:\STangWork\PythonProjects\skp_parser\main.py - WARNING - 分类校验[2020年内蒙古自治区重点经济合作项目.xlsx] 现代服务: 标题声明 8 项,解析 7 项
2026-09-01 14:50:17,170 - E:\STangWork\PythonProjects\skp_parser\main.py - WARNING - 分类校验[2020年内蒙古自治区重点经济合作项目.xlsx] 物流: 标题声明 12 项,解析 11 项
2026-09-01 14:50:17,170 - E:\STangWork\PythonProjects\skp_parser\main.py - WARNING - 分类校验[2020年内蒙古自治区重点经济合作项目.xlsx] 基础设施: 标题声明 21 项,解析 15 项
2026-09-01 14:50:21,703 - E:\STangWork\PythonProjects\skp_parser\batch_test.py - INFO - OK: 2020年内蒙古自治区重点经济合作项目.xlsx (file_id=1092, 项目 182 条)
2026-09-01 14:50:27,941 - E:\STangWork\PythonProjects\skp_parser\parser\base_parser.py - INFO - 合并表头修正: project_name 列 0 → 1
2026-09-01 14:50:27,960 - E:\STangWork\PythonProjects\skp_parser\main.py - WARNING - 分类校验[2020年宁夏全区重大项目清单（最新）.xlsx] 其他-拟建项目: 标题声明 38 项,解析 0 项
2026-09-01 14:50:27,961 - E:\STangWork\PythonProjects\skp_parser\main.py - WARNING - 分类校验[2020年宁夏全区重大项目清单（最新）.xlsx] 产业融合-拟建项目: 标题声明 20 项,解析 0 项
2026-09-01 14:50:27,961 - E:\STangWork\PythonProjects\skp_parser\main.py - WARNING - 分类校验[2020年宁夏全区重大项目清单（最新）.xlsx] 现代畜牧业-拟建项目: 标题声明 2 项,解析 0 项
2026-09-01 14:50:27,961 - E:\STangWork\PythonProjects\skp_parser\main.py - WARNING - 分类校验[2020年宁夏全区重大项目清单（最新）.xlsx] 交通枢纽-拟建项目: 标题声明 6 项,解析 0 项
2026-09-01 14:50:27,961 - E:\STangWork\PythonProjects\skp_parser\main.py - WARNING - 分类校验[2020年宁夏全区重大项目清单（最新）.xlsx] 林业建设-拟建项目: 标题声明 8 项,解析 0 项
2026-09-01 14:50:27,961 - E:\STangWork\PythonProjects\skp_parser\main.py - WARNING - 分类校验[2020年宁夏全区重大项目清单（最新）.xlsx] 物流配送-拟建项目: 标题声明 20 项,解析 0 项
2026-09-01 14:50:27,961 - E:\STangWork\PythonProjects\skp_parser\main.py - WARNING - 分类校验[2020年宁夏全区重大项目清单（最新）.xlsx] 其他综合基础设施-拟建项目: 标题声明 4 项,解析 0 项
2026-09-01 14:50:27,961 - E:\STangWork\PythonProjects\skp_parser\main.py - WARNING - 分类校验[2020年宁夏全区重大项目清单（最新）.xlsx] 污水垃圾处理-拟建项目: 标题声明 9 项,解析 0 项
2026-09-01 14:50:27,962 - E:\STangWork\PythonProjects\skp_parser\main.py - WARNING - 分类校验[2020年宁夏全区重大项目清单（最新）.xlsx] 消防应急设施-拟建项目: 标题声明 2 项,解析 0 项
2026-09-01 14:50:27,962 - E:\STangWork\PythonProjects\skp_parser\main.py - WARNING - 分类校验[2020年宁夏全区重大项目清单（最新）.xlsx] 标注▲2018年重点建设项目结转: 标题声明 35 项,解析 9 项
2026-09-01 14:50:30,934 - E:\STangWork\PythonProjects\skp_parser\batch_test.py - INFO - OK: 2020年宁夏全区重大项目清单（最新）.xlsx (file_id=1093, 项目 833 条)
2026-09-01 14:50:32,758 - E:\STangWork\PythonProjects\skp_parser\batch_test.py - INFO - 清除旧数据: 2020年宁夏自治区重点项目投资计划.xlsx(文件 1 条, 项目 211 条, 特有信息 211 条, 通知 0 条, 分类声明 17 条)
2026-09-01 14:50:35,124 - E:\STangWork\PythonProjects\skp_parser\parser\base_parser.py - INFO - 合并表头修正: project_name 列 0 → 1
2026-09-01 14:50:35,138 - E:\STangWork\PythonProjects\skp_parser\main.py - WARNING - 分类校验[2020年宁夏自治区重点项目投资计划.xlsx] 标注▲2018年重点建设项目结转: 标题声明 35 项,解析 9 项
2026-09-01 14:50:35,959 - E:\STangWork\PythonProjects\skp_parser\batch_test.py - INFO - OK: 2020年宁夏自治区重点项目投资计划.xlsx (file_id=1094, 项目 210 条)
2026-09-01 14:50:36,900 - E:\STangWork\PythonProjects\skp_parser\batch_test.py - INFO - 清除旧数据: 海南省2020年重点预备项目投资计划.xlsx(文件 1 条, 项目 64 条, 特有信息 0 条, 通知 0 条, 分类声明 1 条)
2026-09-01 14:50:39,096 - E:\STangWork\PythonProjects\skp_parser\batch_test.py - INFO - OK: 海南省2020年重点预备项目投资计划.xlsx (file_id=1095, 项目 56 条)
2026-09-01 14:50:40,554 - E:\STangWork\PythonProjects\skp_parser\batch_test.py - INFO - 清除旧数据: 2020年山东省重大准备项目名单.xlsx(文件 1 条, 项目 88 条, 特有信息 0 条, 通知 0 条, 分类声明 0 条)
2026-09-01 14:50:41,700 - E:\STangWork\PythonProjects\skp_parser\batch_test.py - INFO - OK: 2020年山东省重大准备项目名单.xlsx (file_id=1096, 项目 87 条)
2026-09-01 14:50:43,032 - E:\STangWork\PythonProjects\skp_parser\batch_test.py - INFO - 清除旧数据: 2020年山东省重大建设项目名单.xlsx(文件 1 条, 项目 233 条, 特有信息 0 条, 通知 0 条, 分类声明 0 条)
2026-09-01 14:50:46,542 - E:\STangWork\PythonProjects\skp_parser\batch_test.py - INFO - OK: 2020年山东省重大建设项目名单.xlsx (file_id=1097, 项目 232 条)
2026-09-01 14:50:49,104 - E:\STangWork\PythonProjects\skp_parser\batch_test.py - INFO - 清除旧数据: 2020年四川省重点项目清单-整理版.xlsx(文件 1 条, 项目 721 条, 特有信息 30 条, 通知 0 条, 分类声明 33 条)
2026-09-01 14:50:50,591 - E:\STangWork\PythonProjects\skp_parser\main.py - WARNING - 分类校验[2020年四川省重点项目清单-整理版.xlsx] 基础设施项目: 标题声明 266 项,解析 235 项
2026-09-01 14:50:50,592 - E:\STangWork\PythonProjects\skp_parser\main.py - WARNING - 分类校验[2020年四川省重点项目清单-整理版.xlsx] 基础设施项目-交通: 标题声明 136 项,解析 140 项
2026-09-01 14:50:50,592 - E:\STangWork\PythonProjects\skp_parser\main.py - WARNING - 分类校验[2020年四川省重点项目清单-整理版.xlsx] 基础设施项目-交通-高速公路: 标题声明 41 项,解析 45 项
2026-09-01 14:50:50,592 - E:\STangWork\PythonProjects\skp_parser\main.py - WARNING - 分类校验[2020年四川省重点项目清单-整理版.xlsx] 基础设施项目-能源基础设施: 标题声明 7 项,解析 14 项
2026-09-01 14:50:50,592 - E:\STangWork\PythonProjects\skp_parser\main.py - WARNING - 分类校验[2020年四川省重点项目清单-整理版.xlsx] 基础设施项目-水利: 标题声明 13 项,解析 12 项
2026-09-01 14:51:02,981 - E:\STangWork\PythonProjects\skp_parser\batch_test.py - INFO - OK: 2020年四川省重点项目清单-整理版.xlsx (file_id=1098, 项目 720 条)
2026-09-01 14:51:09,330 - E:\STangWork\PythonProjects\skp_parser\batch_test.py - INFO - 清除旧数据: 2020年四川省重点项目清单.xlsx(文件 1 条, 项目 720 条, 特有信息 30 条, 通知 0 条, 分类声明 26 条)
2026-09-01 14:51:10,667 - E:\STangWork\PythonProjects\skp_parser\main.py - WARNING - 分类校验[2020年四川省重点项目清单.xlsx] 基础设施项目: 标题声明 266 项,解析 235 项
2026-09-01 14:51:10,667 - E:\STangWork\PythonProjects\skp_parser\main.py - WARNING - 分类校验[2020年四川省重点项目清单.xlsx] 基础设施项目-交通: 标题声明 136 项,解析 140 项
2026-09-01 14:51:10,667 - E:\STangWork\PythonProjects\skp_parser\main.py - WARNING - 分类校验[2020年四川省重点项目清单.xlsx] 基础设施项目-交通-高速公路: 标题声明 41 项,解析 45 项
2026-09-01 14:51:10,667 - E:\STangWork\PythonProjects\skp_parser\main.py - WARNING - 分类校验[2020年四川省重点项目清单.xlsx] 基础设施项目-能源基础设施: 标题声明 7 项,解析 14 项
2026-09-01 14:51:10,667 - E:\STangWork\PythonProjects\skp_parser\main.py - WARNING - 分类校验[2020年四川省重点项目清单.xlsx] 基础设施项目-水利: 标题声明 13 项,解析 12 项
2026-09-01 14:51:21,546 - E:\STangWork\PythonProjects\skp_parser\batch_test.py - INFO - OK: 2020年四川省重点项目清单.xlsx (file_id=1099, 项目 720 条)
2026-09-01 14:51:25,996 - E:\STangWork\PythonProjects\skp_parser\batch_test.py - INFO - 清除旧数据: 北京市2021年重点工程计划.xlsx(文件 1 条, 项目 600 条, 特有信息 300 条, 通知 0 条, 分类声明 0 条)
2026-09-01 14:51:26,430 - E:\STangWork\PythonProjects\skp_parser\main.py - WARNING - 分类校验[北京市2021年重点工程计划.xlsx] 基础设施项目-国铁: 标题声明 4 项,解析 8 项
2026-09-01 14:51:26,431 - E:\STangWork\PythonProjects\skp_parser\main.py - WARNING - 分类校验[北京市2021年重点工程计划.xlsx] 基础设施项目-城市道路: 标题声明 19 项,解析 38 项
2026-09-01 14:51:26,431 - E:\STangWork\PythonProjects\skp_parser\main.py - WARNING - 分类校验[北京市2021年重点工程计划.xlsx] 基础设施项目-水务工程: 标题声明 11 项,解析 22 项
2026-09-01 14:51:26,431 - E:\STangWork\PythonProjects\skp_parser\main.py - WARNING - 分类校验[北京市2021年重点工程计划.xlsx] 基础设施项目-固液态废物处理设施: 标题声明 5 项,解析 10 项
2026-09-01 14:51:26,431 - E:\STangWork\PythonProjects\skp_parser\main.py - WARNING - 分类校验[北京市2021年重点工程计划.xlsx] 基础设施项目-城市应急保障设施: 标题声明 5 项,解析 10 项
2026-09-01 14:51:36,349 - E:\STangWork\PythonProjects\skp_parser\batch_test.py - INFO - OK: 北京市2021年重点工程计划.xlsx (file_id=1100, 项目 600 条)
2026-09-01 14:51:40,358 - E:\STangWork\PythonProjects\skp_parser\batch_test.py - INFO - 清除旧数据: 2021年上海市重大建设项目清单.xlsx(文件 1 条, 项目 215 条, 特有信息 199 条, 通知 0 条, 分类声明 15 条)
2026-09-01 14:51:40,534 - E:\STangWork\PythonProjects\skp_parser\main.py - WARNING - 分类校验[2021年上海市重大建设项目清单.xlsx] 社会民生类: 标题声明 9 项,解析 31 项
2026-09-01 14:51:40,534 - E:\STangWork\PythonProjects\skp_parser\main.py - WARNING - 分类校验[2021年上海市重大建设项目清单.xlsx] 社会民生类-教育: 标题声明 8 项,解析 31 项
2026-09-01 14:51:40,535 - E:\STangWork\PythonProjects\skp_parser\main.py - WARNING - 分类校验[2021年上海市重大建设项目清单.xlsx] 生态文明建设类: 标题声明 8 项,解析 12 项
2026-09-01 14:51:40,535 - E:\STangWork\PythonProjects\skp_parser\main.py - WARNING - 分类校验[2021年上海市重大建设项目清单.xlsx] 城市基础设施类: 标题声明 8 项,解析 58 项
2026-09-01 14:51:40,535 - E:\STangWork\PythonProjects\skp_parser\main.py - WARNING - 分类校验[2021年上海市重大建设项目清单.xlsx] 城乡融合与乡村振兴类: 标题声明 8 项,解析 13 项
2026-09-01 14:51:44,481 - E:\STangWork\PythonProjects\skp_parser\batch_test.py - INFO - OK: 2021年上海市重大建设项目清单.xlsx (file_id=1101, 项目 220 条)
2026-09-01 14:51:46,355 - E:\STangWork\PythonProjects\skp_parser\batch_test.py - INFO - 清除旧数据: 附件2 2021年第一批自治区层面统筹推进重大项目（续建）进度目标责任表（调整后）.xlsx(文件 1 条, 项目 1232 条, 特有信息 882 条, 通知 0 条, 分类声明 0 条)
2026-09-01 14:51:54,748 - E:\STangWork\PythonProjects\skp_parser\batch_test.py - INFO - OK: 附件2 2021年第一批自治区层面统筹推进重大项目（续建）进度目标责任表（调整后）.xlsx (file_id=1102, 项目 1232 条)
2026-09-01 14:52:00,250 - E:\STangWork\PythonProjects\skp_parser\batch_test.py - INFO - 清除旧数据: 附件2 2021年第二批自治区层面统筹推进重大项目（续建）进度目标责任表.xlsx(文件 1 条, 项目 399 条, 特有信息 399 条, 通知 0 条, 分类声明 0 条)
2026-09-01 14:52:05,553 - E:\STangWork\PythonProjects\skp_parser\batch_test.py - INFO - OK: 附件2 2021年第二批自治区层面统筹推进重大项目（续建）进度目标责任表.xlsx (file_id=1103, 项目 399 条)
2026-09-01 14:52:10,452 - E:\STangWork\PythonProjects\skp_parser\batch_test.py - INFO - 清除旧数据: 附件2 2021年第三批自治区层面统筹推进重大项目（续建）进度目标责任表.xlsx(文件 1 条, 项目 380 条, 特有信息 380 条, 通知 0 条, 分类声明 0 条)
2026-09-01 14:52:15,897 - E:\STangWork\PythonProjects\skp_parser\batch_test.py - INFO - OK: 附件2 2021年第三批自治区层面统筹推进重大项目（续建）进度目标责任表.xlsx (file_id=1104, 项目 381 条)
2026-09-01 14:52:16,529 - E:\STangWork\PythonProjects\skp_parser\batch_test.py - INFO - 清除旧数据: 2.2021年第四批自治区层面统筹推进重大项目（续建）进度目标责任表.xlsx(文件 1 条, 项目 30 条, 特有信息 30 条, 通知 0 条, 分类声明 0 条)
2026-09-01 14:52:17,223 - E:\STangWork\PythonProjects\skp_parser\batch_test.py - INFO - OK: 2.2021年第四批自治区层面统筹推进重大项目（续建）进度目标责任表.xlsx (file_id=1105, 项目 30 条)
2026-09-01 14:52:20,065 - E:\STangWork\PythonProjects\skp_parser\batch_test.py - INFO - 清除旧数据: 内蒙古自治区2021年重点经济合作项目.xlsx(文件 1 条, 项目 380 条, 特有信息 380 条, 通知 0 条, 分类声明 0 条)
2026-09-01 14:52:20,169 - E:\STangWork\PythonProjects\skp_parser\parser\xlsx_parser.py - WARNING - E:\STangWork\STangFiles\各省重点项目：2020年起\2021年重点项目\06内蒙古自治区2021年重点项目清单\内蒙古自治区2021年重点经济合作项目.xlsx[Sheet1]: 前 20 行未找到表头,跳过
2026-09-01 14:52:21,958 - E:\STangWork\PythonProjects\skp_parser\batch_test.py - INFO - OK: 内蒙古自治区2021年重点经济合作项目.xlsx (file_id=1106, 项目 374 条)
2026-09-01 14:52:23,451 - E:\STangWork\PythonProjects\skp_parser\batch_test.py - INFO - 清除旧数据: 1.2021年自治区重点建设项目投资计划.xlsx(文件 1 条, 项目 111 条, 特有信息 111 条, 通知 0 条, 分类声明 16 条)
2026-09-01 14:52:24,473 - E:\STangWork\PythonProjects\skp_parser\parser\base_parser.py - INFO - 合并表头修正: project_name 列 1 → 2
2026-09-01 14:52:24,495 - E:\STangWork\PythonProjects\skp_parser\main.py - WARNING - 分类校验[1.2021年自治区重点建设项目投资计划.xlsx] 重大基础设施项目-园区配套: 标题声明 4 项,解析 0 项
2026-09-01 14:52:24,495 - E:\STangWork\PythonProjects\skp_parser\main.py - WARNING - 分类校验[1.2021年自治区重点建设项目投资计划.xlsx] 民生及社会事业项目-城乡建设: 标题声明 2 项,解析 0 项
2026-09-01 14:52:25,035 - E:\STangWork\PythonProjects\skp_parser\batch_test.py - INFO - OK: 1.2021年自治区重点建设项目投资计划.xlsx (file_id=1107, 项目 0 条)
2026-09-01 14:52:25,219 - E:\STangWork\PythonProjects\skp_parser\batch_test.py - INFO - 清除旧数据: 2.2021年自治区重点预备开工项目投资计划.xlsx(文件 1 条, 项目 34 条, 特有信息 34 条, 通知 0 条, 分类声明 6 条)
2026-09-01 14:52:25,516 - E:\STangWork\PythonProjects\skp_parser\parser\base_parser.py - INFO - 合并表头修正: project_name 列 1 → 2
2026-09-01 14:52:25,880 - E:\STangWork\PythonProjects\skp_parser\batch_test.py - INFO - OK: 2.2021年自治区重点预备开工项目投资计划.xlsx (file_id=1108, 项目 0 条)
2026-09-01 14:52:26,545 - E:\STangWork\PythonProjects\skp_parser\batch_test.py - INFO - 清除旧数据: 3.2021年自治区重点前期工作项目计划.xlsx(文件 1 条, 项目 40 条, 特有信息 40 条, 通知 0 条, 分类声明 3 条)
2026-09-01 14:52:26,711 - E:\STangWork\PythonProjects\skp_parser\parser\base_parser.py - INFO - 合并表头修正: project_name 列 1 → 2
2026-09-01 14:52:27,269 - E:\STangWork\PythonProjects\skp_parser\batch_test.py - INFO - OK: 3.2021年自治区重点前期工作项目计划.xlsx (file_id=1109, 项目 0 条)
2026-09-01 14:53:11,052 - E:\STangWork\PythonProjects\skp_parser\batch_test.py - INFO - 清除旧数据: 安徽省2021年重点项目投资计划.xlsx(文件 1 条, 项目 15852 条, 特有信息 15852 条, 通知 0 条, 分类声明 0 条)
2026-09-01 14:56:02,076 - E:\STangWork\PythonProjects\skp_parser\batch_test.py - INFO - OK: 安徽省2021年重点项目投资计划.xlsx (file_id=1110, 项目 15852 条)
2026-09-01 14:56:22,064 - E:\STangWork\PythonProjects\skp_parser\batch_test.py - INFO - 清除旧数据: 广东省2021年重点项目计划表.xlsx(文件 1 条, 项目 4674 条, 特有信息 2940 条, 通知 0 条, 分类声明 0 条)
2026-09-01 14:57:08,633 - E:\STangWork\PythonProjects\skp_parser\batch_test.py - INFO - OK: 广东省2021年重点项目计划表.xlsx (file_id=1111, 项目 4587 条)
2026-09-01 14:57:11,749 - E:\STangWork\PythonProjects\skp_parser\batch_test.py - INFO - 清除旧数据: 附件1：中山市2021年市重点建设项目计划表.xlsx(文件 1 条, 项目 224 条, 特有信息 224 条, 通知 0 条, 分类声明 20 条)
2026-09-01 14:57:14,909 - E:\STangWork\PythonProjects\skp_parser\batch_test.py - INFO - OK: 附件1：中山市2021年市重点建设项目计划表.xlsx (file_id=1112, 项目 224 条)
2026-09-01 14:57:15,302 - E:\STangWork\PythonProjects\skp_parser\batch_test.py - INFO - 清除旧数据: 附件2：中山市2021年市重点前期预备项目计划表.xlsx(文件 1 条, 项目 151 条, 特有信息 151 条, 通知 0 条, 分类声明 18 条)
2026-09-01 14:57:16,983 - E:\STangWork\PythonProjects\skp_parser\batch_test.py - INFO - OK: 附件2：中山市2021年市重点前期预备项目计划表.xlsx (file_id=1113, 项目 151 条)
2026-09-01 14:57:17,934 - E:\STangWork\PythonProjects\skp_parser\batch_test.py - INFO - 清除旧数据: 2.海南省2021年重点（重大）预备项目投资计划表.xlsx(文件 1 条, 项目 50 条, 特有信息 0 条, 通知 0 条, 分类声明 0 条)
2026-09-01 14:57:18,275 - E:\STangWork\PythonProjects\skp_parser\batch_test.py - INFO - OK: 2.海南省2021年重点（重大）预备项目投资计划表.xlsx (file_id=1114, 项目 42 条)
2026-09-01 14:57:23,728 - E:\STangWork\PythonProjects\skp_parser\batch_test.py - INFO - 清除旧数据: 附件：1．2021年省重点建设项目形象进度计划.xlsx(文件 1 条, 项目 1236 条, 特有信息 1236 条, 通知 0 条, 分类声明 0 条)
2026-09-01 14:57:41,322 - E:\STangWork\PythonProjects\skp_parser\batch_test.py - INFO - OK: 附件：1．2021年省重点建设项目形象进度计划.xlsx (file_id=1115, 项目 1236 条)
2026-09-01 14:57:45,503 - E:\STangWork\PythonProjects\skp_parser\batch_test.py - INFO - 清除旧数据: 2022年北京市“3个100”重点工程（清单）.xlsx(文件 1 条, 项目 300 条, 特有信息 300 条, 通知 0 条, 分类声明 26 条)
2026-09-01 14:57:45,601 - E:\STangWork\PythonProjects\skp_parser\main.py - WARNING - 分类校验[2022年北京市“3个100”重点工程（清单）.xlsx] 基础设施: 标题声明 11 项,解析 100 项
2026-09-01 14:57:45,602 - E:\STangWork\PythonProjects\skp_parser\main.py - WARNING - 分类校验[2022年北京市“3个100”重点工程（清单）.xlsx] 民生改善项目: 标题声明 6 项,解析 100 项
2026-09-01 14:57:48,484 - E:\STangWork\PythonProjects\skp_parser\batch_test.py - INFO - OK: 2022年北京市“3个100”重点工程（清单）.xlsx (file_id=1116, 项目 300 条)
2026-09-01 14:57:51,447 - E:\STangWork\PythonProjects\skp_parser\parser\base_parser.py - INFO - 合并表头修正: project_name 列 2 → 3
2026-09-01 14:57:54,114 - E:\STangWork\PythonProjects\skp_parser\batch_test.py - INFO - OK: 2022年度青浦区重大项目建设计划表.xlsx (file_id=1117, 项目 149 条)
2026-09-01 14:57:59,625 - E:\STangWork\PythonProjects\skp_parser\batch_test.py - INFO - 清除旧数据: 重庆市开州区人民政府办公室关于下达开州区2022—2026年重点建设项目五年滚动规划和2022年第一批重点建设项目计划的通知附件.xlsx(文件 1 条, 项目 773 条, 特有信息 773 条, 通知 0 条, 分类声明 5 条)
2026-09-01 14:58:39,428 - E:\STangWork\PythonProjects\skp_parser\main.py - WARNING - 通知信息解析失败 重庆市开州区人民政府办公室关于下达开州区2022—2026年重点建设项目五年滚动规划和2022年第一批重点建设项目计划的通知附件.xlsx: No /Root object! - Is this really a PDF?
2026-09-01 14:58:51,803 - E:\STangWork\PythonProjects\skp_parser\batch_test.py - INFO - OK: 重庆市开州区人民政府办公室关于下达开州区2022—2026年重点建设项目五年滚动规划和2022年第一批重点建设项目计划的通知附件.xlsx (file_id=1118, 项目 802 条)
2026-09-01 14:58:54,237 - E:\STangWork\PythonProjects\skp_parser\batch_test.py - INFO - 清除旧数据: 附件3：2022年区级政府投资重点前期项目.xlsx(文件 1 条, 项目 76 条, 特有信息 76 条, 通知 0 条, 分类声明 0 条)
2026-09-01 14:58:54,291 - E:\STangWork\PythonProjects\skp_parser\parser\xlsx_parser.py - WARNING - E:\STangWork\STangFiles\各省重点项目：2020年起\2022年重点项目\04重庆市2022年重点项目清单\江北区2022年\附件3：2022年区级政府投资重点前期项目.xlsx[Sheet2]: 前 20 行未找到表头,跳过
2026-09-01 14:58:54,769 - E:\STangWork\PythonProjects\skp_parser\batch_test.py - INFO - OK: 附件3：2022年区级政府投资重点前期项目.xlsx (file_id=1119, 项目 76 条)
2026-09-01 14:58:55,985 - E:\STangWork\PythonProjects\skp_parser\batch_test.py - INFO - 清除旧数据: 附件4：2022年区级政府投资一般项目.xlsx(文件 1 条, 项目 197 条, 特有信息 197 条, 通知 0 条, 分类声明 0 条)
2026-09-01 14:58:56,140 - E:\STangWork\PythonProjects\skp_parser\parser\xlsx_parser.py - WARNING - E:\STangWork\STangFiles\各省重点项目：2020年起\2022年重点项目\04重庆市2022年重点项目清单\江北区2022年\附件4：2022年区级政府投资一般项目.xlsx[Sheet2]: 前 20 行未找到表头,跳过
2026-09-01 14:58:57,370 - E:\STangWork\PythonProjects\skp_parser\batch_test.py - INFO - OK: 附件4：2022年区级政府投资一般项目.xlsx (file_id=1120, 项目 197 条)
2026-09-01 14:58:57,722 - E:\STangWork\PythonProjects\skp_parser\batch_test.py - INFO - 清除旧数据: 附件1 2022年第一批自治区层面统筹推进重大项目汇总表.xlsx.xlsx(文件 1 条, 项目 0 条, 特有信息 0 条, 通知 0 条, 分类声明 0 条)
2026-09-01 14:58:57,938 - E:\STangWork\PythonProjects\skp_parser\batch_test.py - INFO - OK: 附件1 2022年第一批自治区层面统筹推进重大项目汇总表.xlsx.xlsx (file_id=1121, 项目 0 条)
2026-09-01 14:59:00,545 - E:\STangWork\PythonProjects\skp_parser\batch_test.py - INFO - 清除旧数据: 附件2 2022年第一批自治区层面统筹推进重大项目（新开工）进度目标责任表.xlsx.xlsx(文件 1 条, 项目 189 条, 特有信息 189 条, 通知 0 条, 分类声明 0 条)
2026-09-01 14:59:08,099 - E:\STangWork\PythonProjects\skp_parser\batch_test.py - INFO - OK: 附件2 2022年第一批自治区层面统筹推进重大项目（新开工）进度目标责任表.xlsx.xlsx (file_id=1122, 项目 189 条)
2026-09-01 14:59:14,116 - E:\STangWork\PythonProjects\skp_parser\batch_test.py - INFO - 清除旧数据: 附件3 2022年第一批自治区层面统筹推进重大项目（续建）进度目标责任表.xlsx.xlsx(文件 1 条, 项目 1065 条, 特有信息 1065 条, 通知 0 条, 分类声明 0 条)
2026-09-01 14:59:27,595 - E:\STangWork\PythonProjects\skp_parser\batch_test.py - INFO - OK: 附件3 2022年第一批自治区层面统筹推进重大项目（续建）进度目标责任表.xlsx.xlsx (file_id=1123, 项目 1066 条)
2026-09-01 14:59:31,725 - E:\STangWork\PythonProjects\skp_parser\batch_test.py - INFO - 清除旧数据: 附件4 2022年第一批自治区层面统筹推进重大项目（竣工投产）进度目标责任表.xlsx.xlsx(文件 1 条, 项目 217 条, 特有信息 217 条, 通知 0 条, 分类声明 0 条)
2026-09-01 14:59:33,984 - E:\STangWork\PythonProjects\skp_parser\batch_test.py - INFO - OK: 附件4 2022年第一批自治区层面统筹推进重大项目（竣工投产）进度目标责任表.xlsx.xlsx (file_id=1124, 项目 217 条)
2026-09-01 14:59:35,050 - E:\STangWork\PythonProjects\skp_parser\batch_test.py - INFO - 清除旧数据: 柳发改重大〔2022〕9号附件1：2022年第一批自治区层面统筹推进重大项目（新开工）进度目标责任表.xlsx.xlsx(文件 1 条, 项目 7 条, 特有信息 7 条, 通知 0 条, 分类声明 0 条)
2026-09-01 14:59:35,181 - E:\STangWork\PythonProjects\skp_parser\main.py - WARNING - 通知信息解析失败 柳发改重大〔2022〕9号附件1：2022年第一批自治区层面统筹推进重大项目（新开工）进度目标责任表.xlsx.xlsx: No /Root object! - Is this really a PDF?
2026-09-01 14:59:35,643 - E:\STangWork\PythonProjects\skp_parser\batch_test.py - INFO - OK: 柳发改重大〔2022〕9号附件1：2022年第一批自治区层面统筹推进重大项目（新开工）进度目标责任表.xlsx.xlsx (file_id=1125, 项目 7 条)
2026-09-01 14:59:36,297 - E:\STangWork\PythonProjects\skp_parser\batch_test.py - INFO - 清除旧数据: 柳发改重大〔2022〕9号附件2：2022年第一批自治区层面统筹推进重大项目（续建）进度目标责任表.xlsx.xlsx(文件 1 条, 项目 57 条, 特有信息 57 条, 通知 0 条, 分类声明 0 条)
2026-09-01 14:59:36,506 - E:\STangWork\PythonProjects\skp_parser\main.py - WARNING - 通知信息解析失败 柳发改重大〔2022〕9号附件2：2022年第一批自治区层面统筹推进重大项目（续建）进度目标责任表.xlsx.xlsx: No /Root object! - Is this really a PDF?
2026-09-01 14:59:37,559 - E:\STangWork\PythonProjects\skp_parser\batch_test.py - INFO - OK: 柳发改重大〔2022〕9号附件2：2022年第一批自治区层面统筹推进重大项目（续建）进度目标责任表.xlsx.xlsx (file_id=1126, 项目 57 条)
2026-09-01 14:59:38,279 - E:\STangWork\PythonProjects\skp_parser\batch_test.py - INFO - 清除旧数据: 柳发改重大〔2022〕9号附件3：2022年第一批自治区层面统筹推进重大项目（竣工投产）进度目标责任表.xlsx(文件 1 条, 项目 31 条, 特有信息 31 条, 通知 0 条, 分类声明 0 条)
2026-09-01 14:59:38,469 - E:\STangWork\PythonProjects\skp_parser\main.py - WARNING - 通知信息解析失败 柳发改重大〔2022〕9号附件3：2022年第一批自治区层面统筹推进重大项目（竣工投产）进度目标责任表.xlsx: No /Root object! - Is this really a PDF?
2026-09-01 14:59:38,974 - E:\STangWork\PythonProjects\skp_parser\batch_test.py - INFO - OK: 柳发改重大〔2022〕9号附件3：2022年第一批自治区层面统筹推进重大项目（竣工投产）进度目标责任表.xlsx (file_id=1127, 项目 31 条)
2026-09-01 14:59:41,388 - E:\STangWork\PythonProjects\skp_parser\batch_test.py - INFO - 清除旧数据: 市政办〔2022〕7号附件1.xlsx(文件 1 条, 项目 242 条, 特有信息 241 条, 通知 0 条, 分类声明 0 条)
2026-09-01 14:59:41,503 - E:\STangWork\PythonProjects\skp_parser\main.py - WARNING - 通知信息解析失败 市政办〔2022〕7号附件1.xlsx: No /Root object! - Is this really a PDF?
2026-09-01 14:59:45,503 - E:\STangWork\PythonProjects\skp_parser\batch_test.py - INFO - OK: 市政办〔2022〕7号附件1.xlsx (file_id=1128, 项目 242 条)
2026-09-01 14:59:47,329 - E:\STangWork\PythonProjects\skp_parser\batch_test.py - INFO - 清除旧数据: 市政办〔2022〕7号附件2.xlsx(文件 1 条, 项目 186 条, 特有信息 185 条, 通知 0 条, 分类声明 0 条)
2026-09-01 14:59:47,446 - E:\STangWork\PythonProjects\skp_parser\main.py - WARNING - 通知信息解析失败 市政办〔2022〕7号附件2.xlsx: No /Root object! - Is this really a PDF?
2026-09-01 14:59:51,125 - E:\STangWork\PythonProjects\skp_parser\batch_test.py - INFO - OK: 市政办〔2022〕7号附件2.xlsx (file_id=1129, 项目 186 条)
2026-09-01 14:59:57,344 - E:\STangWork\PythonProjects\skp_parser\batch_test.py - INFO - 清除旧数据: 市政办〔2022〕7号附件3.xlsx(文件 1 条, 项目 511 条, 特有信息 510 条, 通知 0 条, 分类声明 0 条)
2026-09-01 14:59:57,646 - E:\STangWork\PythonProjects\skp_parser\main.py - WARNING - 通知信息解析失败 市政办〔2022〕7号附件3.xlsx: No /Root object! - Is this really a PDF?
2026-09-01 15:00:07,569 - E:\STangWork\PythonProjects\skp_parser\batch_test.py - INFO - OK: 市政办〔2022〕7号附件3.xlsx (file_id=1130, 项目 511 条)
2026-09-01 15:00:10,505 - E:\STangWork\PythonProjects\skp_parser\batch_test.py - INFO - 清除旧数据: 市政办〔2022〕7号附件4.xlsx(文件 1 条, 项目 112 条, 特有信息 111 条, 通知 0 条, 分类声明 0 条)
2026-09-01 15:00:10,645 - E:\STangWork\PythonProjects\skp_parser\main.py - WARNING - 通知信息解析失败 市政办〔2022〕7号附件4.xlsx: No /Root object! - Is this really a PDF?
2026-09-01 15:00:11,950 - E:\STangWork\PythonProjects\skp_parser\batch_test.py - INFO - OK: 市政办〔2022〕7号附件4.xlsx (file_id=1131, 项目 112 条)
2026-09-01 15:00:12,816 - E:\STangWork\PythonProjects\skp_parser\batch_test.py - INFO - 清除旧数据: 附件2 2022年第二批自治区层面统筹推进重大项目（新开工）进度目标责任表.xlsx(文件 1 条, 项目 82 条, 特有信息 82 条, 通知 0 条, 分类声明 0 条)
2026-09-01 15:00:13,092 - E:\STangWork\PythonProjects\skp_parser\parser\xlsx_parser.py - WARNING - E:\STangWork\STangFiles\各省重点项目：2020年起\2022年重点项目\05广西自治区2022年重点项目清单\2、2022年广西第二批\附件2 2022年第二批自治区层面统筹推进重大项目（新开工）进度目标责任表.xlsx[Sheet1]: 前 20 行未找到表头,跳过
2026-09-01 15:00:14,753 - E:\STangWork\PythonProjects\skp_parser\batch_test.py - INFO - OK: 附件2 2022年第二批自治区层面统筹推进重大项目（新开工）进度目标责任表.xlsx (file_id=1132, 项目 84 条)
2026-09-01 15:00:15,466 - E:\STangWork\PythonProjects\skp_parser\batch_test.py - INFO - 清除旧数据: 附件3 2022年第二批自治区层面统筹推进重大项目（续建）进度目标责任表.xlsx(文件 1 条, 项目 27 条, 特有信息 27 条, 通知 0 条, 分类声明 0 条)
2026-09-01 15:00:15,635 - E:\STangWork\PythonProjects\skp_parser\parser\xlsx_parser.py - WARNING - E:\STangWork\STangFiles\各省重点项目：2020年起\2022年重点项目\05广西自治区2022年重点项目清单\2、2022年广西第二批\附件3 2022年第二批自治区层面统筹推进重大项目（续建）进度目标责任表.xlsx[Sheet1]: 前 20 行未找到表头,跳过
2026-09-01 15:00:16,048 - E:\STangWork\PythonProjects\skp_parser\batch_test.py - INFO - OK: 附件3 2022年第二批自治区层面统筹推进重大项目（续建）进度目标责任表.xlsx (file_id=1133, 项目 30 条)
2026-09-01 15:00:16,509 - E:\STangWork\PythonProjects\skp_parser\batch_test.py - INFO - 清除旧数据: 附件4 2022年第二批自治区层面统筹推进重大项目（竣工投产）进度目标责任表.xlsx(文件 1 条, 项目 1 条, 特有信息 1 条, 通知 0 条, 分类声明 0 条)
2026-09-01 15:00:17,012 - E:\STangWork\PythonProjects\skp_parser\batch_test.py - INFO - OK: 附件4 2022年第二批自治区层面统筹推进重大项目（竣工投产）进度目标责任表.xlsx (file_id=1134, 项目 1 条)
2026-09-01 15:00:18,864 - E:\STangWork\PythonProjects\skp_parser\batch_test.py - INFO - 清除旧数据: 附件5 2022年第二批自治区层面统筹推进重大项目（预备）进度目标责任表.xlsx(文件 1 条, 项目 200 条, 特有信息 200 条, 通知 0 条, 分类声明 0 条)
2026-09-01 15:00:19,357 - E:\STangWork\PythonProjects\skp_parser\parser\xlsx_parser.py - WARNING - E:\STangWork\STangFiles\各省重点项目：2020年起\2022年重点项目\05广西自治区2022年重点项目清单\2、2022年广西第二批\附件5 2022年第二批自治区层面统筹推进重大项目（预备）进度目标责任表.xlsx[Sheet1]: 前 20 行未找到表头,跳过
2026-09-01 15:00:23,216 - E:\STangWork\PythonProjects\skp_parser\batch_test.py - INFO - OK: 附件5 2022年第二批自治区层面统筹推进重大项目（预备）进度目标责任表.xlsx (file_id=1135, 项目 200 条)
2026-09-01 15:00:24,153 - E:\STangWork\PythonProjects\skp_parser\batch_test.py - INFO - 清除旧数据: 附件2：2022年第三批自治区层面统筹推进重大项目（新开工）进度目标责任表.xlsx(文件 1 条, 项目 60 条, 特有信息 60 条, 通知 0 条, 分类声明 0 条)
2026-09-01 15:00:24,353 - E:\STangWork\PythonProjects\skp_parser\parser\xlsx_parser.py - WARNING - E:\STangWork\STangFiles\各省重点项目：2020年起\2022年重点项目\05广西自治区2022年重点项目清单\3、2022年广西第三批\附件2：2022年第三批自治区层面统筹推进重大项目（新开工）进度目标责任表.xlsx[Sheet1]: 前 20 行未找到表头,跳过
2026-09-01 15:00:24,903 - E:\STangWork\PythonProjects\skp_parser\batch_test.py - INFO - OK: 附件2：2022年第三批自治区层面统筹推进重大项目（新开工）进度目标责任表.xlsx (file_id=1136, 项目 60 条)
2026-09-01 15:00:25,321 - E:\STangWork\PythonProjects\skp_parser\batch_test.py - INFO - 清除旧数据: 附件3：2022年第三批自治区层面统筹推进重大项目（续建）进度目标责任表.xlsx(文件 1 条, 项目 17 条, 特有信息 17 条, 通知 0 条, 分类声明 0 条)
2026-09-01 15:00:25,441 - E:\STangWork\PythonProjects\skp_parser\parser\xlsx_parser.py - WARNING - E:\STangWork\STangFiles\各省重点项目：2020年起\2022年重点项目\05广西自治区2022年重点项目清单\3、2022年广西第三批\附件3：2022年第三批自治区层面统筹推进重大项目（续建）进度目标责任表.xlsx[Sheet1]: 前 20 行未找到表头,跳过
2026-09-01 15:00:26,239 - E:\STangWork\PythonProjects\skp_parser\batch_test.py - INFO - OK: 附件3：2022年第三批自治区层面统筹推进重大项目（续建）进度目标责任表.xlsx (file_id=1137, 项目 17 条)
2026-09-01 15:00:26,848 - E:\STangWork\PythonProjects\skp_parser\batch_test.py - INFO - 清除旧数据: 附件4：2022年第三批自治区层面统筹推进重大项目（竣工投产）进度目标责任表.xlsx(文件 1 条, 项目 2 条, 特有信息 2 条, 通知 0 条, 分类声明 0 条)
2026-09-01 15:00:27,212 - E:\STangWork\PythonProjects\skp_parser\batch_test.py - INFO - OK: 附件4：2022年第三批自治区层面统筹推进重大项目（竣工投产）进度目标责任表.xlsx (file_id=1138, 项目 2 条)
2026-09-01 15:00:31,364 - E:\STangWork\PythonProjects\skp_parser\batch_test.py - INFO - 清除旧数据: 附件5：2022年第三批自治区层面统筹推进重大项目（预备）进度目标责任表.xlsx(文件 1 条, 项目 428 条, 特有信息 428 条, 通知 0 条, 分类声明 0 条)
2026-09-01 15:00:31,564 - E:\STangWork\PythonProjects\skp_parser\parser\xlsx_parser.py - WARNING - E:\STangWork\STangFiles\各省重点项目：2020年起\2022年重点项目\05广西自治区2022年重点项目清单\3、2022年广西第三批\附件5：2022年第三批自治区层面统筹推进重大项目（预备）进度目标责任表.xlsx[Sheet1]: 前 20 行未找到表头,跳过
2026-09-01 15:00:35,179 - E:\STangWork\PythonProjects\skp_parser\batch_test.py - INFO - OK: 附件5：2022年第三批自治区层面统筹推进重大项目（预备）进度目标责任表.xlsx (file_id=1139, 项目 428 条)
2026-09-01 15:00:36,261 - E:\STangWork\PythonProjects\skp_parser\batch_test.py - INFO - 清除旧数据: 附件2：2022年第四批自治区层面统筹推进重大项目（新开工）进度目标责任表.xlsx(文件 1 条, 项目 22 条, 特有信息 22 条, 通知 0 条, 分类声明 0 条)
2026-09-01 15:00:38,415 - E:\STangWork\PythonProjects\skp_parser\batch_test.py - INFO - OK: 附件2：2022年第四批自治区层面统筹推进重大项目（新开工）进度目标责任表.xlsx (file_id=1140, 项目 22 条)
2026-09-01 15:00:39,061 - E:\STangWork\PythonProjects\skp_parser\batch_test.py - INFO - 清除旧数据: 附件3：2022年第四批自治区层面统筹推进重大项目（续建）进度目标责任表.xlsx(文件 1 条, 项目 21 条, 特有信息 21 条, 通知 0 条, 分类声明 0 条)
2026-09-01 15:00:39,517 - E:\STangWork\PythonProjects\skp_parser\batch_test.py - INFO - OK: 附件3：2022年第四批自治区层面统筹推进重大项目（续建）进度目标责任表.xlsx (file_id=1141, 项目 21 条)
2026-09-01 15:00:40,344 - E:\STangWork\PythonProjects\skp_parser\batch_test.py - INFO - 清除旧数据: 附件4：2022年第四批自治区层面统筹推进重大项目（预备）进度目标责任表.xlsx(文件 1 条, 项目 111 条, 特有信息 111 条, 通知 0 条, 分类声明 0 条)
2026-09-01 15:00:40,643 - E:\STangWork\PythonProjects\skp_parser\parser\xlsx_parser.py - WARNING - E:\STangWork\STangFiles\各省重点项目：2020年起\2022年重点项目\05广西自治区2022年重点项目清单\4、2022年广西第四批\附件4：2022年第四批自治区层面统筹推进重大项目（预备）进度目标责任表.xlsx[Sheet1]: 前 20 行未找到表头,跳过
2026-09-01 15:00:42,781 - E:\STangWork\PythonProjects\skp_parser\batch_test.py - INFO - OK: 附件4：2022年第四批自治区层面统筹推进重大项目（预备）进度目标责任表.xlsx (file_id=1142, 项目 111 条)
2026-09-01 15:00:44,601 - E:\STangWork\PythonProjects\skp_parser\batch_test.py - INFO - 清除旧数据: 附件 2022年上半年自治区层面统筹推进重大项目退出项目清单.xlsx(文件 1 条, 项目 143 条, 特有信息 90 条, 通知 0 条, 分类声明 0 条)
2026-09-01 15:00:45,443 - E:\STangWork\PythonProjects\skp_parser\batch_test.py - INFO - OK: 附件 2022年上半年自治区层面统筹推进重大项目退出项目清单.xlsx (file_id=1143, 项目 129 条)
2026-09-01 15:00:49,491 - E:\STangWork\PythonProjects\skp_parser\batch_test.py - INFO - 清除旧数据: 内蒙古自治区2022年重点经济合作项目.xlsx(文件 1 条, 项目 688 条, 特有信息 688 条, 通知 0 条, 分类声明 0 条)
2026-09-01 15:00:56,396 - E:\STangWork\PythonProjects\skp_parser\batch_test.py - INFO - OK: 内蒙古自治区2022年重点经济合作项目.xlsx (file_id=1144, 项目 679 条)
2026-09-01 15:00:57,930 - E:\STangWork\PythonProjects\skp_parser\batch_test.py - INFO - 清除旧数据: 阿拉善左旗2022年重大项目清单.xlsx(文件 1 条, 项目 49 条, 特有信息 0 条, 通知 0 条, 分类声明 0 条)
2026-09-01 15:00:59,187 - E:\STangWork\PythonProjects\skp_parser\batch_test.py - INFO - OK: 阿拉善左旗2022年重大项目清单.xlsx (file_id=1145, 项目 49 条)
2026-09-01 15:01:00,075 - E:\STangWork\PythonProjects\skp_parser\batch_test.py - INFO - 清除旧数据: 银川市2022年重点建设项目投资计划.xlsx(文件 1 条, 项目 69 条, 特有信息 58 条, 通知 0 条, 分类声明 0 条)
2026-09-01 15:01:01,850 - E:\STangWork\PythonProjects\skp_parser\batch_test.py - INFO - OK: 银川市2022年重点建设项目投资计划.xlsx (file_id=1146, 项目 53 条)
2026-09-01 15:03:03,820 - E:\STangWork\PythonProjects\skp_parser\parser\xlsx_parser.py - WARNING - E:\STangWork\STangFiles\各省重点项目：2020年起\2022年重点项目\07宁夏自治区2022年重点项目清单\附件-1 2022年自治区重点建设项目投资计划.xlsx[2022年重点建设] 解析跳过: 
2026-09-01 15:03:03,907 - E:\STangWork\PythonProjects\skp_parser\parser\base_parser.py - INFO - 合并表头修正: project_name 列 0 → 1
2026-09-01 15:03:03,920 - E:\STangWork\PythonProjects\skp_parser\main.py - WARNING - 分类校验[附件-1 2022年自治区重点建设项目投资计划.xlsx] 标注▲2018年重点建设项目结转: 标题声明 35 项,解析 9 项
2026-09-01 15:03:07,300 - E:\STangWork\PythonProjects\skp_parser\batch_test.py - INFO - OK: 附件-1 2022年自治区重点建设项目投资计划.xlsx (file_id=1147, 项目 27 条)
2026-09-01 15:03:09,447 - E:\STangWork\PythonProjects\skp_parser\batch_test.py - INFO - 清除旧数据: 附件-2 2022年自治区重点预备开工项目投资计划.xlsx(文件 1 条, 项目 57 条, 特有信息 57 条, 通知 0 条, 分类声明 4 条)
2026-09-01 15:03:21,029 - E:\STangWork\PythonProjects\skp_parser\parser\base_parser.py - INFO - 合并表头修正: project_name 列 0 → 1
2026-09-01 15:03:21,043 - E:\STangWork\PythonProjects\skp_parser\main.py - WARNING - 分类校验[附件-2 2022年自治区重点预备开工项目投资计划.xlsx] 标注▲2018年重点建设项目结转: 标题声明 35 项,解析 9 项
2026-09-01 15:03:23,274 - E:\STangWork\PythonProjects\skp_parser\batch_test.py - INFO - OK: 附件-2 2022年自治区重点预备开工项目投资计划.xlsx (file_id=1148, 项目 57 条)
2026-09-01 15:03:25,418 - E:\STangWork\PythonProjects\skp_parser\batch_test.py - INFO - 清除旧数据: 附件-3 2022年自治区重点前期工作项目投资计划.xlsx(文件 1 条, 项目 57 条, 特有信息 57 条, 通知 0 条, 分类声明 4 条)
2026-09-01 15:03:26,566 - E:\STangWork\PythonProjects\skp_parser\parser\base_parser.py - INFO - 合并表头修正: project_name 列 0 → 1
2026-09-01 15:03:26,580 - E:\STangWork\PythonProjects\skp_parser\main.py - WARNING - 分类校验[附件-3 2022年自治区重点前期工作项目投资计划.xlsx] 标注▲2018年重点建设项目结转: 标题声明 35 项,解析 9 项
2026-09-01 15:03:27,661 - E:\STangWork\PythonProjects\skp_parser\batch_test.py - INFO - OK: 附件-3 2022年自治区重点前期工作项目投资计划.xlsx (file_id=1149, 项目 57 条)
2026-09-01 15:03:32,906 - E:\STangWork\PythonProjects\skp_parser\batch_test.py - INFO - 清除旧数据: 福州市：2022年度市重点项目目标责任表.xlsx(文件 1 条, 项目 1797 条, 特有信息 0 条, 通知 0 条, 分类声明 0 条)
2026-09-01 15:05:49,981 - E:\STangWork\PythonProjects\skp_parser\batch_test.py - INFO - OK: 福州市：2022年度市重点项目目标责任表.xlsx (file_id=1150, 项目 1739 条)
2026-09-01 15:05:55,432 - E:\STangWork\PythonProjects\skp_parser\batch_test.py - INFO - 清除旧数据: 2022年省市重点项目名单.xlsx(文件 1 条, 项目 393 条, 特有信息 393 条, 通知 0 条, 分类声明 0 条)
2026-09-01 15:06:00,475 - E:\STangWork\PythonProjects\skp_parser\batch_test.py - INFO - OK: 2022年省市重点项目名单.xlsx (file_id=1151, 项目 393 条)
2026-09-01 15:06:08,463 - E:\STangWork\PythonProjects\skp_parser\batch_test.py - INFO - OK: 2022年三门峡市重点建设项目名单.xlsx (file_id=1152, 项目 487 条)
2026-09-01 15:06:16,639 - E:\STangWork\PythonProjects\skp_parser\batch_test.py - INFO - 清除旧数据: 2022年河南省重点建设项目名单.xlsx(文件 1 条, 项目 1781 条, 特有信息 1781 条, 通知 0 条, 分类声明 13 条)
2026-09-01 15:06:17,618 - E:\STangWork\PythonProjects\skp_parser\main.py - WARNING - 分类校验[2022年河南省重点建设项目名单.xlsx] 郑州市中心城区新建道路及城市功能提升打捆项目: 标题声明 10 项,解析 18 项
2026-09-01 15:06:17,636 - E:\STangWork\PythonProjects\skp_parser\main.py - WARNING - 分类校验[2022年河南省重点建设项目名单.xlsx] 铁路专用线打捆项目: 标题声明 14 项,解析 0 项
2026-09-01 15:06:17,636 - E:\STangWork\PythonProjects\skp_parser\main.py - WARNING - 分类校验[2022年河南省重点建设项目名单.xlsx] 铁路前期打捆项目: 标题声明 6 项,解析 0 项
2026-09-01 15:06:17,636 - E:\STangWork\PythonProjects\skp_parser\main.py - WARNING - 分类校验[2022年河南省重点建设项目名单.xlsx] 航空前期打捆项目: 标题声明 4 项,解析 0 项
2026-09-01 15:06:17,636 - E:\STangWork\PythonProjects\skp_parser\main.py - WARNING - 分类校验[2022年河南省重点建设项目名单.xlsx] 千伏电网打捆项目: 标题声明 22 项,解析 0 项
2026-09-01 15:06:17,637 - E:\STangWork\PythonProjects\skp_parser\main.py - WARNING - 分类校验[2022年河南省重点建设项目名单.xlsx] 新能源打捆项目: 标题声明 23 项,解析 0 项
2026-09-01 15:06:17,637 - E:\STangWork\PythonProjects\skp_parser\main.py - WARNING - 分类校验[2022年河南省重点建设项目名单.xlsx] 郑州航空港经济综合实验区航空物流打捆项目: 标题声明 15 项,解析 42 项
2026-09-01 15:06:17,637 - E:\STangWork\PythonProjects\skp_parser\main.py - WARNING - 分类校验[2022年河南省重点建设项目名单.xlsx] 郑东新区龙湖金融中心外环打捆项目: 标题声明 12 项,解析 2 项
2026-09-01 15:06:17,637 - E:\STangWork\PythonProjects\skp_parser\main.py - WARNING - 分类校验[2022年河南省重点建设项目名单.xlsx] 教育能力提升打捆项目: 标题声明 62 项,解析 0 项
2026-09-01 15:06:17,637 - E:\STangWork\PythonProjects\skp_parser\main.py - WARNING - 分类校验[2022年河南省重点建设项目名单.xlsx] 公共卫生打捆项目: 标题声明 81 项,解析 1 项
2026-09-01 15:06:17,637 - E:\STangWork\PythonProjects\skp_parser\main.py - WARNING - 分类校验[2022年河南省重点建设项目名单.xlsx] 省直青年人才公寓项目: 标题声明 10 项,解析 12 项
2026-09-01 15:06:17,637 - E:\STangWork\PythonProjects\skp_parser\main.py - WARNING - 分类校验[2022年河南省重点建设项目名单.xlsx] 郑东新区二期便民服务中心打捆项目: 标题声明 4 项,解析 5 项
2026-09-01 15:06:17,638 - E:\STangWork\PythonProjects\skp_parser\main.py - WARNING - 分类校验[2022年河南省重点建设项目名单.xlsx] 保密打捆项目: 标题声明 6 项,解析 0 项
2026-09-01 15:06:34,117 - E:\STangWork\PythonProjects\skp_parser\batch_test.py - INFO - OK: 2022年河南省重点建设项目名单.xlsx (file_id=1153, 项目 1781 条)
2026-09-01 15:06:37,649 - E:\STangWork\PythonProjects\skp_parser\batch_test.py - INFO - 清除旧数据: 附件：湖北省2022年省级重点项目.xlsx(文件 1 条, 项目 545 条, 特有信息 0 条, 通知 0 条, 分类声明 0 条)
2026-09-01 15:06:43,575 - E:\STangWork\PythonProjects\skp_parser\batch_test.py - INFO - OK: 附件：湖北省2022年省级重点项目.xlsx (file_id=1154, 项目 532 条)
2026-09-01 15:06:46,620 - E:\STangWork\PythonProjects\skp_parser\batch_test.py - INFO - 清除旧数据: 南通市2022年市级重大产业项目清单.xlsx(文件 1 条, 项目 225 条, 特有信息 190 条, 通知 0 条, 分类声明 11 条)
2026-09-01 15:07:19,854 - E:\STangWork\PythonProjects\skp_parser\batch_test.py - INFO - OK: 南通市2022年市级重大产业项目清单.xlsx (file_id=1155, 项目 215 条)
2026-09-01 15:07:22,273 - E:\STangWork\PythonProjects\skp_parser\batch_test.py - INFO - 清除旧数据: 太仓市2022年重点项目清单.xlsx(文件 1 条, 项目 176 条, 特有信息 176 条, 通知 0 条, 分类声明 8 条)
2026-09-01 15:07:26,296 - E:\STangWork\PythonProjects\skp_parser\batch_test.py - INFO - OK: 太仓市2022年重点项目清单.xlsx (file_id=1156, 项目 176 条)
2026-09-01 15:07:26,916 - E:\STangWork\PythonProjects\skp_parser\batch_test.py - INFO - 清除旧数据: 抚州市2022年市重点建设项目计划.xlsx(文件 1 条, 项目 576 条, 特有信息 0 条, 通知 0 条, 分类声明 11 条)
2026-09-01 15:08:05,661 - E:\STangWork\PythonProjects\skp_parser\parser\xlsx_parser.py - WARNING - E:\STangWork\STangFiles\各省重点项目：2020年起\2022年重点项目\23江西省2022年重点项目清单\2022年抚州市\抚州市2022年市重点建设项目计划.xlsx[Sheet2]: 前 20 行未找到表头,跳过
2026-09-01 15:08:05,662 - E:\STangWork\PythonProjects\skp_parser\parser\xlsx_parser.py - WARNING - E:\STangWork\STangFiles\各省重点项目：2020年起\2022年重点项目\23江西省2022年重点项目清单\2022年抚州市\抚州市2022年市重点建设项目计划.xlsx[Sheet3]: 前 20 行未找到表头,跳过
2026-09-01 15:08:06,062 - E:\STangWork\PythonProjects\skp_parser\batch_test.py - INFO - OK: 抚州市2022年市重点建设项目计划.xlsx (file_id=1157, 项目 576 条)
2026-09-01 15:08:07,639 - E:\STangWork\PythonProjects\skp_parser\batch_test.py - INFO - 清除旧数据: 汉中市2022年重点项目计划（公开）.xlsx(文件 1 条, 项目 496 条, 特有信息 386 条, 通知 0 条, 分类声明 39 条)
2026-09-01 15:08:07,789 - E:\STangWork\PythonProjects\skp_parser\main.py - WARNING - 分类校验[汉中市2022年重点项目计划（公开）.xlsx] 基础设施体系: 标题声明 165 项,解析 39 项
2026-09-01 15:08:07,789 - E:\STangWork\PythonProjects\skp_parser\main.py - WARNING - 分类校验[汉中市2022年重点项目计划（公开）.xlsx] 基础设施体系-综合交通枢纽建设行动: 标题声明 32 项,解析 14 项
2026-09-01 15:08:07,789 - E:\STangWork\PythonProjects\skp_parser\main.py - WARNING - 分类校验[汉中市2022年重点项目计划（公开）.xlsx] 交通枢纽及客运站建设工程-农村基础设施及水利工程提升行动: 标题声明 22 项,解析 0 项
2026-09-01 15:08:07,790 - E:\STangWork\PythonProjects\skp_parser\main.py - WARNING - 分类校验[汉中市2022年重点项目计划（公开）.xlsx] 灾后恢复重建工程-城镇基础设施提升行动: 标题声明 40 项,解析 0 项
2026-09-01 15:08:07,790 - E:\STangWork\PythonProjects\skp_parser\main.py - WARNING - 分类校验[汉中市2022年重点项目计划（公开）.xlsx] 城市更新工程: 标题声明 14 项,解析 60 项
2026-09-01 15:08:07,790 - E:\STangWork\PythonProjects\skp_parser\main.py - WARNING - 分类校验[汉中市2022年重点项目计划（公开）.xlsx] 现代产业体系: 标题声明 231 项,解析 12 项
2026-09-01 15:08:07,790 - E:\STangWork\PythonProjects\skp_parser\main.py - WARNING - 分类校验[汉中市2022年重点项目计划（公开）.xlsx] 现代产业体系-工业转型升级行动: 标题声明 119 项,解析 0 项
2026-09-01 15:08:07,790 - E:\STangWork\PythonProjects\skp_parser\main.py - WARNING - 分类校验[汉中市2022年重点项目计划（公开）.xlsx] 循环工业提升工程-服务业扩容提质行动: 标题声明 66 项,解析 0 项
2026-09-01 15:08:07,790 - E:\STangWork\PythonProjects\skp_parser\main.py - WARNING - 分类校验[汉中市2022年重点项目计划（公开）.xlsx] 旅游设施建设工程: 标题声明 21 项,解析 20 项
2026-09-01 15:08:07,791 - E:\STangWork\PythonProjects\skp_parser\main.py - WARNING - 分类校验[汉中市2022年重点项目计划（公开）.xlsx] 现代物流建设工程: 标题声明 13 项,解析 44 项
2026-09-01 15:08:07,791 - E:\STangWork\PythonProjects\skp_parser\main.py - WARNING - 分类校验[汉中市2022年重点项目计划（公开）.xlsx] 公共服务体系: 标题声明 80 项,解析 79 项
2026-09-01 15:08:07,791 - E:\STangWork\PythonProjects\skp_parser\main.py - WARNING - 分类校验[汉中市2022年重点项目计划（公开）.xlsx] 公共服务体系-全民健康保障行动: 标题声明 21 项,解析 20 项
2026-09-01 15:08:07,791 - E:\STangWork\PythonProjects\skp_parser\main.py - WARNING - 分类校验[汉中市2022年重点项目计划（公开）.xlsx] 生产性服务业扩规提质工程: 标题声明 6 项,解析 8 项
2026-09-01 15:08:13,412 - E:\STangWork\PythonProjects\skp_parser\batch_test.py - INFO - OK: 汉中市2022年重点项目计划（公开）.xlsx (file_id=1158, 项目 493 条)
2026-09-01 15:08:14,710 - E:\STangWork\PythonProjects\skp_parser\batch_test.py - INFO - 清除旧数据: 陕西省2022年重点建设项目计划.xlsx(文件 1 条, 项目 1240 条, 特有信息 0 条, 通知 0 条, 分类声明 0 条)
2026-09-01 15:08:17,751 - E:\STangWork\PythonProjects\skp_parser\batch_test.py - INFO - OK: 陕西省2022年重点建设项目计划.xlsx (file_id=1159, 项目 1240 条)
2026-09-01 15:08:18,300 - E:\STangWork\PythonProjects\skp_parser\batch_test.py - INFO - 清除旧数据: 巴中市2022年市级重点项目建设计划建议表(公示）.xlsx(文件 1 条, 项目 201 条, 特有信息 201 条, 通知 0 条, 分类声明 0 条)
2026-09-01 15:08:18,659 - E:\STangWork\PythonProjects\skp_parser\parser\xlsx_parser.py - WARNING - E:\STangWork\STangFiles\各省重点项目：2020年起\2022年重点项目\29四川省2022年重点项目清单\2022年巴中市\巴中市2022年市级重点项目建设计划建议表(公示）.xlsx[1KCVGwlGx1nDPl]: 前 20 行未找到表头,跳过
2026-09-01 15:08:24,435 - E:\STangWork\PythonProjects\skp_parser\batch_test.py - INFO - OK: 巴中市2022年市级重点项目建设计划建议表(公示）.xlsx (file_id=1160, 项目 206 条)
2026-09-01 15:08:25,069 - E:\STangWork\PythonProjects\skp_parser\batch_test.py - INFO - 清除旧数据: 广安市2022年省市重点项目表.xlsx(文件 1 条, 项目 117 条, 特有信息 112 条, 通知 0 条, 分类声明 0 条)
2026-09-01 15:08:32,198 - E:\STangWork\PythonProjects\skp_parser\batch_test.py - INFO - OK: 广安市2022年省市重点项目表.xlsx (file_id=1161, 项目 103 条)
2026-09-01 15:08:33,327 - E:\STangWork\PythonProjects\skp_parser\batch_test.py - INFO - 清除旧数据: 2022年甘孜州重点项目名单.xlsx(文件 1 条, 项目 394 条, 特有信息 384 条, 通知 0 条, 分类声明 0 条)
2026-09-01 15:08:34,842 - E:\STangWork\PythonProjects\skp_parser\batch_test.py - INFO - OK: 2022年甘孜州重点项目名单.xlsx (file_id=1162, 项目 357 条)
2026-09-01 15:08:36,867 - E:\STangWork\PythonProjects\skp_parser\batch_test.py - INFO - 清除旧数据: 绵阳市2022年省市重点项目名单.xlsx(文件 1 条, 项目 336 条, 特有信息 336 条, 通知 0 条, 分类声明 1 条)
2026-09-01 15:08:41,786 - E:\STangWork\PythonProjects\skp_parser\batch_test.py - INFO - OK: 绵阳市2022年省市重点项目名单.xlsx (file_id=1163, 项目 337 条)
2026-09-01 15:08:47,023 - E:\STangWork\PythonProjects\skp_parser\batch_test.py - INFO - 清除旧数据: 附件1.云南省2022年度省级重大项目清单-1.xlsx(文件 1 条, 项目 1239 条, 特有信息 0 条, 通知 0 条, 分类声明 0 条)
2026-09-01 15:08:53,365 - E:\STangWork\PythonProjects\skp_parser\batch_test.py - INFO - OK: 附件1.云南省2022年度省级重大项目清单-1.xlsx (file_id=1164, 项目 1238 条)
2026-09-01 15:08:55,626 - E:\STangWork\PythonProjects\skp_parser\batch_test.py - INFO - 清除旧数据: 附件2.云南省2022年度“重中之重”项目清单.xlsx(文件 1 条, 项目 104 条, 特有信息 0 条, 通知 0 条, 分类声明 0 条)
2026-09-01 15:08:58,975 - E:\STangWork\PythonProjects\skp_parser\batch_test.py - INFO - OK: 附件2.云南省2022年度“重中之重”项目清单.xlsx (file_id=1165, 项目 103 条)
2026-09-01 15:09:06,555 - E:\STangWork\PythonProjects\skp_parser\batch_test.py - INFO - 清除旧数据: （调整后）1.云南省2022年度省级重大项目清单.xlsx.xlsx(文件 1 条, 项目 1260 条, 特有信息 0 条, 通知 0 条, 分类声明 0 条)
2026-09-01 15:09:19,417 - E:\STangWork\PythonProjects\skp_parser\batch_test.py - INFO - OK: （调整后）1.云南省2022年度省级重大项目清单.xlsx.xlsx (file_id=1166, 项目 1259 条)
2026-09-01 15:09:21,969 - E:\STangWork\PythonProjects\skp_parser\batch_test.py - INFO - 清除旧数据: （调整后）2.云南省2022年度“重中之重”项目清单.xlsx.xlsx(文件 1 条, 项目 114 条, 特有信息 0 条, 通知 0 条, 分类声明 0 条)
2026-09-01 15:09:24,468 - E:\STangWork\PythonProjects\skp_parser\batch_test.py - INFO - OK: （调整后）2.云南省2022年度“重中之重”项目清单.xlsx.xlsx (file_id=1167, 项目 113 条)
2026-09-01 15:09:27,854 - E:\STangWork\PythonProjects\skp_parser\batch_test.py - INFO - 清除旧数据: 附件 台州市2022年重点建设项目计划表.xlsx(文件 1 条, 项目 526 条, 特有信息 519 条, 通知 0 条, 分类声明 0 条)
2026-09-01 15:09:36,990 - E:\STangWork\PythonProjects\skp_parser\batch_test.py - INFO - OK: 附件 台州市2022年重点建设项目计划表.xlsx (file_id=1168, 项目 521 条)
2026-09-01 15:09:39,282 - E:\STangWork\PythonProjects\skp_parser\batch_test.py - INFO - OK: 附件1：2022年度市重点建设项目计划表.xlsx (file_id=1169, 项目 175 条)
2026-09-01 15:09:42,150 - E:\STangWork\PythonProjects\skp_parser\batch_test.py - INFO - 清除旧数据: 2023年上海市重大工程清单.xlsx(文件 1 条, 项目 241 条, 特有信息 191 条, 通知 0 条, 分类声明 15 条)
2026-09-01 15:09:42,317 - E:\STangWork\PythonProjects\skp_parser\main.py - WARNING - 分类校验[2023年上海市重大工程清单.xlsx] 社会民生类: 标题声明 13 项,解析 27 项
2026-09-01 15:09:42,317 - E:\STangWork\PythonProjects\skp_parser\main.py - WARNING - 分类校验[2023年上海市重大工程清单.xlsx] 生态文明建设类: 标题声明 1 项,解析 17 项
2026-09-01 15:09:42,317 - E:\STangWork\PythonProjects\skp_parser\main.py - WARNING - 分类校验[2023年上海市重大工程清单.xlsx] 城市基础设施类: 标题声明 1 项,解析 62 项
2026-09-01 15:09:42,317 - E:\STangWork\PythonProjects\skp_parser\main.py - WARNING - 分类校验[2023年上海市重大工程清单.xlsx] 城乡融合与乡村振兴类: 标题声明 7 项,解析 8 项
2026-09-01 15:09:44,272 - E:\STangWork\PythonProjects\skp_parser\batch_test.py - INFO - OK: 2023年上海市重大工程清单.xlsx (file_id=1170, 项目 239 条)
2026-09-01 15:09:48,039 - E:\STangWork\PythonProjects\skp_parser\batch_test.py - INFO - 清除旧数据: 附件：北碚区2023年重点项目工作计划.xlsx(文件 1 条, 项目 283 条, 特有信息 283 条, 通知 0 条, 分类声明 0 条)
2026-09-01 15:09:52,241 - E:\STangWork\PythonProjects\skp_parser\parser\xlsx_parser.py - WARNING - E:\STangWork\STangFiles\各省重点项目：2020年起\2023年重点项目\04重庆市2023年重点项目清单\2023年北碚区\附件：北碚区2023年重点项目工作计划.xlsx[Sheet1]: 前 20 行未找到表头,跳过
2026-09-01 15:09:52,244 - E:\STangWork\PythonProjects\skp_parser\main.py - WARNING - 分类校验[附件：北碚区2023年重点项目工作计划.xlsx] 重点民生项目-民政设施: 标题声明 2 项,解析 4 项
2026-09-01 15:09:54,813 - E:\STangWork\PythonProjects\skp_parser\batch_test.py - INFO - OK: 附件：北碚区2023年重点项目工作计划.xlsx (file_id=1171, 项目 283 条)
2026-09-01 15:09:58,491 - E:\STangWork\PythonProjects\skp_parser\batch_test.py - INFO - 清除旧数据: 奉节委办发〔2023〕1号附件.xlsx(文件 1 条, 项目 390 条, 特有信息 390 条, 通知 0 条, 分类声明 63 条)
2026-09-01 15:10:06,084 - E:\STangWork\PythonProjects\skp_parser\main.py - WARNING - 通知信息解析失败 奉节委办发〔2023〕1号附件.xlsx: No /Root object! - Is this really a PDF?
2026-09-01 15:10:08,971 - E:\STangWork\PythonProjects\skp_parser\batch_test.py - INFO - OK: 奉节委办发〔2023〕1号附件.xlsx (file_id=1172, 项目 390 条)
2026-09-01 15:10:11,695 - E:\STangWork\PythonProjects\skp_parser\batch_test.py - INFO - 清除旧数据: 2023年度巴南区级重点项目.xlsx(文件 1 条, 项目 135 条, 特有信息 47 条, 通知 0 条, 分类声明 0 条)
2026-09-01 15:10:16,993 - E:\STangWork\PythonProjects\skp_parser\batch_test.py - INFO - OK: 2023年度巴南区级重点项目.xlsx (file_id=1173, 项目 134 条)
2026-09-01 15:10:21,490 - E:\STangWork\PythonProjects\skp_parser\batch_test.py - INFO - 清除旧数据: 渝北区2023年重点项目名单.xlsx(文件 1 条, 项目 207 条, 特有信息 207 条, 通知 0 条, 分类声明 1 条)
2026-09-01 15:10:27,382 - E:\STangWork\PythonProjects\skp_parser\batch_test.py - INFO - OK: 渝北区2023年重点项目名单.xlsx (file_id=1174, 项目 207 条)
2026-09-01 15:10:33,761 - E:\STangWork\PythonProjects\skp_parser\batch_test.py - INFO - 清除旧数据: 附件：桂林市2023年市级层面重大项目投资计划表.xlsx.xlsx(文件 1 条, 项目 977 条, 特有信息 977 条, 通知 0 条, 分类声明 0 条)
2026-09-01 15:10:43,760 - E:\STangWork\PythonProjects\skp_parser\batch_test.py - INFO - OK: 附件：桂林市2023年市级层面重大项目投资计划表.xlsx.xlsx (file_id=1175, 项目 978 条)
2026-09-01 15:10:50,635 - E:\STangWork\PythonProjects\skp_parser\batch_test.py - INFO - 清除旧数据: （贵重点项目办3号附件）贵港市2023年市级层面重大项目目标责任表.xlsx.xlsx(文件 1 条, 项目 950 条, 特有信息 950 条, 通知 0 条, 分类声明 1 条)
2026-09-01 15:11:02,189 - E:\STangWork\PythonProjects\skp_parser\batch_test.py - INFO - OK: （贵重点项目办3号附件）贵港市2023年市级层面重大项目目标责任表.xlsx.xlsx (file_id=1176, 项目 931 条)
2026-09-01 15:11:08,365 - E:\STangWork\PythonProjects\skp_parser\batch_test.py - INFO - 清除旧数据: 2023年自治区层面统筹推进重大项目（新开工）进度目标责任表.xlsx.xlsx(文件 1 条, 项目 606 条, 特有信息 606 条, 通知 0 条, 分类声明 0 条)
2026-09-01 15:11:22,379 - E:\STangWork\PythonProjects\skp_parser\batch_test.py - INFO - OK: 2023年自治区层面统筹推进重大项目（新开工）进度目标责任表.xlsx.xlsx (file_id=1177, 项目 606 条)
2026-09-01 15:11:26,129 - E:\STangWork\PythonProjects\skp_parser\batch_test.py - INFO - 清除旧数据: 2023年自治区层面统筹推进重大项目（竣工投产）进度目标责任表.xlsx.xlsx(文件 1 条, 项目 255 条, 特有信息 255 条, 通知 0 条, 分类声明 0 条)
2026-09-01 15:11:27,504 - E:\STangWork\PythonProjects\skp_parser\batch_test.py - INFO - OK: 2023年自治区层面统筹推进重大项目（竣工投产）进度目标责任表.xlsx.xlsx (file_id=1178, 项目 259 条)
2026-09-01 15:11:35,084 - E:\STangWork\PythonProjects\skp_parser\batch_test.py - INFO - 清除旧数据: 2023年自治区层面统筹推进重大项目（续建）进度目标责任表.xlsx.xlsx(文件 1 条, 项目 1283 条, 特有信息 1283 条, 通知 0 条, 分类声明 0 条)
2026-09-01 15:11:50,034 - E:\STangWork\PythonProjects\skp_parser\batch_test.py - INFO - OK: 2023年自治区层面统筹推进重大项目（续建）进度目标责任表.xlsx.xlsx (file_id=1179, 项目 1285 条)
2026-09-01 15:11:53,022 - E:\STangWork\PythonProjects\skp_parser\batch_test.py - INFO - 清除旧数据: 2023年第二批自治区层面统筹推进重大项目（新开工）进度目标责任表.xlsx(文件 1 条, 项目 22 条, 特有信息 22 条, 通知 0 条, 分类声明 0 条)
2026-09-01 15:11:54,398 - E:\STangWork\PythonProjects\skp_parser\batch_test.py - INFO - OK: 2023年第二批自治区层面统筹推进重大项目（新开工）进度目标责任表.xlsx (file_id=1180, 项目 22 条)
2026-09-01 15:11:55,515 - E:\STangWork\PythonProjects\skp_parser\batch_test.py - INFO - 清除旧数据: 2023年第二批自治区层面统筹推进重大项目（续建）进度目标责任表.xlsx(文件 1 条, 项目 19 条, 特有信息 19 条, 通知 0 条, 分类声明 0 条)
2026-09-01 15:11:56,180 - E:\STangWork\PythonProjects\skp_parser\batch_test.py - INFO - OK: 2023年第二批自治区层面统筹推进重大项目（续建）进度目标责任表.xlsx (file_id=1181, 项目 19 条)
2026-09-01 15:11:59,261 - E:\STangWork\PythonProjects\skp_parser\batch_test.py - INFO - 清除旧数据: 附件下载1：经开区2023年城市建设重点项目册.xlsx.xlsx(文件 1 条, 项目 294 条, 特有信息 292 条, 通知 0 条, 分类声明 3 条)
2026-09-01 15:12:00,309 - E:\STangWork\PythonProjects\skp_parser\parser\base_parser.py - INFO - 合并表头修正: project_name 列 2 → 3
2026-09-01 15:12:00,322 - E:\STangWork\PythonProjects\skp_parser\parser\base_parser.py - INFO - 合并表头修正: project_name 列 2 → 3
2026-09-01 15:12:00,326 - E:\STangWork\PythonProjects\skp_parser\parser\xlsx_parser.py - WARNING - E:\STangWork\STangFiles\各省重点项目：2020年起\2023年重点项目\06内蒙古自治区2023年重点项目清单\2023年呼和浩特市\附件下载1：经开区2023年城市建设重点项目册.xlsx.xlsx[Sheet3]: 前 20 行未找到表头,跳过
2026-09-01 15:12:00,329 - E:\STangWork\PythonProjects\skp_parser\parser\xlsx_parser.py - WARNING - E:\STangWork\STangFiles\各省重点项目：2020年起\2023年重点项目\06内蒙古自治区2023年重点项目清单\2023年呼和浩特市\附件下载1：经开区2023年城市建设重点项目册.xlsx.xlsx[Sheet31]: 前 20 行未找到表头,跳过
2026-09-01 15:12:00,377 - E:\STangWork\PythonProjects\skp_parser\main.py - WARNING - 分类校验[附件下载1：经开区2023年城市建设重点项目册.xlsx.xlsx] 市政基础设施建设工程（共33项） （一）供排水管网工程（共13项） 企业自筹及专项债 公用事业公司: 标题声明 33 项,解析 0 项
2026-09-01 15:12:00,378 - E:\STangWork\PythonProjects\skp_parser\main.py - WARNING - 分类校验[附件下载1：经开区2023年城市建设重点项目册.xlsx.xlsx] 生态环境建设工程（共2项） （一）雨水散排治理 财政预算 公用事业公司: 标题声明 2 项,解析 0 项
2026-09-01 15:12:00,455 - E:\STangWork\PythonProjects\skp_parser\main.py - WARNING - 分类校验[附件下载1：经开区2023年城市建设重点项目册.xlsx.xlsx] 城市更新类（共2项） 积水点改造工程: 标题声明 2 项,解析 0 项
2026-09-01 15:12:00,455 - E:\STangWork\PythonProjects\skp_parser\main.py - WARNING - 分类校验[附件下载1：经开区2023年城市建设重点项目册.xlsx.xlsx] 交通便利工程 （共24 项） （一）新续建道路工程（共20项）: 标题声明 24 项,解析 0 项
2026-09-01 15:12:00,455 - E:\STangWork\PythonProjects\skp_parser\main.py - WARNING - 分类校验[附件下载1：经开区2023年城市建设重点项目册.xlsx.xlsx] 房地产开发工程 （共5项） 房地产开发项目（共5项）: 标题声明 5 项,解析 0 项
2026-09-01 15:12:04,619 - E:\STangWork\PythonProjects\skp_parser\batch_test.py - INFO - OK: 附件下载1：经开区2023年城市建设重点项目册.xlsx.xlsx (file_id=1182, 项目 292 条)
2026-09-01 15:12:13,618 - E:\STangWork\PythonProjects\skp_parser\batch_test.py - INFO - 清除旧数据: 附件：内蒙古自治区2023年计划实施重点民间投资项目清单.xlsx(文件 1 条, 项目 2617 条, 特有信息 2617 条, 通知 0 条, 分类声明 0 条)
2026-09-01 15:12:50,422 - E:\STangWork\PythonProjects\skp_parser\batch_test.py - INFO - OK: 附件：内蒙古自治区2023年计划实施重点民间投资项目清单.xlsx (file_id=1183, 项目 2617 条)
2026-09-01 15:12:54,384 - E:\STangWork\PythonProjects\skp_parser\batch_test.py - INFO - 清除旧数据: 滁州市2023年城建重点项目建设计划表（续建、新建、储备）.xlsx(文件 1 条, 项目 237 条, 特有信息 237 条, 通知 0 条, 分类声明 0 条)
2026-09-01 15:12:57,613 - E:\STangWork\PythonProjects\skp_parser\batch_test.py - INFO - OK: 滁州市2023年城建重点项目建设计划表（续建、新建、储备）.xlsx (file_id=1184, 项目 237 条)
2026-09-01 15:13:02,661 - E:\STangWork\PythonProjects\skp_parser\batch_test.py - INFO - 清除旧数据: 2023年度市级重点项目名录.xlsx(文件 1 条, 项目 2034 条, 特有信息 0 条, 通知 0 条, 分类声明 0 条)
2026-09-01 15:13:18,157 - E:\STangWork\PythonProjects\skp_parser\batch_test.py - INFO - OK: 2023年度市级重点项目名录.xlsx (file_id=1185, 项目 1987 条)
2026-09-01 15:13:22,812 - E:\STangWork\PythonProjects\skp_parser\batch_test.py - INFO - 清除旧数据: 1.金昌市2023年重点投资项目清单.xlsx(文件 1 条, 项目 195 条, 特有信息 195 条, 通知 0 条, 分类声明 38 条)
2026-09-01 15:13:23,647 - E:\STangWork\PythonProjects\skp_parser\main.py - ERROR - 解析失败 1.金昌市2023年重点投资项目清单.xlsx: Unable to read workbook: could not read worksheets from E:\STangWork\STangFiles\各省重点项目：2020年起\2023年重点项目\12甘肃省2023年重点项目清单\2023年金昌市\1.金昌市2023年重点投资项目清单.xlsx.
This is most probably because the workbook source files contain some invalid XML.
Please see the exception for more details.
Traceback (most recent call last):
  File "E:\miniconda3\envs\py312_stc\Lib\site-packages\openpyxl\reader\excel.py", line 303, in read
    self.read_worksheets()
  File "E:\miniconda3\envs\py312_stc\Lib\site-packages\openpyxl\reader\excel.py", line 237, in read_worksheets
    ws_parser.bind_all()
  File "E:\miniconda3\envs\py312_stc\Lib\site-packages\openpyxl\worksheet\_reader.py", line 465, in bind_all
    self.bind_cells()
  File "E:\miniconda3\envs\py312_stc\Lib\site-packages\openpyxl\worksheet\_reader.py", line 368, in bind_cells
    for idx, row in self.parser.parse():
                    ^^^^^^^^^^^^^^^^^^^
  File "E:\miniconda3\envs\py312_stc\Lib\site-packages\openpyxl\worksheet\_reader.py", line 163, in parse
    obj = prop[1].from_tree(element)
          ^^^^^^^^^^^^^^^^^^^^^^^^^^
  File "E:\miniconda3\envs\py312_stc\Lib\site-packages\openpyxl\descriptors\serialisable.py", line 103, in from_tree
    return cls(**attrib)
           ^^^^^^^^^^^^^
  File "E:\miniconda3\envs\py312_stc\Lib\site-packages\openpyxl\worksheet\filters.py", line 447, in __init__
    self.ref = ref
    ^^^^^^^^
  File "E:\miniconda3\envs\py312_stc\Lib\site-packages\openpyxl\descriptors\excel.py", line 103, in __set__
    super().__set__(instance, value)
  File "E:\miniconda3\envs\py312_stc\Lib\site-packages\openpyxl\descriptors\base.py", line 257, in __set__
    raise ValueError('Value does not match pattern {0}'.format(self.pattern))
ValueError: Value does not match pattern ^[$]?([A-Za-z]{1,3})[$]?(\d+)(:[$]?([A-Za-z]{1,3})[$]?(\d+)?)?$|^[A-Za-z]{1,3}:[A-Za-z]{1,3}$

The above exception was the direct cause of the following exception:

Traceback (most recent call last):
  File "E:\STangWork\PythonProjects\skp_parser\main.py", line 111, in process_file
    projects = await asyncio.to_thread(parser.parse, str(file_path))
               ^^^^^^^^^^^^^^^^^^^^^^^^^^^^^^^^^^^^^^^^^^^^^^^^^^^^^
  File "E:\miniconda3\envs\py312_stc\Lib\asyncio\threads.py", line 25, in to_thread
    return await loop.run_in_executor(None, func_call)
           ^^^^^^^^^^^^^^^^^^^^^^^^^^^^^^^^^^^^^^^^^^^
  File "E:\miniconda3\envs\py312_stc\Lib\concurrent\futures\thread.py", line 59, in run
    result = self.fn(*self.args, **self.kwargs)
             ^^^^^^^^^^^^^^^^^^^^^^^^^^^^^^^^^^
  File "E:\STangWork\PythonProjects\skp_parser\parser\xlsx_parser.py", line 37, in parse
    workbook = openpyxl.load_workbook(file_path, data_only=True, read_only=False)
               ^^^^^^^^^^^^^^^^^^^^^^^^^^^^^^^^^^^^^^^^^^^^^^^^^^^^^^^^^^^^^^^^^^
  File "E:\miniconda3\envs\py312_stc\Lib\site-packages\openpyxl\reader\excel.py", line 348, in load_workbook
    reader.read()
  File "E:\miniconda3\envs\py312_stc\Lib\site-packages\openpyxl\reader\excel.py", line 309, in read
    raise ValueError(
ValueError: Unable to read workbook: could not read worksheets from E:\STangWork\STangFiles\各省重点项目：2020年起\2023年重点项目\12甘肃省2023年重点项目清单\2023年金昌市\1.金昌市2023年重点投资项目清单.xlsx.
This is most probably because the workbook source files contain some invalid XML.
Please see the exception for more details.
2026-09-01 15:13:25,080 - E:\STangWork\PythonProjects\skp_parser\batch_test.py - ERROR - FAIL: 1.金昌市2023年重点投资项目清单.xlsx - 解析失败: Unable to read workbook: could not read worksheets from E:\STangWork\STangFiles\各省重点项目：2020年起\2023年重点项目\12甘肃省2023年重点项目清单\2023年金昌市\1.金昌市2023年重点投资项目清单.xlsx.
This is most probably because the workbook source files contain some invalid XML.
Please see the exception for more details.
2026-09-01 15:13:27,311 - E:\STangWork\PythonProjects\skp_parser\batch_test.py - INFO - 清除旧数据: 2.金昌市2023年重大前期项目清单.xlsx(文件 1 条, 项目 106 条, 特有信息 106 条, 通知 0 条, 分类声明 10 条)
2026-09-01 15:13:30,475 - E:\STangWork\PythonProjects\skp_parser\batch_test.py - INFO - OK: 2.金昌市2023年重大前期项目清单.xlsx (file_id=1186, 项目 106 条)
2026-09-01 15:13:35,051 - E:\STangWork\PythonProjects\skp_parser\batch_test.py - INFO - 清除旧数据: 附件1：中山市2023年市重点建设项目计划表.xlsx(文件 1 条, 项目 329 条, 特有信息 329 条, 通知 0 条, 分类声明 14 条)
2026-09-01 15:13:35,402 - E:\STangWork\PythonProjects\skp_parser\main.py - WARNING - 分类校验[附件1：中山市2023年市重点建设项目计划表.xlsx] 基础设施工程: 标题声明 87 项,解析 17 项
2026-09-01 15:13:35,402 - E:\STangWork\PythonProjects\skp_parser\main.py - WARNING - 分类校验[附件1：中山市2023年市重点建设项目计划表.xlsx] 基础设施工程-交通工程: 标题声明 19 项,解析 17 项
2026-09-01 15:13:35,402 - E:\STangWork\PythonProjects\skp_parser\main.py - WARNING - 分类校验[附件1：中山市2023年市重点建设项目计划表.xlsx] 计划投产项目-水务工程: 标题声明 21 项,解析 19 项
2026-09-01 15:13:35,403 - E:\STangWork\PythonProjects\skp_parser\main.py - WARNING - 分类校验[附件1：中山市2023年市重点建设项目计划表.xlsx] 计划投产项目-城市建设工程: 标题声明 44 项,解析 37 项
2026-09-01 15:13:35,403 - E:\STangWork\PythonProjects\skp_parser\main.py - WARNING - 分类校验[附件1：中山市2023年市重点建设项目计划表.xlsx] 产业工程: 标题声明 215 项,解析 159 项
2026-09-01 15:13:35,403 - E:\STangWork\PythonProjects\skp_parser\main.py - WARNING - 分类校验[附件1：中山市2023年市重点建设项目计划表.xlsx] 产业工程-工业项目: 标题声明 184 项,解析 159 项
2026-09-01 15:13:35,403 - E:\STangWork\PythonProjects\skp_parser\main.py - WARNING - 分类校验[附件1：中山市2023年市重点建设项目计划表.xlsx] 计划投产项目-现代服务业工程: 标题声明 31 项,解析 26 项
2026-09-01 15:13:35,403 - E:\STangWork\PythonProjects\skp_parser\main.py - WARNING - 分类校验[附件1：中山市2023年市重点建设项目计划表.xlsx] 民生保障工程: 标题声明 27 项,解析 7 项
2026-09-01 15:13:35,403 - E:\STangWork\PythonProjects\skp_parser\main.py - WARNING - 分类校验[附件1：中山市2023年市重点建设项目计划表.xlsx] 民生保障工程-社会事业项目: 标题声明 8 项,解析 7 项
2026-09-01 15:13:35,403 - E:\STangWork\PythonProjects\skp_parser\main.py - WARNING - 分类校验[附件1：中山市2023年市重点建设项目计划表.xlsx] 计划投产项目-居民保障项目: 标题声明 19 项,解析 17 项
2026-09-01 15:13:39,587 - E:\STangWork\PythonProjects\skp_parser\batch_test.py - INFO - OK: 附件1：中山市2023年市重点建设项目计划表.xlsx (file_id=1187, 项目 329 条)
2026-09-01 15:13:40,752 - E:\STangWork\PythonProjects\skp_parser\batch_test.py - INFO - 清除旧数据: 附件2：中山市2023年市重点前期预备项目计划表.xlsx(文件 1 条, 项目 118 条, 特有信息 118 条, 通知 0 条, 分类声明 19 条)
2026-09-01 15:13:42,729 - E:\STangWork\PythonProjects\skp_parser\batch_test.py - INFO - OK: 附件2：中山市2023年市重点前期预备项目计划表.xlsx (file_id=1188, 项目 118 条)
2026-09-01 15:13:45,042 - E:\STangWork\PythonProjects\skp_parser\batch_test.py - INFO - 清除旧数据: 深圳市2023年重大项目计划清单.xlsx(文件 1 条, 项目 830 条, 特有信息 0 条, 通知 0 条, 分类声明 0 条)
2026-09-01 15:13:49,071 - E:\STangWork\PythonProjects\skp_parser\batch_test.py - INFO - OK: 深圳市2023年重大项目计划清单.xlsx (file_id=1189, 项目 829 条)
2026-09-01 15:13:54,692 - E:\STangWork\PythonProjects\skp_parser\batch_test.py - INFO - 清除旧数据: 2023年贵阳贵安省重大工程和重点项目信息表.xlsx(文件 1 条, 项目 681 条, 特有信息 681 条, 通知 0 条, 分类声明 0 条)
2026-09-01 15:13:55,728 - E:\STangWork\PythonProjects\skp_parser\parser\xlsx_parser.py - WARNING - E:\STangWork\STangFiles\各省重点项目：2020年起\2023年重点项目\14贵州省2023年重点项目清单\2023年贵阳贵安\2023年贵阳贵安省重大工程和重点项目信息表.xlsx[Sheet1]: 前 20 行未找到表头,跳过
2026-09-01 15:14:02,741 - E:\STangWork\PythonProjects\skp_parser\batch_test.py - INFO - OK: 2023年贵阳贵安省重大工程和重点项目信息表.xlsx (file_id=1190, 项目 683 条)
2026-09-01 15:14:05,258 - E:\STangWork\PythonProjects\skp_parser\batch_test.py - INFO - 清除旧数据: 一、二、三批市本级重点项目白名单 （2023年第一次动态调整整）.xlsx.xlsx(文件 1 条, 项目 167 条, 特有信息 0 条, 通知 0 条, 分类声明 0 条)
2026-09-01 15:14:07,425 - E:\STangWork\PythonProjects\skp_parser\batch_test.py - INFO - OK: 一、二、三批市本级重点项目白名单 （2023年第一次动态调整整）.xlsx.xlsx (file_id=1191, 项目 167 条)
2026-09-01 15:14:13,195 - E:\STangWork\PythonProjects\skp_parser\batch_test.py - INFO - 清除旧数据: 附件：2023年市重点项目名单.xlsx(文件 1 条, 项目 618 条, 特有信息 0 条, 通知 0 条, 分类声明 0 条)
2026-09-01 15:14:22,022 - E:\STangWork\PythonProjects\skp_parser\batch_test.py - INFO - OK: 附件：2023年市重点项目名单.xlsx (file_id=1192, 项目 618 条)
2026-09-01 15:14:24,332 - E:\STangWork\PythonProjects\skp_parser\batch_test.py - INFO - 清除旧数据: 1.襄阳市2023年省级重点项目建设计划.xlsx(文件 1 条, 项目 37 条, 特有信息 37 条, 通知 0 条, 分类声明 11 条)
2026-09-01 15:14:25,020 - E:\STangWork\PythonProjects\skp_parser\batch_test.py - INFO - OK: 1.襄阳市2023年省级重点项目建设计划.xlsx (file_id=1193, 项目 38 条)
2026-09-01 15:14:26,854 - E:\STangWork\PythonProjects\skp_parser\batch_test.py - INFO - 清除旧数据: 2.襄阳市2023年市级重点项目建设计划.xlsx(文件 1 条, 项目 115 条, 特有信息 115 条, 通知 0 条, 分类声明 9 条)
2026-09-01 15:14:38,610 - E:\STangWork\PythonProjects\skp_parser\batch_test.py - INFO - OK: 2.襄阳市2023年市级重点项目建设计划.xlsx (file_id=1194, 项目 115 条)
2026-09-01 15:14:41,707 - E:\STangWork\PythonProjects\skp_parser\batch_test.py - INFO - 清除旧数据: 2023年市级重点项目清单(0529).xlsx(文件 1 条, 项目 142 条, 特有信息 142 条, 通知 0 条, 分类声明 3 条)
2026-09-01 15:14:41,841 - E:\STangWork\PythonProjects\skp_parser\main.py - WARNING - 分类校验[2023年市级重点项目清单(0529).xlsx] 续建项目: 标题声明 51 项,解析 0 项
2026-09-01 15:14:41,841 - E:\STangWork\PythonProjects\skp_parser\main.py - WARNING - 分类校验[2023年市级重点项目清单(0529).xlsx] 新开工项目: 标题声明 73 项,解析 0 项
2026-09-01 15:14:41,841 - E:\STangWork\PythonProjects\skp_parser\main.py - WARNING - 分类校验[2023年市级重点项目清单(0529).xlsx] 前期推进项目: 标题声明 18 项,解析 0 项
2026-09-01 15:14:44,700 - E:\STangWork\PythonProjects\skp_parser\batch_test.py - INFO - OK: 2023年市级重点项目清单(0529).xlsx (file_id=1195, 项目 142 条)
2026-09-01 15:14:48,901 - E:\STangWork\PythonProjects\skp_parser\batch_test.py - INFO - 清除旧数据: 2023湖北省重点项目清单.xlsx(文件 1 条, 项目 498 条, 特有信息 471 条, 通知 0 条, 分类声明 15 条)
2026-09-01 15:15:00,145 - E:\STangWork\PythonProjects\skp_parser\batch_test.py - INFO - OK: 2023湖北省重点项目清单.xlsx (file_id=1196, 项目 502 条)
2026-09-01 15:15:04,997 - E:\STangWork\PythonProjects\skp_parser\batch_test.py - INFO - 清除旧数据: 2023湖北省重点项目清单（数据）.xlsx(文件 1 条, 项目 496 条, 特有信息 391 条, 通知 0 条, 分类声明 11 条)
2026-09-01 15:15:05,593 - E:\STangWork\PythonProjects\skp_parser\main.py - WARNING - 分类校验[2023湖北省重点项目清单（数据）.xlsx] 重大产业发展类: 标题声明 53 项,解析 136 项
2026-09-01 15:15:14,239 - E:\STangWork\PythonProjects\skp_parser\batch_test.py - INFO - OK: 2023湖北省重点项目清单（数据）.xlsx (file_id=1197, 项目 500 条)
2026-09-01 15:15:17,325 - E:\STangWork\PythonProjects\skp_parser\batch_test.py - INFO - 清除旧数据: 南通市2023年市级重大产业项目清单.xlsx(文件 1 条, 项目 211 条, 特有信息 73 条, 通知 0 条, 分类声明 11 条)
2026-09-01 15:15:17,471 - E:\STangWork\PythonProjects\skp_parser\main.py - WARNING - 分类校验[南通市2023年市级重大产业项目清单.xlsx] 如皋市: 标题声明 12 项,解析 18 项
2026-09-01 15:15:17,473 - E:\STangWork\PythonProjects\skp_parser\main.py - WARNING - 分类校验[南通市2023年市级重大产业项目清单.xlsx] 如东县: 标题声明 14 项,解析 16 项
2026-09-01 15:15:17,473 - E:\STangWork\PythonProjects\skp_parser\main.py - WARNING - 分类校验[南通市2023年市级重大产业项目清单.xlsx] 启东市: 标题声明 17 项,解析 23 项
2026-09-01 15:15:17,473 - E:\STangWork\PythonProjects\skp_parser\main.py - WARNING - 分类校验[南通市2023年市级重大产业项目清单.xlsx] 崇川区: 标题声明 19 项,解析 23 项
2026-09-01 15:15:17,473 - E:\STangWork\PythonProjects\skp_parser\main.py - WARNING - 分类校验[南通市2023年市级重大产业项目清单.xlsx] 通州区: 标题声明 18 项,解析 24 项
2026-09-01 15:15:17,473 - E:\STangWork\PythonProjects\skp_parser\main.py - WARNING - 分类校验[南通市2023年市级重大产业项目清单.xlsx] 海门区: 标题声明 25 项,解析 30 项
2026-09-01 15:15:17,473 - E:\STangWork\PythonProjects\skp_parser\main.py - WARNING - 分类校验[南通市2023年市级重大产业项目清单.xlsx] 苏锡通园区: 标题声明 13 项,解析 16 项
2026-09-01 15:15:22,422 - E:\STangWork\PythonProjects\skp_parser\batch_test.py - INFO - OK: 南通市2023年市级重大产业项目清单.xlsx (file_id=1198, 项目 211 条)
2026-09-01 15:15:24,281 - E:\STangWork\PythonProjects\skp_parser\batch_test.py - INFO - 清除旧数据: 徐州市2023年度城建重点工程计划.xlsx(文件 1 条, 项目 110 条, 特有信息 110 条, 通知 0 条, 分类声明 2 条)
2026-09-01 15:15:25,040 - E:\STangWork\PythonProjects\skp_parser\parser\base_parser.py - INFO - 合并表头修正: project_name 列 3 → 4
2026-09-01 15:15:25,069 - E:\STangWork\PythonProjects\skp_parser\main.py - WARNING - 分类校验[徐州市2023年度城建重点工程计划.xlsx] 其他: 标题声明 1 项,解析 3 项
2026-09-01 15:15:26,726 - E:\STangWork\PythonProjects\skp_parser\batch_test.py - INFO - OK: 徐州市2023年度城建重点工程计划.xlsx (file_id=1199, 项目 197 条)
2026-09-01 15:15:31,926 - E:\STangWork\PythonProjects\skp_parser\batch_test.py - INFO - 清除旧数据: 2023年省级重点工程项目名单.xlsx(文件 1 条, 项目 619 条, 特有信息 619 条, 通知 0 条, 分类声明 0 条)
2026-09-01 15:15:45,188 - E:\STangWork\PythonProjects\skp_parser\batch_test.py - INFO - OK: 2023年省级重点工程项目名单.xlsx (file_id=1200, 项目 619 条)
2026-09-01 15:15:49,515 - E:\STangWork\PythonProjects\skp_parser\batch_test.py - INFO - 清除旧数据: 汉中市2023年重点建设项目计划表（公开）.xlsx(文件 1 条, 项目 429 条, 特有信息 429 条, 通知 0 条, 分类声明 35 条)
2026-09-01 15:16:30,782 - E:\STangWork\PythonProjects\skp_parser\main.py - WARNING - 分类校验[汉中市2023年重点建设项目计划表（公开）.xlsx] 现代产业体系: 标题声明 219 项,解析 20 项
2026-09-01 15:16:30,782 - E:\STangWork\PythonProjects\skp_parser\main.py - WARNING - 分类校验[汉中市2023年重点建设项目计划表（公开）.xlsx] 现代产业体系-工业转型升级行动: 标题声明 131 项,解析 0 项
2026-09-01 15:16:30,782 - E:\STangWork\PythonProjects\skp_parser\main.py - WARNING - 分类校验[汉中市2023年重点建设项目计划表（公开）.xlsx] 产业发展能力提升工程-服务业扩容提质行动: 标题声明 52 项,解析 0 项
2026-09-01 15:16:30,783 - E:\STangWork\PythonProjects\skp_parser\main.py - WARNING - 分类校验[汉中市2023年重点建设项目计划表（公开）.xlsx] 旅游设施建设工程: 标题声明 24 项,解析 23 项
2026-09-01 15:16:30,783 - E:\STangWork\PythonProjects\skp_parser\main.py - WARNING - 分类校验[汉中市2023年重点建设项目计划表（公开）.xlsx] 现代物流建设工程: 标题声明 16 项,解析 31 项
2026-09-01 15:16:30,783 - E:\STangWork\PythonProjects\skp_parser\main.py - WARNING - 分类校验[汉中市2023年重点建设项目计划表（公开）.xlsx] 基础设施体系: 标题声明 123 项,解析 0 项
2026-09-01 15:16:30,783 - E:\STangWork\PythonProjects\skp_parser\main.py - WARNING - 分类校验[汉中市2023年重点建设项目计划表（公开）.xlsx] 基础设施体系-综合交通枢纽建设行动: 标题声明 13 项,解析 0 项
2026-09-01 15:16:30,783 - E:\STangWork\PythonProjects\skp_parser\main.py - WARNING - 分类校验[汉中市2023年重点建设项目计划表（公开）.xlsx] 交通枢纽及县乡道路建设工程-农村基础设施及水利工程提升行动: 标题声明 25 项,解析 0 项
2026-09-01 15:16:30,784 - E:\STangWork\PythonProjects\skp_parser\main.py - WARNING - 分类校验[汉中市2023年重点建设项目计划表（公开）.xlsx] 灾后恢复重建工程-城镇基础设施提升行动: 标题声明 47 项,解析 0 项
2026-09-01 15:16:30,784 - E:\STangWork\PythonProjects\skp_parser\main.py - WARNING - 分类校验[汉中市2023年重点建设项目计划表（公开）.xlsx] 城市片区综合开发及更新改造工程: 标题声明 26 项,解析 64 项
2026-09-01 15:16:34,919 - E:\STangWork\PythonProjects\skp_parser\batch_test.py - INFO - OK: 汉中市2023年重点建设项目计划表（公开）.xlsx (file_id=1201, 项目 427 条)
2026-09-01 15:16:38,727 - E:\STangWork\PythonProjects\skp_parser\batch_test.py - INFO - 清除旧数据: 渭南市2023年重点建设项目计划.xlsx(文件 1 条, 项目 709 条, 特有信息 709 条, 通知 0 条, 分类声明 0 条)
2026-09-01 15:16:43,776 - E:\STangWork\PythonProjects\skp_parser\batch_test.py - INFO - OK: 渭南市2023年重点建设项目计划.xlsx (file_id=1202, 项目 709 条)
2026-09-01 15:16:45,170 - E:\STangWork\PythonProjects\skp_parser\batch_test.py - INFO - 清除旧数据: 2023年城区市重点项目情况表.xlsx(文件 1 条, 项目 9 条, 特有信息 9 条, 通知 0 条, 分类声明 0 条)
2026-09-01 15:16:45,194 - E:\STangWork\PythonProjects\skp_parser\parser\xlsx_parser.py - WARNING - E:\STangWork\STangFiles\各省重点项目：2020年起\2023年重点项目\29四川省2023年重点项目清单\2023年内江市\2023年城区市重点项目情况表.xlsx[Sheet1]: 前 20 行未找到表头,跳过
2026-09-01 15:16:46,164 - E:\STangWork\PythonProjects\skp_parser\batch_test.py - INFO - OK: 2023年城区市重点项目情况表.xlsx (file_id=1203, 项目 9 条)
2026-09-01 15:16:48,061 - E:\STangWork\PythonProjects\skp_parser\batch_test.py - INFO - 清除旧数据: 2023年市重点项目名单.xlsx(文件 1 条, 项目 332 条, 特有信息 332 条, 通知 0 条, 分类声明 1 条)
2026-09-01 15:16:52,999 - E:\STangWork\PythonProjects\skp_parser\batch_test.py - INFO - OK: 2023年市重点项目名单.xlsx (file_id=1204, 项目 332 条)
2026-09-01 15:16:58,785 - E:\STangWork\PythonProjects\skp_parser\batch_test.py - INFO - 清除旧数据: 1：云南省2023年度省级重大项目清单.xlsx(文件 1 条, 项目 1500 条, 特有信息 1500 条, 通知 0 条, 分类声明 10 条)
2026-09-01 15:16:58,986 - E:\STangWork\PythonProjects\skp_parser\main.py - WARNING - 分类校验[1：云南省2023年度省级重大项目清单.xlsx] 其他类-生态环保: 标题声明 71 项,解析 31 项
2026-09-01 15:17:09,673 - E:\STangWork\PythonProjects\skp_parser\batch_test.py - INFO - OK: 1：云南省2023年度省级重大项目清单.xlsx (file_id=1205, 项目 1500 条)
2026-09-01 15:17:13,840 - E:\STangWork\PythonProjects\skp_parser\batch_test.py - INFO - 清除旧数据: 附件1.昆明市2023年市级重大在建项目计划表.xlsx(文件 1 条, 项目 454 条, 特有信息 453 条, 通知 0 条, 分类声明 0 条)
2026-09-01 15:17:13,919 - E:\STangWork\PythonProjects\skp_parser\parser\xlsx_parser.py - WARNING - E:\STangWork\STangFiles\各省重点项目：2020年起\2023年重点项目\30云南省2023年重点项目清单\2023年昆明市\附件1.昆明市2023年市级重大在建项目计划表.xlsx[Sheet2]: 前 20 行未找到表头,跳过
2026-09-01 15:17:21,591 - E:\STangWork\PythonProjects\skp_parser\batch_test.py - INFO - OK: 附件1.昆明市2023年市级重大在建项目计划表.xlsx (file_id=1206, 项目 455 条)
2026-09-01 15:17:25,303 - E:\STangWork\PythonProjects\skp_parser\batch_test.py - INFO - 清除旧数据: 附件2.昆明市2023年市级重大新开工项目计划表.xlsx(文件 1 条, 项目 354 条, 特有信息 350 条, 通知 0 条, 分类声明 0 条)
2026-09-01 15:17:25,387 - E:\STangWork\PythonProjects\skp_parser\parser\xlsx_parser.py - WARNING - E:\STangWork\STangFiles\各省重点项目：2020年起\2023年重点项目\30云南省2023年重点项目清单\2023年昆明市\附件2.昆明市2023年市级重大新开工项目计划表.xlsx[Sheet2]: 前 20 行未找到表头,跳过
2026-09-01 15:17:33,987 - E:\STangWork\PythonProjects\skp_parser\batch_test.py - INFO - OK: 附件2.昆明市2023年市级重大新开工项目计划表.xlsx (file_id=1207, 项目 355 条)
2026-09-01 15:17:36,762 - E:\STangWork\PythonProjects\skp_parser\batch_test.py - INFO - 清除旧数据: 附件3.昆明市2023年市级重大前期项目计划表.xlsx(文件 1 条, 项目 102 条, 特有信息 100 条, 通知 0 条, 分类声明 0 条)
2026-09-01 15:17:36,798 - E:\STangWork\PythonProjects\skp_parser\parser\xlsx_parser.py - WARNING - E:\STangWork\STangFiles\各省重点项目：2020年起\2023年重点项目\30云南省2023年重点项目清单\2023年昆明市\附件3.昆明市2023年市级重大前期项目计划表.xlsx[Sheet2]: 前 20 行未找到表头,跳过
2026-09-01 15:17:38,725 - E:\STangWork\PythonProjects\skp_parser\batch_test.py - INFO - OK: 附件3.昆明市2023年市级重大前期项目计划表.xlsx (file_id=1208, 项目 103 条)
2026-09-01 15:17:41,626 - E:\STangWork\PythonProjects\skp_parser\batch_test.py - INFO - 清除旧数据: 附件4.2023年市级“重中之重”项目计划表.xlsx(文件 1 条, 项目 113 条, 特有信息 112 条, 通知 0 条, 分类声明 0 条)
2026-09-01 15:17:41,680 - E:\STangWork\PythonProjects\skp_parser\parser\xlsx_parser.py - WARNING - E:\STangWork\STangFiles\各省重点项目：2020年起\2023年重点项目\30云南省2023年重点项目清单\2023年昆明市\附件4.2023年市级“重中之重”项目计划表.xlsx[Sheet2]: 前 20 行未找到表头,跳过
2026-09-01 15:17:43,019 - E:\STangWork\PythonProjects\skp_parser\batch_test.py - INFO - OK: 附件4.2023年市级“重中之重”项目计划表.xlsx (file_id=1209, 项目 114 条)
2026-09-01 15:17:47,345 - E:\STangWork\PythonProjects\skp_parser\batch_test.py - INFO - 清除旧数据: 2：云南省2023年度“重中之重”项目清单.xlsx(文件 1 条, 项目 149 条, 特有信息 149 条, 通知 0 条, 分类声明 8 条)
2026-09-01 15:17:53,955 - E:\STangWork\PythonProjects\skp_parser\batch_test.py - INFO - OK: 2：云南省2023年度“重中之重”项目清单.xlsx (file_id=1210, 项目 149 条)
2026-09-01 15:17:58,296 - E:\STangWork\PythonProjects\skp_parser\batch_test.py - INFO - 清除旧数据: 附件2：丽水市扩大有效投资“百千”工程2023年重大项目实施计划清单.xlsx.xlsx(文件 1 条, 项目 139 条, 特有信息 139 条, 通知 0 条, 分类声明 0 条)
2026-09-01 15:17:59,372 - E:\STangWork\PythonProjects\skp_parser\batch_test.py - INFO - OK: 附件2：丽水市扩大有效投资“百千”工程2023年重大项目实施计划清单.xlsx.xlsx (file_id=1211, 项目 139 条)
2026-09-01 15:18:10,393 - E:\STangWork\PythonProjects\skp_parser\batch_test.py - INFO - 清除旧数据: 杭州.xlsx(文件 1 条, 项目 706 条, 特有信息 706 条, 通知 0 条, 分类声明 6 条)
2026-09-01 15:19:03,252 - E:\STangWork\PythonProjects\skp_parser\batch_test.py - INFO - OK: 杭州.xlsx (file_id=1212, 项目 709 条)
2026-09-01 15:19:07,899 - E:\STangWork\PythonProjects\skp_parser\batch_test.py - INFO - 清除旧数据: 2024年上海市重大工程清单.xlsx(文件 1 条, 项目 219 条, 特有信息 198 条, 通知 0 条, 分类声明 15 条)
2026-09-01 15:19:08,054 - E:\STangWork\PythonProjects\skp_parser\main.py - WARNING - 分类校验[2024年上海市重大工程清单.xlsx] 社会民生类   项: 标题声明 15 项,解析 25 项
2026-09-01 15:19:08,054 - E:\STangWork\PythonProjects\skp_parser\main.py - WARNING - 分类校验[2024年上海市重大工程清单.xlsx] 社会民生类   项-教育: 标题声明 7 项,解析 25 项
2026-09-01 15:19:08,054 - E:\STangWork\PythonProjects\skp_parser\main.py - WARNING - 分类校验[2024年上海市重大工程清单.xlsx] 生态文明建设类: 标题声明 7 项,解析 16 项
2026-09-01 15:19:08,054 - E:\STangWork\PythonProjects\skp_parser\main.py - WARNING - 分类校验[2024年上海市重大工程清单.xlsx] 城市基础设施类: 标题声明 7 项,解析 72 项
2026-09-01 15:19:08,054 - E:\STangWork\PythonProjects\skp_parser\main.py - WARNING - 分类校验[2024年上海市重大工程清单.xlsx] 城乡融合与乡村振兴类: 标题声明 7 项,解析 9 项
2026-09-01 15:19:11,324 - E:\STangWork\PythonProjects\skp_parser\batch_test.py - INFO - OK: 2024年上海市重大工程清单.xlsx (file_id=1213, 项目 225 条)
2026-09-01 15:19:12,793 - E:\STangWork\PythonProjects\skp_parser\batch_test.py - INFO - 清除旧数据: 东丽区2024年市级重点项目清单—建设项目.xlsx(文件 1 条, 项目 47 条, 特有信息 0 条, 通知 0 条, 分类声明 0 条)
2026-09-01 15:19:13,335 - E:\STangWork\PythonProjects\skp_parser\batch_test.py - INFO - OK: 东丽区2024年市级重点项目清单—建设项目.xlsx (file_id=1214, 项目 46 条)
2026-09-01 15:19:14,072 - E:\STangWork\PythonProjects\skp_parser\batch_test.py - INFO - 清除旧数据: 静海区2024年区级重点项目清单.xlsx(文件 1 条, 项目 52 条, 特有信息 52 条, 通知 0 条, 分类声明 3 条)
2026-09-01 15:19:14,104 - E:\STangWork\PythonProjects\skp_parser\main.py - WARNING - 分类校验[静海区2024年区级重点项目清单.xlsx] 重点建设项目: 标题声明 36 项,解析 41 项
2026-09-01 15:19:14,104 - E:\STangWork\PythonProjects\skp_parser\main.py - WARNING - 分类校验[静海区2024年区级重点项目清单.xlsx] 重点储备项目: 标题声明 8 项,解析 11 项
2026-09-01 15:19:14,935 - E:\STangWork\PythonProjects\skp_parser\batch_test.py - INFO - OK: 静海区2024年区级重点项目清单.xlsx (file_id=1215, 项目 52 条)
2026-09-01 15:19:18,019 - E:\STangWork\PythonProjects\skp_parser\batch_test.py - INFO - 清除旧数据: 1.共建成渝地区双城经济圈2024年重大项目清单.xlsx(文件 1 条, 项目 307 条, 特有信息 0 条, 通知 0 条, 分类声明 0 条)
2026-09-01 15:19:23,175 - E:\STangWork\PythonProjects\skp_parser\batch_test.py - INFO - OK: 1.共建成渝地区双城经济圈2024年重大项目清单.xlsx (file_id=1216, 项目 303 条)
2026-09-01 15:19:26,988 - E:\STangWork\PythonProjects\skp_parser\batch_test.py - INFO - 清除旧数据: 北碚府办发〔2024〕22号附件：北碚区2024年重点项目工作计划.xlsx(文件 1 条, 项目 203 条, 特有信息 203 条, 通知 0 条, 分类声明 0 条)
2026-09-01 15:19:27,520 - E:\STangWork\PythonProjects\skp_parser\parser\xlsx_parser.py - WARNING - E:\STangWork\STangFiles\各省重点项目：2020年起\2024年重点项目\04重庆市2024年重点项目清单\北碚区2024年\北碚府办发〔2024〕22号附件：北碚区2024年重点项目工作计划.xlsx[Sheet1]: 前 20 行未找到表头,跳过
2026-09-01 15:19:27,522 - E:\STangWork\PythonProjects\skp_parser\main.py - WARNING - 分类校验[北碚府办发〔2024〕22号附件：北碚区2024年重点项目工作计划.xlsx] 重点基础设施项目-高速公路（公路）: 标题声明 6 项,解析 12 项
2026-09-01 15:19:27,526 - E:\STangWork\PythonProjects\skp_parser\main.py - WARNING - 通知信息解析失败 北碚府办发〔2024〕22号附件：北碚区2024年重点项目工作计划.xlsx: No /Root object! - Is this really a PDF?
2026-09-01 15:19:30,624 - E:\STangWork\PythonProjects\skp_parser\batch_test.py - INFO - OK: 北碚府办发〔2024〕22号附件：北碚区2024年重点项目工作计划.xlsx (file_id=1217, 项目 204 条)
2026-09-01 15:19:33,573 - E:\STangWork\PythonProjects\skp_parser\batch_test.py - INFO - 清除旧数据: 2024年合川区重大建设项目名单.xlsx(文件 1 条, 项目 239 条, 特有信息 219 条, 通知 0 条, 分类声明 0 条)
2026-09-01 15:19:36,217 - E:\STangWork\PythonProjects\skp_parser\batch_test.py - INFO - OK: 2024年合川区重大建设项目名单.xlsx (file_id=1218, 项目 240 条)
2026-09-01 15:19:37,794 - E:\STangWork\PythonProjects\skp_parser\batch_test.py - INFO - 清除旧数据: 重庆市垫江县2024年重点建设项目名单.xlsx(文件 1 条, 项目 187 条, 特有信息 166 条, 通知 0 条, 分类声明 0 条)
2026-09-01 15:19:41,645 - E:\STangWork\PythonProjects\skp_parser\batch_test.py - INFO - OK: 重庆市垫江县2024年重点建设项目名单.xlsx (file_id=1219, 项目 187 条)
2026-09-01 15:19:43,671 - E:\STangWork\PythonProjects\skp_parser\batch_test.py - INFO - 清除旧数据: 附件2：巫山县2024年重点建设项目计划.xlsx(文件 1 条, 项目 40 条, 特有信息 0 条, 通知 0 条, 分类声明 0 条)
2026-09-01 15:19:43,744 - E:\STangWork\PythonProjects\skp_parser\parser\xlsx_parser.py - WARNING - E:\STangWork\STangFiles\各省重点项目：2020年起\2024年重点项目\04重庆市2024年重点项目清单\巫山县2024年\附件2：巫山县2024年重点建设项目计划.xlsx[Sheet2]: 前 20 行未找到表头,跳过
2026-09-01 15:19:44,746 - E:\STangWork\PythonProjects\skp_parser\batch_test.py - INFO - OK: 附件2：巫山县2024年重点建设项目计划.xlsx (file_id=1220, 项目 40 条)
2026-09-01 15:19:46,013 - E:\STangWork\PythonProjects\skp_parser\batch_test.py - INFO - 清除旧数据: 2024年区级重点项目清单.xlsx(文件 1 条, 项目 78 条, 特有信息 0 条, 通知 0 条, 分类声明 0 条)
2026-09-01 15:19:47,069 - E:\STangWork\PythonProjects\skp_parser\batch_test.py - INFO - OK: 2024年区级重点项目清单.xlsx (file_id=1221, 项目 78 条)
2026-09-01 15:19:48,615 - E:\STangWork\PythonProjects\skp_parser\batch_test.py - INFO - 清除旧数据: 2024年渝中区重点建设项目.xlsx(文件 1 条, 项目 20 条, 特有信息 20 条, 通知 0 条, 分类声明 0 条)
2026-09-01 15:19:49,556 - E:\STangWork\PythonProjects\skp_parser\batch_test.py - INFO - OK: 2024年渝中区重点建设项目.xlsx (file_id=1222, 项目 20 条)
2026-09-01 15:19:51,820 - E:\STangWork\PythonProjects\skp_parser\batch_test.py - INFO - 清除旧数据: 附件1 渝北区2024年重点项目名单.xlsx(文件 1 条, 项目 183 条, 特有信息 183 条, 通知 0 条, 分类声明 12 条)
2026-09-01 15:19:53,062 - E:\STangWork\PythonProjects\skp_parser\batch_test.py - INFO - OK: 附件1 渝北区2024年重点项目名单.xlsx (file_id=1223, 项目 183 条)
2026-09-01 15:19:53,798 - E:\STangWork\PythonProjects\skp_parser\batch_test.py - INFO - 清除旧数据: 2024年璧山区重点项目清单.xlsx(文件 1 条, 项目 125 条, 特有信息 125 条, 通知 0 条, 分类声明 0 条)
2026-09-01 15:19:57,551 - E:\STangWork\PythonProjects\skp_parser\batch_test.py - INFO - OK: 2024年璧山区重点项目清单.xlsx (file_id=1224, 项目 125 条)
2026-09-01 15:19:58,165 - E:\STangWork\PythonProjects\skp_parser\batch_test.py - INFO - 清除旧数据: 石柱县2024年重点项目清单.xlsx(文件 1 条, 项目 100 条, 特有信息 0 条, 通知 0 条, 分类声明 0 条)
2026-09-01 15:20:10,505 - E:\STangWork\PythonProjects\skp_parser\batch_test.py - INFO - OK: 石柱县2024年重点项目清单.xlsx (file_id=1225, 项目 101 条)
2026-09-01 15:20:14,301 - E:\STangWork\PythonProjects\skp_parser\batch_test.py - INFO - 清除旧数据: 附件2 2024年度重大建设项目清单.xlsx(文件 1 条, 项目 223 条, 特有信息 223 条, 通知 0 条, 分类声明 3 条)
2026-09-01 15:20:15,833 - E:\STangWork\PythonProjects\skp_parser\batch_test.py - INFO - OK: 附件2 2024年度重大建设项目清单.xlsx (file_id=1226, 项目 223 条)
2026-09-01 15:20:16,491 - E:\STangWork\PythonProjects\skp_parser\batch_test.py - INFO - 清除旧数据: 附件：2024年重庆市政府和社会资本合作推介项目清单.xlsx(文件 1 条, 项目 52 条, 特有信息 52 条, 通知 0 条, 分类声明 0 条)
2026-09-01 15:20:18,235 - E:\STangWork\PythonProjects\skp_parser\batch_test.py - INFO - OK: 附件：2024年重庆市政府和社会资本合作推介项目清单.xlsx (file_id=1227, 项目 51 条)
2026-09-01 15:20:19,053 - E:\STangWork\PythonProjects\skp_parser\batch_test.py - INFO - 清除旧数据: 广西重点投资合作项目（第一批）.xlsx(文件 1 条, 项目 173 条, 特有信息 173 条, 通知 0 条, 分类声明 0 条)
2026-09-01 15:20:27,571 - E:\STangWork\PythonProjects\skp_parser\batch_test.py - INFO - OK: 广西重点投资合作项目（第一批）.xlsx (file_id=1228, 项目 172 条)
2026-09-01 15:20:31,030 - E:\STangWork\PythonProjects\skp_parser\batch_test.py - INFO - 清除旧数据: 兴安盟2024年计划实施重大项目清单.xlsx(文件 1 条, 项目 206 条, 特有信息 202 条, 通知 0 条, 分类声明 2 条)
2026-09-01 15:20:31,781 - E:\STangWork\PythonProjects\skp_parser\batch_test.py - INFO - OK: 兴安盟2024年计划实施重大项目清单.xlsx (file_id=1229, 项目 203 条)
2026-09-01 15:20:35,373 - E:\STangWork\PythonProjects\skp_parser\batch_test.py - INFO - 清除旧数据: 公开版--安庆市2024年亿元以上重点项目清单.xlsx(文件 1 条, 项目 833 条, 特有信息 833 条, 通知 0 条, 分类声明 0 条)
2026-09-01 15:20:45,348 - E:\STangWork\PythonProjects\skp_parser\batch_test.py - INFO - OK: 公开版--安庆市2024年亿元以上重点项目清单.xlsx (file_id=1230, 项目 833 条)
2026-09-01 15:20:48,486 - E:\STangWork\PythonProjects\skp_parser\batch_test.py - INFO - 清除旧数据: 附件.xlsx(文件 1 条, 项目 63 条, 特有信息 63 条, 通知 0 条, 分类声明 3 条)
2026-09-01 15:20:49,645 - E:\STangWork\PythonProjects\skp_parser\batch_test.py - INFO - OK: 附件.xlsx (file_id=1231, 项目 63 条)
2026-09-01 15:20:50,471 - E:\STangWork\PythonProjects\skp_parser\batch_test.py - INFO - 清除旧数据: 附件1：2024年市级政府性项目投资计划表（续建）.xlsx(文件 1 条, 项目 12 条, 特有信息 12 条, 通知 0 条, 分类声明 0 条)
2026-09-01 15:20:54,082 - E:\STangWork\PythonProjects\skp_parser\batch_test.py - INFO - OK: 附件1：2024年市级政府性项目投资计划表（续建）.xlsx (file_id=1232, 项目 12 条)
2026-09-01 15:20:54,931 - E:\STangWork\PythonProjects\skp_parser\batch_test.py - INFO - 清除旧数据: 附件2：2024年市级政府性项目投资计划表（新建）.xlsx(文件 1 条, 项目 24 条, 特有信息 24 条, 通知 0 条, 分类声明 0 条)
2026-09-01 15:20:59,002 - E:\STangWork\PythonProjects\skp_parser\batch_test.py - INFO - OK: 附件2：2024年市级政府性项目投资计划表（新建）.xlsx (file_id=1233, 项目 24 条)
2026-09-01 15:21:02,240 - E:\STangWork\PythonProjects\skp_parser\batch_test.py - INFO - 清除旧数据: 2024年福州市重点项目目标责任表.xlsx(文件 1 条, 项目 1855 条, 特有信息 0 条, 通知 0 条, 分类声明 0 条)
2026-09-01 15:23:05,751 - E:\STangWork\PythonProjects\skp_parser\batch_test.py - INFO - OK: 2024年福州市重点项目目标责任表.xlsx (file_id=1234, 项目 1819 条)
2026-09-01 15:23:11,609 - E:\STangWork\PythonProjects\skp_parser\batch_test.py - INFO - 清除旧数据: 金政办发〔2023〕108号  附件1金昌市2024年重大前期项目清单（新建）.xlsx.xlsx(文件 1 条, 项目 295 条, 特有信息 291 条, 通知 0 条, 分类声明 36 条)
2026-09-01 15:24:35,112 - E:\STangWork\PythonProjects\skp_parser\parser\xlsx_parser.py - WARNING - E:\STangWork\STangFiles\各省重点项目：2020年起\2024年重点项目\12甘肃省2024年重点项目清单\金昌市2024年\金政办发〔2023〕108号  附件1金昌市2024年重大前期项目清单（新建）.xlsx.xlsx[1稿没项目单位]: 前 20 行未找到表头,跳过
2026-09-01 15:24:35,113 - E:\STangWork\PythonProjects\skp_parser\parser\xlsx_parser.py - WARNING - E:\STangWork\STangFiles\各省重点项目：2020年起\2024年重点项目\12甘肃省2024年重点项目清单\金昌市2024年\金政办发〔2023〕108号  附件1金昌市2024年重大前期项目清单（新建）.xlsx.xlsx[二类单位]: 前 20 行未找到表头,跳过
2026-09-01 15:24:35,117 - E:\STangWork\PythonProjects\skp_parser\parser\xlsx_parser.py - WARNING - E:\STangWork\STangFiles\各省重点项目：2020年起\2024年重点项目\12甘肃省2024年重点项目清单\金昌市2024年\金政办发〔2023〕108号  附件1金昌市2024年重大前期项目清单（新建）.xlsx.xlsx[Sheet1]: 前 20 行未找到表头,跳过
2026-09-01 15:24:35,118 - E:\STangWork\PythonProjects\skp_parser\parser\xlsx_parser.py - WARNING - E:\STangWork\STangFiles\各省重点项目：2020年起\2024年重点项目\12甘肃省2024年重点项目清单\金昌市2024年\金政办发〔2023〕108号  附件1金昌市2024年重大前期项目清单（新建）.xlsx.xlsx[Sheet2]: 前 20 行未找到表头,跳过
2026-09-01 15:24:35,122 - E:\STangWork\PythonProjects\skp_parser\main.py - WARNING - 分类校验[金政办发〔2023〕108号  附件1金昌市2024年重大前期项目清单（新建）.xlsx.xlsx] 工业创新驱动和转型升级-制造业: 标题声明 29 项,解析 16 项
2026-09-01 15:24:35,122 - E:\STangWork\PythonProjects\skp_parser\main.py - WARNING - 分类校验[金政办发〔2023〕108号  附件1金昌市2024年重大前期项目清单（新建）.xlsx.xlsx] 工业创新驱动和转型升级-节能降耗及技术提升改造: 标题声明 7 项,解析 14 项
2026-09-01 15:24:35,122 - E:\STangWork\PythonProjects\skp_parser\main.py - WARNING - 分类校验[金政办发〔2023〕108号  附件1金昌市2024年重大前期项目清单（新建）.xlsx.xlsx] 农业农村: 标题声明 24 项,解析 27 项
2026-09-01 15:24:35,123 - E:\STangWork\PythonProjects\skp_parser\main.py - WARNING - 分类校验[金政办发〔2023〕108号  附件1金昌市2024年重大前期项目清单（新建）.xlsx.xlsx] 农业农村-养殖业: 标题声明 5 项,解析 7 项
2026-09-01 15:24:35,123 - E:\STangWork\PythonProjects\skp_parser\main.py - WARNING - 分类校验[金政办发〔2023〕108号  附件1金昌市2024年重大前期项目清单（新建）.xlsx.xlsx] 社会事业: 标题声明 14 项,解析 28 项
2026-09-01 15:24:35,123 - E:\STangWork\PythonProjects\skp_parser\main.py - WARNING - 分类校验[金政办发〔2023〕108号  附件1金昌市2024年重大前期项目清单（新建）.xlsx.xlsx] 社会事业-体育: 标题声明 3 项,解析 1 项
2026-09-01 15:24:35,123 - E:\STangWork\PythonProjects\skp_parser\main.py - WARNING - 分类校验[金政办发〔2023〕108号  附件1金昌市2024年重大前期项目清单（新建）.xlsx.xlsx] 社会事业-民政及其他社会事业: 标题声明 5 项,解析 4 项
2026-09-01 15:24:35,123 - E:\STangWork\PythonProjects\skp_parser\main.py - WARNING - 分类校验[金政办发〔2023〕108号  附件1金昌市2024年重大前期项目清单（新建）.xlsx.xlsx] 基础设施补短板-园区基础设施: 标题声明 4 项,解析 8 项
2026-09-01 15:24:35,124 - E:\STangWork\PythonProjects\skp_parser\main.py - WARNING - 分类校验[金政办发〔2023〕108号  附件1金昌市2024年重大前期项目清单（新建）.xlsx.xlsx] 能源-分布式光伏: 标题声明 4 项,解析 1 项
2026-09-01 15:24:35,124 - E:\STangWork\PythonProjects\skp_parser\main.py - WARNING - 分类校验[金政办发〔2023〕108号  附件1金昌市2024年重大前期项目清单（新建）.xlsx.xlsx] 经贸物流: 标题声明 10 项,解析 9 项
2026-09-01 15:24:35,124 - E:\STangWork\PythonProjects\skp_parser\main.py - WARNING - 分类校验[金政办发〔2023〕108号  附件1金昌市2024年重大前期项目清单（新建）.xlsx.xlsx] 生态环保: 标题声明 26 项,解析 27 项
2026-09-01 15:24:35,124 - E:\STangWork\PythonProjects\skp_parser\main.py - WARNING - 分类校验[金政办发〔2023〕108号  附件1金昌市2024年重大前期项目清单（新建）.xlsx.xlsx] 生态环保-工业废弃物利用治理: 标题声明 12 项,解析 13 项
2026-09-01 15:24:35,216 - E:\STangWork\PythonProjects\skp_parser\main.py - WARNING - 通知信息解析失败 金政办发〔2023〕108号  附件1金昌市2024年重大前期项目清单（新建）.xlsx.xlsx: No /Root object! - Is this really a PDF?
2026-09-01 15:24:36,037 - E:\STangWork\PythonProjects\skp_parser\batch_test.py - INFO - OK: 金政办发〔2023〕108号  附件1金昌市2024年重大前期项目清单（新建）.xlsx.xlsx (file_id=1235, 项目 295 条)
2026-09-01 15:24:38,102 - E:\STangWork\PythonProjects\skp_parser\batch_test.py - INFO - 清除旧数据: 金政办发〔2023〕108号  附件2+金昌市2024年重大前期项目清单.xlsx.xlsx(文件 1 条, 项目 148 条, 特有信息 148 条, 通知 0 条, 分类声明 10 条)
2026-09-01 15:24:38,201 - E:\STangWork\PythonProjects\skp_parser\main.py - WARNING - 通知信息解析失败 金政办发〔2023〕108号  附件2+金昌市2024年重大前期项目清单.xlsx.xlsx: No /Root object! - Is this really a PDF?
2026-09-01 15:24:39,072 - E:\STangWork\PythonProjects\skp_parser\batch_test.py - INFO - OK: 金政办发〔2023〕108号  附件2+金昌市2024年重大前期项目清单.xlsx.xlsx (file_id=1236, 项目 148 条)
2026-09-01 15:24:39,389 - E:\STangWork\PythonProjects\skp_parser\batch_test.py - INFO - 清除旧数据: 金政办发〔2023〕109号  金昌市2024年招商引资投资机会清单（市委常委会印刷）(1).xlsx.xlsx(文件 1 条, 项目 162 条, 特有信息 162 条, 通知 0 条, 分类声明 0 条)
2026-09-01 15:24:55,244 - E:\STangWork\PythonProjects\skp_parser\main.py - WARNING - 通知信息解析失败 金政办发〔2023〕109号  金昌市2024年招商引资投资机会清单（市委常委会印刷）(1).xlsx.xlsx: No /Root object! - Is this really a PDF?
2026-09-01 15:24:55,479 - E:\STangWork\PythonProjects\skp_parser\batch_test.py - INFO - OK: 金政办发〔2023〕109号  金昌市2024年招商引资投资机会清单（市委常委会印刷）(1).xlsx.xlsx (file_id=1237, 项目 162 条)
2026-09-01 15:24:55,902 - E:\STangWork\PythonProjects\skp_parser\batch_test.py - INFO - 清除旧数据: 附件1：中山市2024年市重点建设项目计划表.xlsx(文件 1 条, 项目 402 条, 特有信息 351 条, 通知 0 条, 分类声明 3 条)
2026-09-01 15:24:56,513 - E:\STangWork\PythonProjects\skp_parser\main.py - WARNING - 分类校验[附件1：中山市2024年市重点建设项目计划表.xlsx] 基础设施工程: 标题声明 82 项,解析 104 项
2026-09-01 15:25:03,799 - E:\STangWork\PythonProjects\skp_parser\batch_test.py - INFO - OK: 附件1：中山市2024年市重点建设项目计划表.xlsx (file_id=1238, 项目 402 条)
2026-09-01 15:25:04,477 - E:\STangWork\PythonProjects\skp_parser\batch_test.py - INFO - 清除旧数据: 附件2：中山市2024年重点前期预备项目计划表.xlsx(文件 1 条, 项目 87 条, 特有信息 0 条, 通知 0 条, 分类声明 3 条)
2026-09-01 15:25:04,606 - E:\STangWork\PythonProjects\skp_parser\main.py - WARNING - 分类校验[附件2：中山市2024年重点前期预备项目计划表.xlsx] 产业工程: 标题声明 45 项,解析 46 项
2026-09-01 15:25:06,319 - E:\STangWork\PythonProjects\skp_parser\batch_test.py - INFO - OK: 附件2：中山市2024年重点前期预备项目计划表.xlsx (file_id=1239, 项目 87 条)
2026-09-01 15:25:06,561 - E:\STangWork\PythonProjects\skp_parser\batch_test.py - INFO - 清除旧数据: 潮州市2024年重点建设项目计划表.xlsx(文件 1 条, 项目 221 条, 特有信息 0 条, 通知 0 条, 分类声明 17 条)
2026-09-01 15:25:08,783 - E:\STangWork\PythonProjects\skp_parser\batch_test.py - INFO - OK: 潮州市2024年重点建设项目计划表.xlsx (file_id=1240, 项目 216 条)
2026-09-01 15:25:10,410 - E:\STangWork\PythonProjects\skp_parser\batch_test.py - INFO - 清除旧数据: 2024年贵阳贵安省级重大工程项目信息表.xlsx(文件 1 条, 项目 510 条, 特有信息 510 条, 通知 0 条, 分类声明 0 条)
2026-09-01 15:25:12,828 - E:\STangWork\PythonProjects\skp_parser\batch_test.py - INFO - OK: 2024年贵阳贵安省级重大工程项目信息表.xlsx (file_id=1241, 项目 514 条)
2026-09-01 15:25:13,803 - E:\STangWork\PythonProjects\skp_parser\batch_test.py - INFO - OK: 附件：1.海南省2024年重大项目投资计划表.xlsx (file_id=1242, 项目 277 条)
2026-09-01 15:25:13,928 - E:\STangWork\PythonProjects\skp_parser\batch_test.py - INFO - 清除旧数据: 附件：2.海南省2024年预备重大项目投资计划表.xlsx(文件 1 条, 项目 112 条, 特有信息 0 条, 通知 0 条, 分类声明 0 条)
2026-09-01 15:25:14,218 - E:\STangWork\PythonProjects\skp_parser\batch_test.py - INFO - OK: 附件：2.海南省2024年预备重大项目投资计划表.xlsx (file_id=1243, 项目 103 条)
2026-09-01 15:25:14,535 - E:\STangWork\PythonProjects\skp_parser\batch_test.py - INFO - 清除旧数据: 1.襄阳市2024年省级重点项目建设计划.xlsx(文件 1 条, 项目 52 条, 特有信息 52 条, 通知 0 条, 分类声明 8 条)
2026-09-01 15:25:16,478 - E:\STangWork\PythonProjects\skp_parser\batch_test.py - INFO - OK: 1.襄阳市2024年省级重点项目建设计划.xlsx (file_id=1244, 项目 53 条)
2026-09-01 15:25:17,353 - E:\STangWork\PythonProjects\skp_parser\batch_test.py - INFO - 清除旧数据: 2.襄阳市2024年市级重点项目建设计划.xlsx(文件 1 条, 项目 90 条, 特有信息 90 条, 通知 0 条, 分类声明 6 条)
2026-09-01 15:25:18,698 - E:\STangWork\PythonProjects\skp_parser\batch_test.py - INFO - OK: 2.襄阳市2024年市级重点项目建设计划.xlsx (file_id=1245, 项目 90 条)
2026-09-01 15:25:20,403 - E:\STangWork\PythonProjects\skp_parser\batch_test.py - INFO - 清除旧数据: 附件：2024年湘潭市重点建设项目名单.xlsx(文件 1 条, 项目 548 条, 特有信息 0 条, 通知 0 条, 分类声明 0 条)
2026-09-01 15:25:20,498 - E:\STangWork\PythonProjects\skp_parser\parser\xlsx_parser.py - WARNING - E:\STangWork\STangFiles\各省重点项目：2020年起\2024年重点项目\20湖南省2024年重点项目清单\湘潭市2024年\附件：2024年湘潭市重点建设项目名单.xlsx[Sheet3]: 前 20 行未找到表头,跳过
2026-09-01 15:25:25,969 - E:\STangWork\PythonProjects\skp_parser\batch_test.py - INFO - OK: 附件：2024年湘潭市重点建设项目名单.xlsx (file_id=1246, 项目 548 条)
2026-09-01 15:25:26,912 - E:\STangWork\PythonProjects\skp_parser\batch_test.py - INFO - 清除旧数据: 2024年宜兴市重大产业项目清单.xlsx(文件 1 条, 项目 204 条, 特有信息 204 条, 通知 0 条, 分类声明 0 条)
2026-09-01 15:25:29,797 - E:\STangWork\PythonProjects\skp_parser\batch_test.py - INFO - OK: 2024年宜兴市重大产业项目清单.xlsx (file_id=1247, 项目 204 条)
2026-09-01 15:25:34,098 - E:\STangWork\PythonProjects\skp_parser\batch_test.py - INFO - 清除旧数据: 2024年省级重点工程项目名单.xlsx(文件 1 条, 项目 946 条, 特有信息 946 条, 通知 0 条, 分类声明 0 条)
2026-09-01 15:25:42,745 - E:\STangWork\PythonProjects\skp_parser\batch_test.py - INFO - OK: 2024年省级重点工程项目名单.xlsx (file_id=1248, 项目 945 条)
2026-09-01 15:25:46,025 - E:\STangWork\PythonProjects\skp_parser\batch_test.py - INFO - 清除旧数据: 渭南市2024年重点建设项目建设计划表(新建).xlsx(文件 1 条, 项目 221 条, 特有信息 221 条, 通知 0 条, 分类声明 0 条)
2026-09-01 15:26:04,908 - E:\STangWork\PythonProjects\skp_parser\batch_test.py - INFO - OK: 渭南市2024年重点建设项目建设计划表(新建).xlsx (file_id=1249, 项目 223 条)
2026-09-01 15:26:05,744 - E:\STangWork\PythonProjects\skp_parser\batch_test.py - INFO - 清除旧数据: 渭南市2024年重点建设项目建设计划表(续建).xlsx(文件 1 条, 项目 193 条, 特有信息 193 条, 通知 0 条, 分类声明 2 条)
2026-09-01 15:26:20,536 - E:\STangWork\PythonProjects\skp_parser\batch_test.py - INFO - OK: 渭南市2024年重点建设项目建设计划表(续建).xlsx (file_id=1250, 项目 195 条)
2026-09-01 15:26:21,882 - E:\STangWork\PythonProjects\skp_parser\batch_test.py - INFO - 清除旧数据: 1.共建成渝地区双城经济圈2024年重大项目清单.xlsx(文件 1 条, 项目 303 条, 特有信息 0 条, 通知 0 条, 分类声明 0 条)
2026-09-01 15:26:26,801 - E:\STangWork\PythonProjects\skp_parser\batch_test.py - INFO - OK: 1.共建成渝地区双城经济圈2024年重大项目清单.xlsx (file_id=1251, 项目 303 条)
2026-09-01 15:26:28,411 - E:\STangWork\PythonProjects\skp_parser\batch_test.py - INFO - 清除旧数据: 内江市2024年重点项目清单.xlsx(文件 1 条, 项目 381 条, 特有信息 381 条, 通知 0 条, 分类声明 3 条)
2026-09-01 15:26:28,655 - E:\STangWork\PythonProjects\skp_parser\parser\xlsx_parser.py - WARNING - E:\STangWork\STangFiles\各省重点项目：2020年起\2024年重点项目\29四川省2024年重点项目清单\内江市2024年\内江市2024年重点项目清单.xlsx[封面]: 前 20 行未找到表头,跳过
2026-09-01 15:26:28,774 - E:\STangWork\PythonProjects\skp_parser\main.py - WARNING - 分类校验[内江市2024年重点项目清单.xlsx] 基础设施建设-交通基础设施（区域物流枢纽）: 标题声明 19 项,解析 0 项
2026-09-01 15:26:28,774 - E:\STangWork\PythonProjects\skp_parser\main.py - WARNING - 分类校验[内江市2024年重点项目清单.xlsx] 公路-农村面貌改善: 标题声明 18 项,解析 0 项
2026-09-01 15:26:28,774 - E:\STangWork\PythonProjects\skp_parser\main.py - WARNING - 分类校验[内江市2024年重点项目清单.xlsx] 公路-乡村基础设施（农村面貌改善）: 标题声明 18 项,解析 0 项
2026-09-01 15:26:28,775 - E:\STangWork\PythonProjects\skp_parser\main.py - WARNING - 分类校验[内江市2024年重点项目清单.xlsx] 高速公路-乡村基础设施（农村面貌改善）: 标题声明 3 项,解析 0 项
2026-09-01 15:26:30,737 - E:\STangWork\PythonProjects\skp_parser\batch_test.py - INFO - OK: 内江市2024年重点项目清单.xlsx (file_id=1252, 项目 381 条)
2026-09-01 15:26:31,198 - E:\STangWork\PythonProjects\skp_parser\batch_test.py - INFO - 清除旧数据: 2024年阿坝州重点项目名单.xlsx(文件 1 条, 项目 92 条, 特有信息 0 条, 通知 0 条, 分类声明 0 条)
2026-09-01 15:26:31,697 - E:\STangWork\PythonProjects\skp_parser\batch_test.py - INFO - OK: 2024年阿坝州重点项目名单.xlsx (file_id=1253, 项目 92 条)
2026-09-01 15:26:33,102 - E:\STangWork\PythonProjects\skp_parser\batch_test.py - INFO - 清除旧数据: 附件1.昆明市2024年市级重大项目计划表(在建项目).xlsx(文件 1 条, 项目 263 条, 特有信息 263 条, 通知 0 条, 分类声明 0 条)
2026-09-01 15:26:37,778 - E:\STangWork\PythonProjects\skp_parser\batch_test.py - INFO - OK: 附件1.昆明市2024年市级重大项目计划表(在建项目).xlsx (file_id=1254, 项目 264 条)
2026-09-01 15:26:39,858 - E:\STangWork\PythonProjects\skp_parser\batch_test.py - INFO - 清除旧数据: 附件2.昆明市2024年市级重大项目计划表(新开工项目).xlsx(文件 1 条, 项目 203 条, 特有信息 200 条, 通知 0 条, 分类声明 0 条)
2026-09-01 15:26:42,269 - E:\STangWork\PythonProjects\skp_parser\batch_test.py - INFO - OK: 附件2.昆明市2024年市级重大项目计划表(新开工项目).xlsx (file_id=1255, 项目 204 条)
2026-09-01 15:26:42,850 - E:\STangWork\PythonProjects\skp_parser\batch_test.py - INFO - 清除旧数据: 附件3.昆明市2024年市级重大项目计划表(前期项目).xlsx(文件 1 条, 项目 41 条, 特有信息 40 条, 通知 0 条, 分类声明 0 条)
2026-09-01 15:26:43,515 - E:\STangWork\PythonProjects\skp_parser\batch_test.py - INFO - OK: 附件3.昆明市2024年市级重大项目计划表(前期项目).xlsx (file_id=1256, 项目 41 条)
2026-09-01 15:26:43,680 - E:\STangWork\PythonProjects\skp_parser\batch_test.py - INFO - 清除旧数据: 附件4.昆明市2024年市级重大项目计划表(重中之重项目).xlsx(文件 1 条, 项目 40 条, 特有信息 40 条, 通知 0 条, 分类声明 0 条)
2026-09-01 15:26:43,936 - E:\STangWork\PythonProjects\skp_parser\batch_test.py - INFO - OK: 附件4.昆明市2024年市级重大项目计划表(重中之重项目).xlsx (file_id=1257, 项目 40 条)
2026-09-01 15:26:44,364 - E:\STangWork\PythonProjects\skp_parser\batch_test.py - INFO - OK: 普洱市2024年市级重点项目清单.xlsx (file_id=1258, 项目 199 条)
2026-09-01 15:26:45,379 - E:\STangWork\PythonProjects\skp_parser\batch_test.py - INFO - 清除旧数据: 附件：迪庆藏族自治州 2024年重点建设项目计划及责任分解表.xlsx(文件 1 条, 项目 204 条, 特有信息 197 条, 通知 0 条, 分类声明 0 条)
2026-09-01 15:26:47,318 - E:\STangWork\PythonProjects\skp_parser\batch_test.py - INFO - OK: 附件：迪庆藏族自治州 2024年重点建设项目计划及责任分解表.xlsx (file_id=1259, 项目 199 条)
2026-09-01 15:26:54,064 - E:\STangWork\PythonProjects\skp_parser\batch_test.py - INFO - 清除旧数据: 附件：1.云南省2024年度省级重大项目清单.xlsx(文件 1 条, 项目 1650 条, 特有信息 1650 条, 通知 0 条, 分类声明 7 条)
2026-09-01 15:27:10,335 - E:\STangWork\PythonProjects\skp_parser\batch_test.py - INFO - OK: 附件：1.云南省2024年度省级重大项目清单.xlsx (file_id=1260, 项目 1650 条)
2026-09-01 15:27:12,579 - E:\STangWork\PythonProjects\skp_parser\batch_test.py - INFO - 清除旧数据: 附件：2.云南省2024年度“重中之重”项目清单.xlsx(文件 1 条, 项目 115 条, 特有信息 115 条, 通知 0 条, 分类声明 6 条)
2026-09-01 15:27:17,104 - E:\STangWork\PythonProjects\skp_parser\batch_test.py - INFO - OK: 附件：2.云南省2024年度“重中之重”项目清单.xlsx (file_id=1261, 项目 115 条)
2026-09-01 15:27:21,656 - E:\STangWork\PythonProjects\skp_parser\batch_test.py - INFO - 清除旧数据: 台州市2024年度重大项目计划.xlsx(文件 1 条, 项目 777 条, 特有信息 763 条, 通知 0 条, 分类声明 28 条)
2026-09-01 15:27:24,239 - E:\STangWork\PythonProjects\skp_parser\parser\xlsx_parser.py - WARNING - E:\STangWork\STangFiles\各省重点项目：2020年起\2024年重点项目\31浙江省2024年重点项目清单\台州市2024年\台州市2024年度重大项目计划.xlsx[Sheet2]: 前 20 行未找到表头,跳过
2026-09-01 15:27:24,240 - E:\STangWork\PythonProjects\skp_parser\parser\xlsx_parser.py - WARNING - E:\STangWork\STangFiles\各省重点项目：2020年起\2024年重点项目\31浙江省2024年重点项目清单\台州市2024年\台州市2024年度重大项目计划.xlsx[Sheet3]: 前 20 行未找到表头,跳过
2026-09-01 15:27:34,227 - E:\STangWork\PythonProjects\skp_parser\batch_test.py - INFO - OK: 台州市2024年度重大项目计划.xlsx (file_id=1262, 项目 778 条)
2026-09-01 15:27:37,351 - E:\STangWork\PythonProjects\skp_parser\batch_test.py - INFO - 清除旧数据: 附件 《2024年宁波市重点工程建设计划（公开征求意见稿）》.xlsx(文件 1 条, 项目 359 条, 特有信息 0 条, 通知 0 条, 分类声明 0 条)
2026-09-01 15:27:39,004 - E:\STangWork\PythonProjects\skp_parser\batch_test.py - INFO - OK: 附件 《2024年宁波市重点工程建设计划（公开征求意见稿）》.xlsx (file_id=1263, 项目 351 条)
2026-09-01 15:27:41,264 - E:\STangWork\PythonProjects\skp_parser\batch_test.py - INFO - 清除旧数据: 2025年上海市重大工程清单.xlsx(文件 1 条, 项目 223 条, 特有信息 186 条, 通知 0 条, 分类声明 15 条)
2026-09-01 15:27:41,651 - E:\STangWork\PythonProjects\skp_parser\main.py - WARNING - 分类校验[2025年上海市重大工程清单.xlsx] 社会民生类: 标题声明 12 项,解析 27 项
2026-09-01 15:27:41,652 - E:\STangWork\PythonProjects\skp_parser\main.py - WARNING - 分类校验[2025年上海市重大工程清单.xlsx] 生态文明建设类: 标题声明 3 项,解析 15 项
2026-09-01 15:27:41,652 - E:\STangWork\PythonProjects\skp_parser\main.py - WARNING - 分类校验[2025年上海市重大工程清单.xlsx] 城市基础设施类: 标题声明 3 项,解析 65 项
2026-09-01 15:27:41,652 - E:\STangWork\PythonProjects\skp_parser\main.py - WARNING - 分类校验[2025年上海市重大工程清单.xlsx] 城乡融合与乡村振兴类: 标题声明 8 项,解析 13 项
2026-09-01 15:27:43,822 - E:\STangWork\PythonProjects\skp_parser\batch_test.py - INFO - OK: 2025年上海市重大工程清单.xlsx (file_id=1264, 项目 218 条)
2026-09-01 15:27:44,899 - E:\STangWork\PythonProjects\skp_parser\batch_test.py - INFO - 清除旧数据: 2025年区重大工程项目清单.xlsx(文件 1 条, 项目 97 条, 特有信息 97 条, 通知 0 条, 分类声明 0 条)
2026-09-01 15:27:45,006 - E:\STangWork\PythonProjects\skp_parser\parser\base_parser.py - INFO - 合并表头修正: project_name 列 1 → 2
2026-09-01 15:27:45,277 - E:\STangWork\PythonProjects\skp_parser\batch_test.py - INFO - OK: 2025年区重大工程项目清单.xlsx (file_id=1265, 项目 18 条)
2026-09-01 15:27:46,011 - E:\STangWork\PythonProjects\skp_parser\batch_test.py - INFO - 清除旧数据: 2025年东丽区市级重点储备项目清单.xlsx(文件 1 条, 项目 6 条, 特有信息 0 条, 通知 0 条, 分类声明 0 条)
2026-09-01 15:27:46,390 - E:\STangWork\PythonProjects\skp_parser\batch_test.py - INFO - OK: 2025年东丽区市级重点储备项目清单.xlsx (file_id=1266, 项目 6 条)
2026-09-01 15:27:47,133 - E:\STangWork\PythonProjects\skp_parser\batch_test.py - INFO - 清除旧数据: 2025年东丽区市级重点建设项目清单.xlsx(文件 1 条, 项目 50 条, 特有信息 0 条, 通知 0 条, 分类声明 0 条)
2026-09-01 15:27:47,591 - E:\STangWork\PythonProjects\skp_parser\batch_test.py - INFO - OK: 2025年东丽区市级重点建设项目清单.xlsx (file_id=1267, 项目 50 条)
2026-09-01 15:27:49,525 - E:\STangWork\PythonProjects\skp_parser\batch_test.py - INFO - 清除旧数据: 《2025年滨海新区市级重点建设、储备项目清单》原文下载.xlsx(文件 1 条, 项目 347 条, 特有信息 17 条, 通知 0 条, 分类声明 0 条)
2026-09-01 15:27:51,991 - E:\STangWork\PythonProjects\skp_parser\batch_test.py - INFO - OK: 《2025年滨海新区市级重点建设、储备项目清单》原文下载.xlsx (file_id=1268, 项目 347 条)
2026-09-01 15:27:53,371 - E:\STangWork\PythonProjects\skp_parser\batch_test.py - INFO - 清除旧数据: 2025年静海区区级重点项目清单.xlsx(文件 1 条, 项目 52 条, 特有信息 50 条, 通知 0 条, 分类声明 2 条)
2026-09-01 15:27:55,810 - E:\STangWork\PythonProjects\skp_parser\batch_test.py - INFO - OK: 2025年静海区区级重点项目清单.xlsx (file_id=1269, 项目 52 条)
2026-09-01 15:27:57,461 - E:\STangWork\PythonProjects\skp_parser\batch_test.py - INFO - 清除旧数据: 万州区2025年“四个一批”项目计划.xlsx(文件 1 条, 项目 421 条, 特有信息 0 条, 通知 0 条, 分类声明 0 条)
2026-09-01 15:27:59,145 - E:\STangWork\PythonProjects\skp_parser\batch_test.py - INFO - OK: 万州区2025年“四个一批”项目计划.xlsx (file_id=1270, 项目 421 条)
2026-09-01 15:28:00,327 - E:\STangWork\PythonProjects\skp_parser\batch_test.py - INFO - 清除旧数据: 万盛2025年重点项目清单.xlsx(文件 1 条, 项目 76 条, 特有信息 76 条, 通知 0 条, 分类声明 10 条)
2026-09-01 15:28:01,921 - E:\STangWork\PythonProjects\skp_parser\batch_test.py - INFO - OK: 万盛2025年重点项目清单.xlsx (file_id=1271, 项目 76 条)
2026-09-01 15:28:03,589 - E:\STangWork\PythonProjects\skp_parser\batch_test.py - INFO - 清除旧数据: 2025年九龙坡区区级重点项目清单.xlsx(文件 1 条, 项目 177 条, 特有信息 177 条, 通知 0 条, 分类声明 0 条)
2026-09-01 15:28:06,102 - E:\STangWork\PythonProjects\skp_parser\batch_test.py - INFO - OK: 2025年九龙坡区区级重点项目清单.xlsx (file_id=1272, 项目 176 条)
2026-09-01 15:28:08,631 - E:\STangWork\PythonProjects\skp_parser\batch_test.py - INFO - 清除旧数据: 重庆市垫江县2025年重点前期项目清单.xlsx(文件 1 条, 项目 173 条, 特有信息 156 条, 通知 0 条, 分类声明 0 条)
2026-09-01 15:28:10,539 - E:\STangWork\PythonProjects\skp_parser\batch_test.py - INFO - OK: 重庆市垫江县2025年重点前期项目清单.xlsx (file_id=1273, 项目 177 条)
2026-09-01 15:28:12,637 - E:\STangWork\PythonProjects\skp_parser\batch_test.py - INFO - 清除旧数据: 重庆市垫江县2025年重点建设项目清单.xlsx(文件 1 条, 项目 194 条, 特有信息 178 条, 通知 0 条, 分类声明 0 条)
2026-09-01 15:28:14,716 - E:\STangWork\PythonProjects\skp_parser\batch_test.py - INFO - OK: 重庆市垫江县2025年重点建设项目清单.xlsx (file_id=1274, 项目 194 条)
2026-09-01 15:28:16,997 - E:\STangWork\PythonProjects\skp_parser\batch_test.py - INFO - 清除旧数据: 城口县2025年重点项目投资计划表.xlsx(文件 1 条, 项目 120 条, 特有信息 120 条, 通知 0 条, 分类声明 13 条)
2026-09-01 15:28:18,635 - E:\STangWork\PythonProjects\skp_parser\batch_test.py - INFO - OK: 城口县2025年重点项目投资计划表.xlsx (file_id=1275, 项目 120 条)
2026-09-01 15:28:23,679 - E:\STangWork\PythonProjects\skp_parser\batch_test.py - INFO - 清除旧数据: 附件 大足区2025年度项目“三张清单”（删减）.xlsx(文件 1 条, 项目 951 条, 特有信息 951 条, 通知 0 条, 分类声明 56 条)
2026-09-01 15:28:24,122 - E:\STangWork\PythonProjects\skp_parser\parser\base_parser.py - INFO - 合并表头修正: project_name 列 0 → 1
2026-09-01 15:28:24,151 - E:\STangWork\PythonProjects\skp_parser\parser\base_parser.py - INFO - 合并表头修正: project_name 列 0 → 1
2026-09-01 15:28:24,265 - E:\STangWork\PythonProjects\skp_parser\main.py - WARNING - 分类校验[附件 大足区2025年度项目“三张清单”（删减）.xlsx] 海棠新城开发区: 标题声明 24 项,解析 3 项
2026-09-01 15:28:24,265 - E:\STangWork\PythonProjects\skp_parser\main.py - WARNING - 分类校验[附件 大足区2025年度项目“三张清单”（删减）.xlsx] 大足石刻研究院: 标题声明 41 项,解析 11 项
2026-09-01 15:28:24,265 - E:\STangWork\PythonProjects\skp_parser\main.py - WARNING - 分类校验[附件 大足区2025年度项目“三张清单”（删减）.xlsx] 区教委: 标题声明 16 项,解析 5 项
2026-09-01 15:28:24,266 - E:\STangWork\PythonProjects\skp_parser\main.py - WARNING - 分类校验[附件 大足区2025年度项目“三张清单”（删减）.xlsx] 区公安局: 标题声明 11 项,解析 5 项
2026-09-01 15:28:24,266 - E:\STangWork\PythonProjects\skp_parser\main.py - WARNING - 分类校验[附件 大足区2025年度项目“三张清单”（删减）.xlsx] 区民政局: 标题声明 3 项,解析 0 项
2026-09-01 15:28:24,266 - E:\STangWork\PythonProjects\skp_parser\main.py - WARNING - 分类校验[附件 大足区2025年度项目“三张清单”（删减）.xlsx] 区生态环境局: 标题声明 21 项,解析 8 项
2026-09-01 15:28:24,266 - E:\STangWork\PythonProjects\skp_parser\main.py - WARNING - 分类校验[附件 大足区2025年度项目“三张清单”（删减）.xlsx] 区住房城乡建委: 标题声明 67 项,解析 22 项
2026-09-01 15:28:24,266 - E:\STangWork\PythonProjects\skp_parser\main.py - WARNING - 分类校验[附件 大足区2025年度项目“三张清单”（删减）.xlsx] 区交通运输委: 标题声明 27 项,解析 8 项
2026-09-01 15:28:24,266 - E:\STangWork\PythonProjects\skp_parser\main.py - WARNING - 分类校验[附件 大足区2025年度项目“三张清单”（删减）.xlsx] 区水利局: 标题声明 58 项,解析 24 项
2026-09-01 15:28:24,266 - E:\STangWork\PythonProjects\skp_parser\main.py - WARNING - 分类校验[附件 大足区2025年度项目“三张清单”（删减）.xlsx] 区农业农村委: 标题声明 22 项,解析 9 项
2026-09-01 15:28:24,267 - E:\STangWork\PythonProjects\skp_parser\main.py - WARNING - 分类校验[附件 大足区2025年度项目“三张清单”（删减）.xlsx] 区卫生健康委: 标题声明 27 项,解析 7 项
2026-09-01 15:28:24,267 - E:\STangWork\PythonProjects\skp_parser\main.py - WARNING - 分类校验[附件 大足区2025年度项目“三张清单”（删减）.xlsx] 区商务委: 标题声明 6 项,解析 1 项
2026-09-01 15:28:24,267 - E:\STangWork\PythonProjects\skp_parser\main.py - WARNING - 分类校验[附件 大足区2025年度项目“三张清单”（删减）.xlsx] 区退役军人事务局: 标题声明 1 项,解析 0 项
2026-09-01 15:28:24,267 - E:\STangWork\PythonProjects\skp_parser\main.py - WARNING - 分类校验[附件 大足区2025年度项目“三张清单”（删减）.xlsx] 区规划自然资源局: 标题声明 8 项,解析 3 项
2026-09-01 15:28:24,267 - E:\STangWork\PythonProjects\skp_parser\main.py - WARNING - 分类校验[附件 大足区2025年度项目“三张清单”（删减）.xlsx] 区林业局: 标题声明 1 项,解析 0 项
2026-09-01 15:28:24,267 - E:\STangWork\PythonProjects\skp_parser\main.py - WARNING - 分类校验[附件 大足区2025年度项目“三张清单”（删减）.xlsx] 区城市管理局: 标题声明 6 项,解析 5 项
2026-09-01 15:28:24,267 - E:\STangWork\PythonProjects\skp_parser\main.py - WARNING - 分类校验[附件 大足区2025年度项目“三张清单”（删减）.xlsx] 棠香街道: 标题声明 1 项,解析 0 项
2026-09-01 15:28:24,267 - E:\STangWork\PythonProjects\skp_parser\main.py - WARNING - 分类校验[附件 大足区2025年度项目“三张清单”（删减）.xlsx] 龙岗街道: 标题声明 3 项,解析 0 项
2026-09-01 15:28:24,268 - E:\STangWork\PythonProjects\skp_parser\main.py - WARNING - 分类校验[附件 大足区2025年度项目“三张清单”（删减）.xlsx] 雍溪镇: 标题声明 1 项,解析 0 项
2026-09-01 15:28:24,268 - E:\STangWork\PythonProjects\skp_parser\main.py - WARNING - 分类校验[附件 大足区2025年度项目“三张清单”（删减）.xlsx] 宝顶镇: 标题声明 1 项,解析 0 项
2026-09-01 15:28:24,268 - E:\STangWork\PythonProjects\skp_parser\main.py - WARNING - 分类校验[附件 大足区2025年度项目“三张清单”（删减）.xlsx] 建设局: 标题声明 52 项,解析 16 项
2026-09-01 15:28:24,268 - E:\STangWork\PythonProjects\skp_parser\main.py - WARNING - 分类校验[附件 大足区2025年度项目“三张清单”（删减）.xlsx] 经开区各镇街: 标题声明 36 项,解析 11 项
2026-09-01 15:28:24,268 - E:\STangWork\PythonProjects\skp_parser\main.py - WARNING - 分类校验[附件 大足区2025年度项目“三张清单”（删减）.xlsx] 经开区生态环境局: 标题声明 1 项,解析 0 项
2026-09-01 15:28:24,269 - E:\STangWork\PythonProjects\skp_parser\main.py - WARNING - 分类校验[附件 大足区2025年度项目“三张清单”（删减）.xlsx] 其他策划项目: 标题声明 1 项,解析 0 项
2026-09-01 15:28:24,269 - E:\STangWork\PythonProjects\skp_parser\main.py - WARNING - 分类校验[附件 大足区2025年度项目“三张清单”（删减）.xlsx] 高科集团: 标题声明 64 项,解析 37 项
2026-09-01 15:28:24,269 - E:\STangWork\PythonProjects\skp_parser\main.py - WARNING - 分类校验[附件 大足区2025年度项目“三张清单”（删减）.xlsx] 高科集团-高科本部: 标题声明 13 项,解析 0 项
2026-09-01 15:28:24,269 - E:\STangWork\PythonProjects\skp_parser\main.py - WARNING - 分类校验[附件 大足区2025年度项目“三张清单”（删减）.xlsx] 高科集团-永晟公司: 标题声明 20 项,解析 8 项
2026-09-01 15:28:24,269 - E:\STangWork\PythonProjects\skp_parser\main.py - WARNING - 分类校验[附件 大足区2025年度项目“三张清单”（删减）.xlsx] 高科集团-开建公司: 标题声明 30 项,解析 9 项
2026-09-01 15:28:24,269 - E:\STangWork\PythonProjects\skp_parser\main.py - WARNING - 分类校验[附件 大足区2025年度项目“三张清单”（删减）.xlsx] 高科集团-园区公司: 标题声明 10 项,解析 4 项
2026-09-01 15:28:24,269 - E:\STangWork\PythonProjects\skp_parser\main.py - WARNING - 分类校验[附件 大足区2025年度项目“三张清单”（删减）.xlsx] 发展（开创）集团: 标题声明 61 项,解析 19 项
2026-09-01 15:28:24,270 - E:\STangWork\PythonProjects\skp_parser\main.py - WARNING - 分类校验[附件 大足区2025年度项目“三张清单”（删减）.xlsx] 文旅集团: 标题声明 62 项,解析 13 项
2026-09-01 15:28:24,270 - E:\STangWork\PythonProjects\skp_parser\main.py - WARNING - 分类校验[附件 大足区2025年度项目“三张清单”（删减）.xlsx] 文旅集团-文旅集团: 标题声明 1 项,解析 0 项
2026-09-01 15:28:24,270 - E:\STangWork\PythonProjects\skp_parser\main.py - WARNING - 分类校验[附件 大足区2025年度项目“三张清单”（删减）.xlsx] 文旅集团-旅游集团: 标题声明 23 项,解析 10 项
2026-09-01 15:28:24,270 - E:\STangWork\PythonProjects\skp_parser\main.py - WARNING - 分类校验[附件 大足区2025年度项目“三张清单”（删减）.xlsx] 文旅集团-鑫发集团: 标题声明 8 项,解析 3 项
2026-09-01 15:28:24,270 - E:\STangWork\PythonProjects\skp_parser\main.py - WARNING - 分类校验[附件 大足区2025年度项目“三张清单”（删减）.xlsx] 文旅集团-龙水湖公司: 标题声明 7 项,解析 0 项
2026-09-01 15:28:24,270 - E:\STangWork\PythonProjects\skp_parser\main.py - WARNING - 分类校验[附件 大足区2025年度项目“三张清单”（删减）.xlsx] 新双圈公司: 标题声明 52 项,解析 10 项
2026-09-01 15:28:24,270 - E:\STangWork\PythonProjects\skp_parser\main.py - WARNING - 分类校验[附件 大足区2025年度项目“三张清单”（删减）.xlsx] 行政区: 标题声明 340 项,解析 0 项
2026-09-01 15:28:24,270 - E:\STangWork\PythonProjects\skp_parser\main.py - WARNING - 分类校验[附件 大足区2025年度项目“三张清单”（删减）.xlsx] 区经济信息委: 标题声明 10 项,解析 5 项
2026-09-01 15:28:24,271 - E:\STangWork\PythonProjects\skp_parser\main.py - WARNING - 分类校验[附件 大足区2025年度项目“三张清单”（删减）.xlsx] 大足高新区: 标题声明 200 项,解析 80 项
2026-09-01 15:28:24,271 - E:\STangWork\PythonProjects\skp_parser\main.py - WARNING - 分类校验[附件 大足区2025年度项目“三张清单”（删减）.xlsx] 大足高新区-龙水园: 标题声明 22 项,解析 9 项
2026-09-01 15:28:24,271 - E:\STangWork\PythonProjects\skp_parser\main.py - WARNING - 分类校验[附件 大足区2025年度项目“三张清单”（删减）.xlsx] 大足高新区-万古园: 标题声明 21 项,解析 9 项
2026-09-01 15:28:24,271 - E:\STangWork\PythonProjects\skp_parser\main.py - WARNING - 分类校验[附件 大足区2025年度项目“三张清单”（删减）.xlsx] 大足高新区-三驱园: 标题声明 7 项,解析 0 项
2026-09-01 15:28:24,271 - E:\STangWork\PythonProjects\skp_parser\main.py - WARNING - 分类校验[附件 大足区2025年度项目“三张清单”（删减）.xlsx] 金山镇: 标题声明 1 项,解析 0 项
2026-09-01 15:28:24,272 - E:\STangWork\PythonProjects\skp_parser\main.py - WARNING - 分类校验[附件 大足区2025年度项目“三张清单”（删减）.xlsx] 双桥经开区: 标题声明 42 项,解析 0 项
2026-09-01 15:28:24,272 - E:\STangWork\PythonProjects\skp_parser\main.py - WARNING - 分类校验[附件 大足区2025年度项目“三张清单”（删减）.xlsx] 双桥园区: 标题声明 35 项,解析 14 项
2026-09-01 15:28:24,272 - E:\STangWork\PythonProjects\skp_parser\main.py - WARNING - 分类校验[附件 大足区2025年度项目“三张清单”（删减）.xlsx] 邮亭产发中心: 标题声明 32 项,解析 11 项
2026-09-01 15:28:24,272 - E:\STangWork\PythonProjects\skp_parser\main.py - WARNING - 分类校验[附件 大足区2025年度项目“三张清单”（删减）.xlsx] 区龙水湖旅游度假区发展中心: 标题声明 22 项,解析 14 项
2026-09-01 15:28:24,272 - E:\STangWork\PythonProjects\skp_parser\main.py - WARNING - 分类校验[附件 大足区2025年度项目“三张清单”（删减）.xlsx] 高科集团-集团本部: 标题声明 20 项,解析 15 项
2026-09-01 15:28:24,272 - E:\STangWork\PythonProjects\skp_parser\main.py - WARNING - 分类校验[附件 大足区2025年度项目“三张清单”（删减）.xlsx] 经开区: 标题声明 50 项,解析 0 项
2026-09-01 15:28:24,272 - E:\STangWork\PythonProjects\skp_parser\main.py - WARNING - 分类校验[附件 大足区2025年度项目“三张清单”（删减）.xlsx] 发展（开创）集团-发展集团: 标题声明 3 项,解析 0 项
2026-09-01 15:28:24,273 - E:\STangWork\PythonProjects\skp_parser\main.py - WARNING - 分类校验[附件 大足区2025年度项目“三张清单”（删减）.xlsx] 发展（开创）集团-开创集团: 标题声明 17 项,解析 0 项
2026-09-01 15:28:24,273 - E:\STangWork\PythonProjects\skp_parser\main.py - WARNING - 分类校验[附件 大足区2025年度项目“三张清单”（删减）.xlsx] 文旅集团-旅业公司: 标题声明 11 项,解析 0 项
2026-09-01 15:28:24,273 - E:\STangWork\PythonProjects\skp_parser\main.py - WARNING - 分类校验[附件 大足区2025年度项目“三张清单”（删减）.xlsx] 文旅集团-鑫发公司: 标题声明 6 项,解析 0 项
2026-09-01 15:28:24,273 - E:\STangWork\PythonProjects\skp_parser\main.py - WARNING - 分类校验[附件 大足区2025年度项目“三张清单”（删减）.xlsx] 高科集团-足锶集团: 标题声明 3 项,解析 0 项
2026-09-01 15:28:34,074 - E:\STangWork\PythonProjects\skp_parser\batch_test.py - INFO - OK: 附件 大足区2025年度项目“三张清单”（删减）.xlsx (file_id=1276, 项目 954 条)
2026-09-01 15:28:38,653 - E:\STangWork\PythonProjects\skp_parser\batch_test.py - INFO - 清除旧数据: 奉节府办发〔2025〕10号附件1-3.xlsx(文件 1 条, 项目 228 条, 特有信息 228 条, 通知 0 条, 分类声明 24 条)
2026-09-01 15:28:39,252 - E:\STangWork\PythonProjects\skp_parser\main.py - WARNING - 通知信息解析失败 奉节府办发〔2025〕10号附件1-3.xlsx: No /Root object! - Is this really a PDF?
2026-09-01 15:28:43,003 - E:\STangWork\PythonProjects\skp_parser\batch_test.py - INFO - OK: 奉节府办发〔2025〕10号附件1-3.xlsx (file_id=1277, 项目 232 条)
2026-09-01 15:28:48,335 - E:\STangWork\PythonProjects\skp_parser\batch_test.py - INFO - 清除旧数据: 忠府发〔2025〕4号 附件.xlsx(文件 1 条, 项目 305 条, 特有信息 305 条, 通知 0 条, 分类声明 0 条)
2026-09-01 15:28:48,853 - E:\STangWork\PythonProjects\skp_parser\main.py - WARNING - 通知信息解析失败 忠府发〔2025〕4号 附件.xlsx: No /Root object! - Is this really a PDF?
2026-09-01 15:28:50,696 - E:\STangWork\PythonProjects\skp_parser\batch_test.py - INFO - OK: 忠府发〔2025〕4号 附件.xlsx (file_id=1278, 项目 309 条)
2026-09-01 15:28:51,793 - E:\STangWork\PythonProjects\skp_parser\batch_test.py - INFO - 清除旧数据: 渝中区2025年重大建设项目清单.xlsx(文件 1 条, 项目 28 条, 特有信息 28 条, 通知 0 条, 分类声明 0 条)
2026-09-01 15:28:52,504 - E:\STangWork\PythonProjects\skp_parser\batch_test.py - INFO - OK: 渝中区2025年重大建设项目清单.xlsx (file_id=1279, 项目 29 条)
2026-09-01 15:28:53,983 - E:\STangWork\PythonProjects\skp_parser\batch_test.py - INFO - 清除旧数据: 渝北区2025年重点项目建设名单.xlsx(文件 1 条, 项目 247 条, 特有信息 246 条, 通知 0 条, 分类声明 0 条)
2026-09-01 15:28:57,293 - E:\STangWork\PythonProjects\skp_parser\batch_test.py - INFO - OK: 渝北区2025年重点项目建设名单.xlsx (file_id=1280, 项目 247 条)
2026-09-01 15:28:58,176 - E:\STangWork\PythonProjects\skp_parser\batch_test.py - INFO - 清除旧数据: 2025年璧山区重点项目清单.xlsx(文件 1 条, 项目 102 条, 特有信息 30 条, 通知 0 条, 分类声明 0 条)
2026-09-01 15:28:59,989 - E:\STangWork\PythonProjects\skp_parser\batch_test.py - INFO - OK: 2025年璧山区重点项目清单.xlsx (file_id=1281, 项目 101 条)
2026-09-01 15:29:00,834 - E:\STangWork\PythonProjects\skp_parser\batch_test.py - INFO - 清除旧数据: 附件 石柱县2025年固定资产投资项目清单.xlsx(文件 1 条, 项目 329 条, 特有信息 0 条, 通知 0 条, 分类声明 0 条)
2026-09-01 15:29:02,668 - E:\STangWork\PythonProjects\skp_parser\batch_test.py - INFO - OK: 附件 石柱县2025年固定资产投资项目清单.xlsx (file_id=1282, 项目 328 条)
2026-09-01 15:29:03,519 - E:\STangWork\PythonProjects\skp_parser\batch_test.py - INFO - 清除旧数据: 重庆市綦江区2025年度重大项目建设清单.xlsx(文件 1 条, 项目 98 条, 特有信息 98 条, 通知 0 条, 分类声明 0 条)
2026-09-01 15:29:04,217 - E:\STangWork\PythonProjects\skp_parser\batch_test.py - INFO - OK: 重庆市綦江区2025年度重大项目建设清单.xlsx (file_id=1283, 项目 99 条)
2026-09-01 15:29:09,579 - E:\STangWork\PythonProjects\skp_parser\batch_test.py - INFO - 清除旧数据: 重庆市2025年市级重点项目.xlsx(文件 1 条, 项目 1569 条, 特有信息 0 条, 通知 0 条, 分类声明 0 条)
2026-09-01 15:29:19,088 - E:\STangWork\PythonProjects\skp_parser\batch_test.py - INFO - OK: 重庆市2025年市级重点项目.xlsx (file_id=1284, 项目 1569 条)
2026-09-01 15:29:22,465 - E:\STangWork\PythonProjects\skp_parser\batch_test.py - INFO - 清除旧数据: 附件1.长寿区2025年度新开工项目工作计划.xlsx(文件 1 条, 项目 187 条, 特有信息 187 条, 通知 0 条, 分类声明 0 条)
2026-09-01 15:29:37,412 - E:\STangWork\PythonProjects\skp_parser\batch_test.py - INFO - OK: 附件1.长寿区2025年度新开工项目工作计划.xlsx (file_id=1285, 项目 187 条)
2026-09-01 15:29:39,740 - E:\STangWork\PythonProjects\skp_parser\batch_test.py - INFO - 清除旧数据: 附件2.长寿区2025年在建项目工作计划.xlsx(文件 1 条, 项目 56 条, 特有信息 56 条, 通知 0 条, 分类声明 0 条)
2026-09-01 15:29:40,346 - E:\STangWork\PythonProjects\skp_parser\batch_test.py - INFO - OK: 附件2.长寿区2025年在建项目工作计划.xlsx (file_id=1286, 项目 56 条)
2026-09-01 15:29:41,375 - E:\STangWork\PythonProjects\skp_parser\batch_test.py - INFO - 清除旧数据: 附件3.长寿区2025年完工项目工作计划.xlsx(文件 1 条, 项目 55 条, 特有信息 55 条, 通知 0 条, 分类声明 0 条)
2026-09-01 15:29:42,149 - E:\STangWork\PythonProjects\skp_parser\batch_test.py - INFO - OK: 附件3.长寿区2025年完工项目工作计划.xlsx (file_id=1287, 项目 55 条)
2026-09-01 15:29:44,247 - E:\STangWork\PythonProjects\skp_parser\batch_test.py - INFO - 清除旧数据: 附件4.长寿区2025年储备项目工作计划.xlsx(文件 1 条, 项目 152 条, 特有信息 152 条, 通知 0 条, 分类声明 0 条)
2026-09-01 15:29:44,997 - E:\STangWork\PythonProjects\skp_parser\batch_test.py - INFO - OK: 附件4.长寿区2025年储备项目工作计划.xlsx (file_id=1288, 项目 153 条)
2026-09-01 15:29:47,326 - E:\STangWork\PythonProjects\skp_parser\batch_test.py - INFO - 清除旧数据: 附件5.长寿区2025年谋划项目工作计划.xlsx(文件 1 条, 项目 231 条, 特有信息 231 条, 通知 0 条, 分类声明 0 条)
2026-09-01 15:30:04,450 - E:\STangWork\PythonProjects\skp_parser\batch_test.py - INFO - OK: 附件5.长寿区2025年谋划项目工作计划.xlsx (file_id=1289, 项目 237 条)
2026-09-01 15:30:06,492 - E:\STangWork\PythonProjects\skp_parser\batch_test.py - INFO - 清除旧数据: 【责任分解】市重点工程处2025年度重点工程项目实施计划.xlsx(文件 1 条, 项目 20 条, 特有信息 20 条, 通知 0 条, 分类声明 0 条)
2026-09-01 15:30:07,728 - E:\STangWork\PythonProjects\skp_parser\batch_test.py - INFO - OK: 【责任分解】市重点工程处2025年度重点工程项目实施计划.xlsx (file_id=1290, 项目 20 条)
2026-09-01 15:30:10,198 - E:\STangWork\PythonProjects\skp_parser\batch_test.py - INFO - 清除旧数据: 附件1：池州市2025年重点项目清单（分县区汇总表）(附件).xlsx(文件 1 条, 项目 468 条, 特有信息 468 条, 通知 0 条, 分类声明 12 条)
2026-09-01 15:30:20,212 - E:\STangWork\PythonProjects\skp_parser\batch_test.py - INFO - OK: 附件1：池州市2025年重点项目清单（分县区汇总表）(附件).xlsx (file_id=1291, 项目 471 条)
2026-09-01 15:30:24,971 - E:\STangWork\PythonProjects\skp_parser\batch_test.py - INFO - 清除旧数据: 附件2：池州市2025年重点项目清单（分行业汇总表）(附件).xlsx(文件 1 条, 项目 468 条, 特有信息 468 条, 通知 0 条, 分类声明 12 条)
2026-09-01 15:30:31,046 - E:\STangWork\PythonProjects\skp_parser\batch_test.py - INFO - OK: 附件2：池州市2025年重点项目清单（分行业汇总表）(附件).xlsx (file_id=1292, 项目 471 条)
2026-09-01 15:30:36,936 - E:\STangWork\PythonProjects\skp_parser\batch_test.py - INFO - 清除旧数据: 附件3：池州市2025年重点项目清单（分投资规模汇总表）(附件).xlsx(文件 1 条, 项目 468 条, 特有信息 468 条, 通知 0 条, 分类声明 12 条)
2026-09-01 15:30:46,852 - E:\STangWork\PythonProjects\skp_parser\batch_test.py - INFO - OK: 附件3：池州市2025年重点项目清单（分投资规模汇总表）(附件).xlsx (file_id=1293, 项目 471 条)
2026-09-01 15:30:58,842 - E:\STangWork\PythonProjects\skp_parser\batch_test.py - INFO - 清除旧数据: 附件4：池州市2025年重点项目清单(附件).xlsx(文件 1 条, 项目 972 条, 特有信息 972 条, 通知 0 条, 分类声明 17 条)
2026-09-01 15:31:19,481 - E:\STangWork\PythonProjects\skp_parser\batch_test.py - INFO - OK: 附件4：池州市2025年重点项目清单(附件).xlsx (file_id=1294, 项目 978 条)
2026-09-01 15:31:26,446 - E:\STangWork\PythonProjects\skp_parser\batch_test.py - INFO - 清除旧数据: 附件5：池州市2025年重点储备项目清单（汇总表）(附件).xlsx(文件 1 条, 项目 468 条, 特有信息 468 条, 通知 0 条, 分类声明 12 条)
2026-09-01 15:31:34,445 - E:\STangWork\PythonProjects\skp_parser\batch_test.py - INFO - OK: 附件5：池州市2025年重点储备项目清单（汇总表）(附件).xlsx (file_id=1295, 项目 471 条)
2026-09-01 15:31:43,953 - E:\STangWork\PythonProjects\skp_parser\batch_test.py - INFO - 清除旧数据: 附件6：池州市2025年重点储备项目清单.xlsx(文件 1 条, 项目 777 条, 特有信息 777 条, 通知 0 条, 分类声明 15 条)
2026-09-01 15:31:56,445 - E:\STangWork\PythonProjects\skp_parser\batch_test.py - INFO - OK: 附件6：池州市2025年重点储备项目清单.xlsx (file_id=1296, 项目 781 条)
2026-09-01 15:31:59,898 - E:\STangWork\PythonProjects\skp_parser\batch_test.py - INFO - 清除旧数据: 芜重建财〔2025〕24号附件—2025年市政府投资计划分解表.xlsx(文件 1 条, 项目 2 条, 特有信息 2 条, 通知 0 条, 分类声明 2 条)
2026-09-01 15:32:00,080 - E:\STangWork\PythonProjects\skp_parser\main.py - WARNING - 通知信息解析失败 芜重建财〔2025〕24号附件—2025年市政府投资计划分解表.xlsx: No /Root object! - Is this really a PDF?
2026-09-01 15:32:01,227 - E:\STangWork\PythonProjects\skp_parser\batch_test.py - INFO - OK: 芜重建财〔2025〕24号附件—2025年市政府投资计划分解表.xlsx (file_id=1297, 项目 2 条)
2026-09-01 15:32:02,298 - E:\STangWork\PythonProjects\skp_parser\batch_test.py - INFO - 清除旧数据: 附件：2025年第二批市重点项目名单（简版).xlsx(文件 1 条, 项目 33 条, 特有信息 14 条, 通知 0 条, 分类声明 0 条)
2026-09-01 15:32:02,848 - E:\STangWork\PythonProjects\skp_parser\batch_test.py - INFO - OK: 附件：2025年第二批市重点项目名单（简版).xlsx (file_id=1298, 项目 33 条)
2026-09-01 15:32:04,389 - E:\STangWork\PythonProjects\skp_parser\batch_test.py - INFO - 清除旧数据: 2025年甘肃省省列重大建设项目名单.xlsx(文件 1 条, 项目 326 条, 特有信息 0 条, 通知 0 条, 分类声明 0 条)
2026-09-01 15:32:06,786 - E:\STangWork\PythonProjects\skp_parser\batch_test.py - INFO - OK: 2025年甘肃省省列重大建设项目名单.xlsx (file_id=1299, 项目 326 条)
2026-09-01 15:32:09,563 - E:\STangWork\PythonProjects\skp_parser\batch_test.py - INFO - 清除旧数据: 潮州市2025年重点建设项目计划表.xlsx(文件 1 条, 项目 210 条, 特有信息 210 条, 通知 0 条, 分类声明 17 条)
2026-09-01 15:32:11,213 - E:\STangWork\PythonProjects\skp_parser\batch_test.py - INFO - OK: 潮州市2025年重点建设项目计划表.xlsx (file_id=1300, 项目 209 条)
2026-09-01 15:32:13,107 - E:\STangWork\PythonProjects\skp_parser\batch_test.py - INFO - 清除旧数据: 六盘水市2025年重大工程和重点项目清单.xlsx(文件 1 条, 项目 442 条, 特有信息 0 条, 通知 0 条, 分类声明 0 条)
2026-09-01 15:32:15,381 - E:\STangWork\PythonProjects\skp_parser\batch_test.py - INFO - OK: 六盘水市2025年重大工程和重点项目清单.xlsx (file_id=1301, 项目 441 条)
2026-09-01 15:32:16,800 - E:\STangWork\PythonProjects\skp_parser\batch_test.py - INFO - 清除旧数据: 兴仁市2025年省级重大工程和重点项目.xlsx(文件 1 条, 项目 34 条, 特有信息 34 条, 通知 0 条, 分类声明 0 条)
2026-09-01 15:32:18,735 - E:\STangWork\PythonProjects\skp_parser\batch_test.py - INFO - OK: 兴仁市2025年省级重大工程和重点项目.xlsx (file_id=1302, 项目 35 条)
2026-09-01 15:32:23,832 - E:\STangWork\PythonProjects\skp_parser\batch_test.py - INFO - 清除旧数据: 附件：安顺市2025年重大工程和重点项目名单.xlsx(文件 1 条, 项目 652 条, 特有信息 652 条, 通知 0 条, 分类声明 0 条)
2026-09-01 15:32:27,413 - E:\STangWork\PythonProjects\skp_parser\batch_test.py - INFO - OK: 附件：安顺市2025年重大工程和重点项目名单.xlsx (file_id=1303, 项目 652 条)
2026-09-01 15:32:28,850 - E:\STangWork\PythonProjects\skp_parser\batch_test.py - INFO - 清除旧数据: 遵义市2025年重大工程和重点项目名单.xlsx(文件 1 条, 项目 446 条, 特有信息 446 条, 通知 0 条, 分类声明 0 条)
2026-09-01 15:32:31,274 - E:\STangWork\PythonProjects\skp_parser\batch_test.py - INFO - OK: 遵义市2025年重大工程和重点项目名单.xlsx (file_id=1304, 项目 442 条)
2026-09-01 15:32:36,182 - E:\STangWork\PythonProjects\skp_parser\batch_test.py - INFO - 清除旧数据: 附件：贵州省2025年第一批向社会资本推介项目三张清单.xlsx(文件 1 条, 项目 391 条, 特有信息 391 条, 通知 0 条, 分类声明 5 条)
2026-09-01 15:32:37,483 - E:\STangWork\PythonProjects\skp_parser\parser\xlsx_parser.py - WARNING - E:\STangWork\STangFiles\各省重点项目：2020年起\2025年重点项目\14贵州省2025年重点项目清单\附件：贵州省2025年第一批向社会资本推介项目三张清单.xlsx[Sheet2]: 前 20 行未找到表头,跳过
2026-09-01 15:32:41,196 - E:\STangWork\PythonProjects\skp_parser\batch_test.py - INFO - OK: 附件：贵州省2025年第一批向社会资本推介项目三张清单.xlsx (file_id=1305, 项目 401 条)
2026-09-01 15:32:45,279 - E:\STangWork\PythonProjects\skp_parser\batch_test.py - INFO - 清除旧数据: 1.海南省2025年重大项目投资计划表（正式项目）.xlsx(文件 1 条, 项目 577 条, 特有信息 577 条, 通知 0 条, 分类声明 0 条)
2026-09-01 15:33:22,832 - E:\STangWork\PythonProjects\skp_parser\batch_test.py - INFO - OK: 1.海南省2025年重大项目投资计划表（正式项目）.xlsx (file_id=1306, 项目 531 条)
2026-09-01 15:33:24,739 - E:\STangWork\PythonProjects\skp_parser\batch_test.py - INFO - 清除旧数据: 2.海南省2025年重大项目投资计划表（预备项目）.xlsx(文件 1 条, 项目 146 条, 特有信息 0 条, 通知 0 条, 分类声明 0 条)
2026-09-01 15:33:25,414 - E:\STangWork\PythonProjects\skp_parser\batch_test.py - INFO - OK: 2.海南省2025年重大项目投资计划表（预备项目）.xlsx (file_id=1307, 项目 141 条)
2026-09-01 15:33:27,460 - E:\STangWork\PythonProjects\skp_parser\batch_test.py - INFO - OK: 衡水市2025年市重点建设项目名单.xlsx (file_id=1308, 项目 190 条)
2026-09-01 15:33:29,699 - E:\STangWork\PythonProjects\skp_parser\batch_test.py - INFO - 清除旧数据: 商丘市2025年市级重点项目建设基本情况汇总表.xlsx(文件 1 条, 项目 415 条, 特有信息 0 条, 通知 0 条, 分类声明 0 条)
2026-09-01 15:33:58,637 - E:\STangWork\PythonProjects\skp_parser\batch_test.py - INFO - OK: 商丘市2025年市级重点项目建设基本情况汇总表.xlsx (file_id=1309, 项目 415 条)
2026-09-01 15:33:59,974 - E:\STangWork\PythonProjects\skp_parser\batch_test.py - INFO - 清除旧数据: 咸宁市2025年省级重点项目清单.xlsx(文件 1 条, 项目 67 条, 特有信息 0 条, 通知 0 条, 分类声明 0 条)
2026-09-01 15:34:01,638 - E:\STangWork\PythonProjects\skp_parser\batch_test.py - INFO - OK: 咸宁市2025年省级重点项目清单.xlsx (file_id=1310, 项目 66 条)
2026-09-01 15:34:02,289 - E:\STangWork\PythonProjects\skp_parser\batch_test.py - INFO - 清除旧数据: 2025年省市级重点项目建设计划清单.xlsx(文件 1 条, 项目 186 条, 特有信息 0 条, 通知 0 条, 分类声明 0 条)
2026-09-01 15:34:03,900 - E:\STangWork\PythonProjects\skp_parser\batch_test.py - INFO - OK: 2025年省市级重点项目建设计划清单.xlsx (file_id=1311, 项目 185 条)
2026-09-01 15:34:05,180 - E:\STangWork\PythonProjects\skp_parser\batch_test.py - INFO - 清除旧数据: 湖北省2025年省级重点项目清单.xlsx(文件 1 条, 项目 1402 条, 特有信息 0 条, 通知 0 条, 分类声明 0 条)
2026-09-01 15:34:12,240 - E:\STangWork\PythonProjects\skp_parser\batch_test.py - INFO - OK: 湖北省2025年省级重点项目清单.xlsx (file_id=1312, 项目 1384 条)
2026-09-01 15:34:13,513 - E:\STangWork\PythonProjects\skp_parser\batch_test.py - INFO - 清除旧数据: 荆门市2025年重点项目清单.xlsx(文件 1 条, 项目 162 条, 特有信息 162 条, 通知 0 条, 分类声明 0 条)
2026-09-01 15:34:18,355 - E:\STangWork\PythonProjects\skp_parser\batch_test.py - INFO - OK: 荆门市2025年重点项目清单.xlsx (file_id=1313, 项目 162 条)
2026-09-01 15:34:19,974 - E:\STangWork\PythonProjects\skp_parser\batch_test.py - INFO - 清除旧数据: 附件1：襄阳市2025年省级重点项目建设计划.xlsx(文件 1 条, 项目 103 条, 特有信息 103 条, 通知 0 条, 分类声明 13 条)
2026-09-01 15:34:22,238 - E:\STangWork\PythonProjects\skp_parser\batch_test.py - INFO - OK: 附件1：襄阳市2025年省级重点项目建设计划.xlsx (file_id=1314, 项目 104 条)
2026-09-01 15:34:22,778 - E:\STangWork\PythonProjects\skp_parser\batch_test.py - INFO - 清除旧数据: 附件2：襄阳市2025年市级重点项目建设计划.xlsx(文件 1 条, 项目 80 条, 特有信息 80 条, 通知 0 条, 分类声明 8 条)
2026-09-01 15:34:23,379 - E:\STangWork\PythonProjects\skp_parser\batch_test.py - INFO - OK: 附件2：襄阳市2025年市级重点项目建设计划.xlsx (file_id=1315, 项目 80 条)
2026-09-01 15:34:28,244 - E:\STangWork\PythonProjects\skp_parser\batch_test.py - INFO - 清除旧数据: 2025年各省市重大项目汇总.xlsx(文件 1 条, 项目 1188 条, 特有信息 0 条, 通知 0 条, 分类声明 0 条)
2026-09-01 15:34:35,264 - E:\STangWork\PythonProjects\skp_parser\batch_test.py - INFO - OK: 2025年各省市重大项目汇总.xlsx (file_id=1316, 项目 1188 条)
2026-09-01 15:34:45,859 - E:\STangWork\PythonProjects\skp_parser\batch_test.py - INFO - 清除旧数据: 2025年各省重点重大项目清单（截止2025年10月31日）.xlsx(文件 1 条, 项目 2298 条, 特有信息 0 条, 通知 0 条, 分类声明 0 条)
2026-09-01 15:34:45,956 - E:\STangWork\PythonProjects\skp_parser\parser\xls_parser.py - WARNING - E:\STangWork\STangFiles\各省重点项目：2020年起\2025年重点项目\2025年各省重点重大项目清单（截止2025年10月31日）.xlsx[第一批（截止2025.01.24）]: 判定为各省汇总表干扰数据,已跳过并记录名单
2026-09-01 15:34:45,962 - E:\STangWork\PythonProjects\skp_parser\parser\xls_parser.py - WARNING - E:\STangWork\STangFiles\各省重点项目：2020年起\2025年重点项目\2025年各省重点重大项目清单（截止2025年10月31日）.xlsx[第二批（截止2025.3.11）]: 判定为各省汇总表干扰数据,已跳过并记录名单
2026-09-01 15:34:45,965 - E:\STangWork\PythonProjects\skp_parser\parser\xls_parser.py - WARNING - E:\STangWork\STangFiles\各省重点项目：2020年起\2025年重点项目\2025年各省重点重大项目清单（截止2025年10月31日）.xlsx[第三批（截止2025.05.15） ]: 判定为各省汇总表干扰数据,已跳过并记录名单
2026-09-01 15:34:45,976 - E:\STangWork\PythonProjects\skp_parser\parser\xls_parser.py - WARNING - E:\STangWork\STangFiles\各省重点项目：2020年起\2025年重点项目\2025年各省重点重大项目清单（截止2025年10月31日）.xlsx[第四批（截止2025.07.23）]: 判定为各省汇总表干扰数据,已跳过并记录名单
2026-09-01 15:34:45,977 - E:\STangWork\PythonProjects\skp_parser\parser\xls_parser.py - WARNING - E:\STangWork\STangFiles\各省重点项目：2020年起\2025年重点项目\2025年各省重点重大项目清单（截止2025年10月31日）.xlsx[第五批（截止2025.12.31） ]: 判定为各省汇总表干扰数据,已跳过并记录名单
2026-09-01 15:34:45,979 - E:\STangWork\PythonProjects\skp_parser\parser\xls_parser.py - WARNING - E:\STangWork\STangFiles\各省重点项目：2020年起\2025年重点项目\2025年各省重点重大项目清单（截止2025年10月31日）.xlsx[地级市]: 判定为各省汇总表干扰数据,已跳过并记录名单
2026-09-01 15:34:45,981 - E:\STangWork\PythonProjects\skp_parser\parser\xls_parser.py - WARNING - E:\STangWork\STangFiles\各省重点项目：2020年起\2025年重点项目\2025年各省重点重大项目清单（截止2025年10月31日）.xlsx[第四批（截止2024.11.28）]: 判定为各省汇总表干扰数据,已跳过并记录名单
2026-09-01 15:35:00,991 - E:\STangWork\PythonProjects\skp_parser\batch_test.py - INFO - OK: 2025年各省重点重大项目清单（截止2025年10月31日）.xlsx (file_id=1317, 项目 2298 条)
2026-09-01 15:35:05,541 - E:\STangWork\PythonProjects\skp_parser\batch_test.py - INFO - 清除旧数据: 张家界市人民政府办公室关于印发《张家界市2025年重点建设项目投资计划》的通知.xlsx(文件 1 条, 项目 325 条, 特有信息 325 条, 通知 0 条, 分类声明 16 条)
2026-09-01 15:35:08,483 - E:\STangWork\PythonProjects\skp_parser\main.py - WARNING - 分类校验[张家界市人民政府办公室关于印发《张家界市2025年重点建设项目投资计划》的通知.xlsx] 基础设施建设-区县: 标题声明 49 项,解析 0 项
2026-09-01 15:35:08,484 - E:\STangWork\PythonProjects\skp_parser\main.py - WARNING - 分类校验[张家界市人民政府办公室关于印发《张家界市2025年重点建设项目投资计划》的通知.xlsx] 产业发展项目-市本级: 标题声明 26 项,解析 27 项
2026-09-01 15:35:08,484 - E:\STangWork\PythonProjects\skp_parser\main.py - WARNING - 分类校验[张家界市人民政府办公室关于印发《张家界市2025年重点建设项目投资计划》的通知.xlsx] 房地产项目-区县: 标题声明 3 项,解析 0 项
2026-09-01 15:35:08,484 - E:\STangWork\PythonProjects\skp_parser\main.py - WARNING - 分类校验[张家界市人民政府办公室关于印发《张家界市2025年重点建设项目投资计划》的通知.xlsx] 社会民生项目-区县: 标题声明 43 项,解析 0 项
2026-09-01 15:35:08,484 - E:\STangWork\PythonProjects\skp_parser\main.py - WARNING - 分类校验[张家界市人民政府办公室关于印发《张家界市2025年重点建设项目投资计划》的通知.xlsx] 数字化项目-区县: 标题声明 3 项,解析 0 项
2026-09-01 15:35:08,484 - E:\STangWork\PythonProjects\skp_parser\main.py - WARNING - 分类校验[张家界市人民政府办公室关于印发《张家界市2025年重点建设项目投资计划》的通知.xlsx] 生态环保项目-区县: 标题声明 12 项,解析 0 项
2026-09-01 15:35:08,488 - E:\STangWork\PythonProjects\skp_parser\main.py - WARNING - 通知信息解析失败 张家界市人民政府办公室关于印发《张家界市2025年重点建设项目投资计划》的通知.xlsx: No /Root object! - Is this really a PDF?
2026-09-01 15:35:12,280 - E:\STangWork\PythonProjects\skp_parser\batch_test.py - INFO - OK: 张家界市人民政府办公室关于印发《张家界市2025年重点建设项目投资计划》的通知.xlsx (file_id=1318, 项目 327 条)
2026-09-01 15:35:16,571 - E:\STangWork\PythonProjects\skp_parser\batch_test.py - INFO - 清除旧数据: 2025年湘潭市重点建设项目名单.xlsx(文件 1 条, 项目 567 条, 特有信息 0 条, 通知 0 条, 分类声明 0 条)
2026-09-01 15:35:58,187 - E:\STangWork\PythonProjects\skp_parser\parser\xlsx_parser.py - WARNING - E:\STangWork\STangFiles\各省重点项目：2020年起\2025年重点项目\20湖南省2025年重点项目清单\湘潭市2025年\2025年湘潭市重点建设项目名单.xlsx[Sheet2]: 前 20 行未找到表头,跳过
2026-09-01 15:36:00,263 - E:\STangWork\PythonProjects\skp_parser\batch_test.py - INFO - OK: 2025年湘潭市重点建设项目名单.xlsx (file_id=1319, 项目 567 条)
2026-09-01 15:36:02,977 - E:\STangWork\PythonProjects\skp_parser\batch_test.py - INFO - 清除旧数据: 2025年吉林省重点项目清单.xlsx(文件 1 条, 项目 1090 条, 特有信息 957 条, 通知 0 条, 分类声明 0 条)
2026-09-01 15:36:07,381 - E:\STangWork\PythonProjects\skp_parser\batch_test.py - INFO - OK: 2025年吉林省重点项目清单.xlsx (file_id=1320, 项目 1090 条)
2026-09-01 15:36:09,309 - E:\STangWork\PythonProjects\skp_parser\batch_test.py - INFO - 清除旧数据: 2025年南通市首批市重大项目清单.xlsx(文件 1 条, 项目 223 条, 特有信息 0 条, 通知 0 条, 分类声明 15 条)
2026-09-01 15:36:09,452 - E:\STangWork\PythonProjects\skp_parser\main.py - WARNING - 分类校验[2025年南通市首批市重大项目清单.xlsx] 第一部分 实施项目: 标题声明 201 项,解析 0 项
2026-09-01 15:36:09,452 - E:\STangWork\PythonProjects\skp_parser\main.py - WARNING - 分类校验[2025年南通市首批市重大项目清单.xlsx] 重大产业: 标题声明 186 项,解析 185 项
2026-09-01 15:36:09,453 - E:\STangWork\PythonProjects\skp_parser\main.py - WARNING - 分类校验[2025年南通市首批市重大项目清单.xlsx] 重大产业-现代服务业: 标题声明 16 项,解析 15 项
2026-09-01 15:36:09,453 - E:\STangWork\PythonProjects\skp_parser\main.py - WARNING - 分类校验[2025年南通市首批市重大项目清单.xlsx] 第二部分 储备项目: 标题声明 22 项,解析 0 项
2026-09-01 15:36:11,617 - E:\STangWork\PythonProjects\skp_parser\batch_test.py - INFO - OK: 2025年南通市首批市重大项目清单.xlsx (file_id=1321, 项目 222 条)
2026-09-01 15:36:13,692 - E:\STangWork\PythonProjects\skp_parser\batch_test.py - INFO - 清除旧数据: 宜兴市级2025年重大产业项目清单.xlsx(文件 1 条, 项目 205 条, 特有信息 205 条, 通知 0 条, 分类声明 0 条)
2026-09-01 15:36:16,980 - E:\STangWork\PythonProjects\skp_parser\batch_test.py - INFO - OK: 宜兴市级2025年重大产业项目清单.xlsx (file_id=1322, 项目 205 条)
2026-09-01 15:36:19,626 - E:\STangWork\PythonProjects\skp_parser\batch_test.py - INFO - 清除旧数据: 扬州市2025年市级重大项目清单.xlsx(文件 1 条, 项目 603 条, 特有信息 603 条, 通知 0 条, 分类声明 1 条)
2026-09-01 15:36:25,145 - E:\STangWork\PythonProjects\skp_parser\batch_test.py - INFO - OK: 扬州市2025年市级重大项目清单.xlsx (file_id=1323, 项目 603 条)
2026-09-01 15:36:25,842 - E:\STangWork\PythonProjects\skp_parser\batch_test.py - INFO - 清除旧数据: 2025年江苏省重大项目清单-泰州市年度重大项目名单.xlsx(文件 1 条, 项目 33 条, 特有信息 33 条, 通知 0 条, 分类声明 4 条)
2026-09-01 15:36:27,129 - E:\STangWork\PythonProjects\skp_parser\batch_test.py - INFO - OK: 2025年江苏省重大项目清单-泰州市年度重大项目名单.xlsx (file_id=1324, 项目 33 条)
2026-09-01 15:36:28,669 - E:\STangWork\PythonProjects\skp_parser\batch_test.py - INFO - 清除旧数据: 2025年镇江市重大项目清单.xlsx(文件 1 条, 项目 359 条, 特有信息 351 条, 通知 0 条, 分类声明 0 条)
2026-09-01 15:36:39,578 - E:\STangWork\PythonProjects\skp_parser\batch_test.py - INFO - OK: 2025年镇江市重大项目清单.xlsx (file_id=1325, 项目 359 条)
2026-09-01 15:36:45,145 - E:\STangWork\PythonProjects\skp_parser\batch_test.py - INFO - 清除旧数据: 附件1：2025年南昌市重大重点项目计划总表(1).xlsx(文件 1 条, 项目 1087 条, 特有信息 1087 条, 通知 0 条, 分类声明 0 条)
2026-09-01 15:36:58,252 - E:\STangWork\PythonProjects\skp_parser\batch_test.py - INFO - OK: 附件1：2025年南昌市重大重点项目计划总表(1).xlsx (file_id=1326, 项目 1088 条)
2026-09-01 15:37:01,293 - E:\STangWork\PythonProjects\skp_parser\batch_test.py - INFO - 清除旧数据: 附件2：2025年南昌市重点推进项目计划表(1).xlsx(文件 1 条, 项目 100 条, 特有信息 100 条, 通知 0 条, 分类声明 0 条)
2026-09-01 15:37:03,635 - E:\STangWork\PythonProjects\skp_parser\batch_test.py - INFO - OK: 附件2：2025年南昌市重点推进项目计划表(1).xlsx (file_id=1327, 项目 100 条)
2026-09-01 15:37:04,181 - E:\STangWork\PythonProjects\skp_parser\batch_test.py - INFO - 清除旧数据: 宜春市数字经济重点项目清单（第四批）.xlsx(文件 1 条, 项目 9 条, 特有信息 9 条, 通知 0 条, 分类声明 0 条)
2026-09-01 15:37:04,514 - E:\STangWork\PythonProjects\skp_parser\batch_test.py - INFO - OK: 宜春市数字经济重点项目清单（第四批）.xlsx (file_id=1328, 项目 9 条)
2026-09-01 15:37:05,186 - E:\STangWork\PythonProjects\skp_parser\batch_test.py - INFO - 清除旧数据: 济宁市交通运输局2025年重大建设项目清单.xlsx(文件 1 条, 项目 8 条, 特有信息 8 条, 通知 0 条, 分类声明 0 条)
2026-09-01 15:37:05,428 - E:\STangWork\PythonProjects\skp_parser\batch_test.py - INFO - OK: 济宁市交通运输局2025年重大建设项目清单.xlsx (file_id=1329, 项目 7 条)
2026-09-01 15:37:08,163 - E:\STangWork\PythonProjects\skp_parser\batch_test.py - INFO - 清除旧数据: 2025年四川省重点项目名单.xlsx(文件 1 条, 项目 840 条, 特有信息 808 条, 通知 0 条, 分类声明 35 条)
2026-09-01 15:37:08,351 - E:\STangWork\PythonProjects\skp_parser\main.py - WARNING - 分类校验[2025年四川省重点项目名单.xlsx] 基础设施项目: 标题声明 280 项,解析 163 项
2026-09-01 15:37:08,351 - E:\STangWork\PythonProjects\skp_parser\main.py - WARNING - 分类校验[2025年四川省重点项目名单.xlsx] 基础设施项目-交通基础设施: 标题声明 97 项,解析 112 项
2026-09-01 15:37:08,351 - E:\STangWork\PythonProjects\skp_parser\main.py - WARNING - 分类校验[2025年四川省重点项目名单.xlsx] 基础设施项目-交通基础设施-高速公路: 标题声明 38 项,解析 53 项
2026-09-01 15:37:08,351 - E:\STangWork\PythonProjects\skp_parser\main.py - WARNING - 分类校验[2025年四川省重点项目名单.xlsx] 基础设施项目-水利基础设施: 标题声明 11 项,解析 9 项
2026-09-01 15:37:17,584 - E:\STangWork\PythonProjects\skp_parser\batch_test.py - INFO - OK: 2025年四川省重点项目名单.xlsx (file_id=1330, 项目 840 条)
2026-09-01 15:37:18,992 - E:\STangWork\PythonProjects\skp_parser\batch_test.py - INFO - 清除旧数据: 2025年凉山州重点项目建议清单（新开工）.xlsx(文件 1 条, 项目 141 条, 特有信息 0 条, 通知 0 条, 分类声明 12 条)
2026-09-01 15:37:19,064 - E:\STangWork\PythonProjects\skp_parser\main.py - WARNING - 分类校验[2025年凉山州重点项目建议清单（新开工）.xlsx] 其他交通项目: 标题声明 7 项,解析 45 项
2026-09-01 15:37:22,210 - E:\STangWork\PythonProjects\skp_parser\batch_test.py - INFO - OK: 2025年凉山州重点项目建议清单（新开工）.xlsx (file_id=1331, 项目 141 条)
2026-09-01 15:37:23,820 - E:\STangWork\PythonProjects\skp_parser\batch_test.py - INFO - 清除旧数据: 2025年凉山州重点项目建议清单（续建）.xlsx(文件 1 条, 项目 159 条, 特有信息 0 条, 通知 0 条, 分类声明 11 条)
2026-09-01 15:37:23,890 - E:\STangWork\PythonProjects\skp_parser\main.py - WARNING - 分类校验[2025年凉山州重点项目建议清单（续建）.xlsx] 其他交通项目: 标题声明 2 项,解析 70 项
2026-09-01 15:37:25,320 - E:\STangWork\PythonProjects\skp_parser\batch_test.py - INFO - OK: 2025年凉山州重点项目建议清单（续建）.xlsx (file_id=1332, 项目 159 条)
2026-09-01 15:37:25,514 - E:\STangWork\PythonProjects\skp_parser\batch_test.py - INFO - 清除旧数据: 2025年德阳市重点项目名单（新开工）.xlsx(文件 1 条, 项目 209 条, 特有信息 0 条, 通知 0 条, 分类声明 0 条)
2026-09-01 15:37:27,793 - E:\STangWork\PythonProjects\skp_parser\batch_test.py - INFO - OK: 2025年德阳市重点项目名单（新开工）.xlsx (file_id=1333, 项目 209 条)
2026-09-01 15:37:28,545 - E:\STangWork\PythonProjects\skp_parser\batch_test.py - INFO - 清除旧数据: 2025年德阳市重点项目名单（续建）.xlsx(文件 1 条, 项目 277 条, 特有信息 0 条, 通知 0 条, 分类声明 0 条)
2026-09-01 15:37:31,126 - E:\STangWork\PythonProjects\skp_parser\batch_test.py - INFO - OK: 2025年德阳市重点项目名单（续建）.xlsx (file_id=1334, 项目 277 条)
2026-09-01 15:37:33,297 - E:\STangWork\PythonProjects\skp_parser\batch_test.py - INFO - 清除旧数据: 泸州市2025年重点项目表.xlsx(文件 1 条, 项目 464 条, 特有信息 28 条, 通知 0 条, 分类声明 0 条)
2026-09-01 15:37:33,632 - E:\STangWork\PythonProjects\skp_parser\parser\xlsx_parser.py - WARNING - E:\STangWork\STangFiles\各省重点项目：2020年起\2025年重点项目\29四川省2025年重点项目清单\泸州市2025年\泸州市2025年重点项目表.xlsx[封面 ]: 前 20 行未找到表头,跳过
2026-09-01 15:37:33,633 - E:\STangWork\PythonProjects\skp_parser\parser\xlsx_parser.py - WARNING - E:\STangWork\STangFiles\各省重点项目：2020年起\2025年重点项目\29四川省2025年重点项目清单\泸州市2025年\泸州市2025年重点项目表.xlsx[描述]: 前 20 行未找到表头,跳过
2026-09-01 15:37:36,511 - E:\STangWork\PythonProjects\skp_parser\batch_test.py - INFO - OK: 泸州市2025年重点项目表.xlsx (file_id=1335, 项目 463 条)
2026-09-01 15:37:38,023 - E:\STangWork\PythonProjects\skp_parser\batch_test.py - INFO - 清除旧数据: 2025年甘孜州重点项目名单.xlsx(文件 1 条, 项目 399 条, 特有信息 392 条, 通知 0 条, 分类声明 0 条)
2026-09-01 15:37:50,935 - E:\STangWork\PythonProjects\skp_parser\batch_test.py - INFO - OK: 2025年甘孜州重点项目名单.xlsx (file_id=1336, 项目 364 条)
2026-09-01 15:37:53,054 - E:\STangWork\PythonProjects\skp_parser\batch_test.py - INFO - 清除旧数据: 绵府办函〔2025〕13号—绵阳市2025年城建工程项目名单.xlsx(文件 1 条, 项目 375 条, 特有信息 375 条, 通知 0 条, 分类声明 2 条)
2026-09-01 15:37:53,549 - E:\STangWork\PythonProjects\skp_parser\main.py - WARNING - 通知信息解析失败 绵府办函〔2025〕13号—绵阳市2025年城建工程项目名单.xlsx: No /Root object! - Is this really a PDF?
2026-09-01 15:37:55,844 - E:\STangWork\PythonProjects\skp_parser\batch_test.py - INFO - OK: 绵府办函〔2025〕13号—绵阳市2025年城建工程项目名单.xlsx (file_id=1337, 项目 376 条)
2026-09-01 15:37:57,273 - E:\STangWork\PythonProjects\skp_parser\batch_test.py - INFO - 清除旧数据: 资阳市2025年市重点项目清单.xlsx(文件 1 条, 项目 196 条, 特有信息 0 条, 通知 0 条, 分类声明 0 条)
2026-09-01 15:37:58,439 - E:\STangWork\PythonProjects\skp_parser\batch_test.py - INFO - OK: 资阳市2025年市重点项目清单.xlsx (file_id=1338, 项目 186 条)
2026-09-01 15:37:58,669 - E:\STangWork\PythonProjects\skp_parser\batch_test.py - INFO - 清除旧数据: 2025年达州市重大项目计划.xlsx(文件 1 条, 项目 200 条, 特有信息 0 条, 通知 0 条, 分类声明 0 条)
2026-09-01 15:38:00,787 - E:\STangWork\PythonProjects\skp_parser\batch_test.py - INFO - OK: 2025年达州市重大项目计划.xlsx (file_id=1339, 项目 200 条)
2026-09-01 15:38:00,871 - E:\STangWork\PythonProjects\skp_parser\batch_test.py - INFO - 清除旧数据: 2025年雅安市重点项目名单.xlsx(文件 1 条, 项目 368 条, 特有信息 0 条, 通知 0 条, 分类声明 0 条)
2026-09-01 15:38:03,524 - E:\STangWork\PythonProjects\skp_parser\batch_test.py - INFO - OK: 2025年雅安市重点项目名单.xlsx (file_id=1340, 项目 366 条)
2026-09-01 15:38:05,223 - E:\STangWork\PythonProjects\skp_parser\batch_test.py - INFO - 清除旧数据: 附件2：丽水市2025年市本级政府投资数字化项目计划表.xlsx(文件 1 条, 项目 67 条, 特有信息 8 条, 通知 0 条, 分类声明 0 条)
2026-09-01 15:38:10,372 - E:\STangWork\PythonProjects\skp_parser\batch_test.py - INFO - OK: 附件2：丽水市2025年市本级政府投资数字化项目计划表.xlsx (file_id=1341, 项目 67 条)
2026-09-01 15:38:18,289 - E:\STangWork\PythonProjects\skp_parser\batch_test.py - INFO - 清除旧数据: 关于印发《浙江省扩大有效投资“千项万亿”工程2025年实施计划第一批重大项目》的通知.xlsx(文件 1 条, 项目 1505 条, 特有信息 1505 条, 通知 0 条, 分类声明 0 条)
2026-09-01 15:38:37,217 - E:\STangWork\PythonProjects\skp_parser\parser\base_parser.py - INFO - 合并表头修正: project_name 列 3 → 4
2026-09-01 15:38:37,373 - E:\STangWork\PythonProjects\skp_parser\parser\base_parser.py - INFO - 合并表头修正: project_name 列 1 → 2
2026-09-01 15:38:37,401 - E:\STangWork\PythonProjects\skp_parser\main.py - WARNING - 通知信息解析失败 关于印发《浙江省扩大有效投资“千项万亿”工程2025年实施计划第一批重大项目》的通知.xlsx: No /Root object! - Is this really a PDF?
2026-09-01 15:38:37,983 - E:\STangWork\PythonProjects\skp_parser\batch_test.py - INFO - OK: 关于印发《浙江省扩大有效投资“千项万亿”工程2025年实施计划第一批重大项目》的通知.xlsx (file_id=1342, 项目 0 条)
2026-09-01 15:38:39,905 - E:\STangWork\PythonProjects\skp_parser\batch_test.py - INFO - 清除旧数据: 2026年上海市重大工程项目清单.xlsx(文件 1 条, 项目 201 条, 特有信息 185 条, 通知 0 条, 分类声明 0 条)
2026-09-01 15:38:45,104 - E:\STangWork\PythonProjects\skp_parser\batch_test.py - INFO - OK: 2026年上海市重大工程项目清单.xlsx (file_id=1343, 项目 198 条)
2026-09-01 15:38:48,507 - E:\STangWork\PythonProjects\skp_parser\batch_test.py - INFO - 清除旧数据: 2026年滨海新区市级重点建设、储备项目清单.xlsx(文件 1 条, 项目 337 条, 特有信息 115 条, 通知 0 条, 分类声明 0 条)
2026-09-01 15:38:50,806 - E:\STangWork\PythonProjects\skp_parser\batch_test.py - INFO - OK: 2026年滨海新区市级重点建设、储备项目清单.xlsx (file_id=1344, 项目 337 条)
2026-09-01 15:38:51,799 - E:\STangWork\PythonProjects\skp_parser\batch_test.py - INFO - 清除旧数据: 2026年静海区区级重点项目清单.xlsx(文件 1 条, 项目 56 条, 特有信息 56 条, 通知 0 条, 分类声明 2 条)
2026-09-01 15:38:52,744 - E:\STangWork\PythonProjects\skp_parser\batch_test.py - INFO - OK: 2026年静海区区级重点项目清单.xlsx (file_id=1345, 项目 56 条)
2026-09-01 15:38:53,852 - E:\STangWork\PythonProjects\skp_parser\batch_test.py - INFO - 清除旧数据: 万盛2026年重点项目清单.xlsx(文件 1 条, 项目 55 条, 特有信息 55 条, 通知 0 条, 分类声明 9 条)
2026-09-01 15:38:54,797 - E:\STangWork\PythonProjects\skp_parser\batch_test.py - INFO - OK: 万盛2026年重点项目清单.xlsx (file_id=1346, 项目 56 条)
2026-09-01 15:38:55,907 - E:\STangWork\PythonProjects\skp_parser\batch_test.py - INFO - 清除旧数据: 2026年九龙坡区区级重点项目清单.xlsx(文件 1 条, 项目 191 条, 特有信息 191 条, 通知 0 条, 分类声明 0 条)
2026-09-01 15:38:57,544 - E:\STangWork\PythonProjects\skp_parser\batch_test.py - INFO - OK: 2026年九龙坡区区级重点项目清单.xlsx (file_id=1347, 项目 190 条)
2026-09-01 15:38:58,838 - E:\STangWork\PythonProjects\skp_parser\batch_test.py - INFO - 清除旧数据: 云阳县2026年重点建设项目清单.xlsx(文件 1 条, 项目 156 条, 特有信息 156 条, 通知 0 条, 分类声明 9 条)
2026-09-01 15:39:00,946 - E:\STangWork\PythonProjects\skp_parser\batch_test.py - INFO - OK: 云阳县2026年重点建设项目清单.xlsx (file_id=1348, 项目 159 条)
2026-09-01 15:39:03,612 - E:\STangWork\PythonProjects\skp_parser\batch_test.py - INFO - 清除旧数据: 重庆市垫江县2026年重点前期项目清单.xlsx(文件 1 条, 项目 130 条, 特有信息 112 条, 通知 0 条, 分类声明 0 条)
2026-09-01 15:39:04,830 - E:\STangWork\PythonProjects\skp_parser\batch_test.py - INFO - OK: 重庆市垫江县2026年重点前期项目清单.xlsx (file_id=1349, 项目 130 条)
2026-09-01 15:39:06,006 - E:\STangWork\PythonProjects\skp_parser\batch_test.py - INFO - 清除旧数据: 重庆市垫江县2026年重点建设项目清单.xlsx(文件 1 条, 项目 217 条, 特有信息 198 条, 通知 0 条, 分类声明 0 条)
2026-09-01 15:39:09,491 - E:\STangWork\PythonProjects\skp_parser\batch_test.py - INFO - OK: 重庆市垫江县2026年重点建设项目清单.xlsx (file_id=1350, 项目 214 条)
2026-09-01 15:39:11,007 - E:\STangWork\PythonProjects\skp_parser\batch_test.py - INFO - 清除旧数据: 城口县2026年重点项目投资计划表.xlsx(文件 1 条, 项目 129 条, 特有信息 129 条, 通知 0 条, 分类声明 1 条)
2026-09-01 15:39:11,747 - E:\STangWork\PythonProjects\skp_parser\batch_test.py - INFO - OK: 城口县2026年重点项目投资计划表.xlsx (file_id=1351, 项目 130 条)
2026-09-01 15:39:13,149 - E:\STangWork\PythonProjects\skp_parser\batch_test.py - INFO - 清除旧数据: 奉节府办发〔2026〕13号附件1-3：2026年续建、新建及重大前期项目建设计划0403.xlsx(文件 1 条, 项目 224 条, 特有信息 224 条, 通知 0 条, 分类声明 38 条)
2026-09-01 15:39:13,713 - E:\STangWork\PythonProjects\skp_parser\main.py - WARNING - 通知信息解析失败 奉节府办发〔2026〕13号附件1-3：2026年续建、新建及重大前期项目建设计划0403.xlsx: No /Root object! - Is this really a PDF?
2026-09-01 15:39:16,925 - E:\STangWork\PythonProjects\skp_parser\batch_test.py - INFO - OK: 奉节府办发〔2026〕13号附件1-3：2026年续建、新建及重大前期项目建设计划0403.xlsx (file_id=1352, 项目 245 条)
2026-09-01 15:39:17,819 - E:\STangWork\PythonProjects\skp_parser\batch_test.py - INFO - 清除旧数据: 奉节府办发〔2026〕13号附件4-7：2026年四类“十大标志性项目”建设计划0403.xlsx(文件 1 条, 项目 40 条, 特有信息 40 条, 通知 0 条, 分类声明 0 条)
2026-09-01 15:39:17,968 - E:\STangWork\PythonProjects\skp_parser\parser\xlsx_parser.py - WARNING - E:\STangWork\STangFiles\各省重点项目：2020年起\2026年重点项目\04重庆市2026年重点项目清单\2026年奉节县\奉节府办发〔2026〕13号附件4-7：2026年四类“十大标志性项目”建设计划0403.xlsx[Sheet1]: 前 20 行未找到表头,跳过
2026-09-01 15:39:17,971 - E:\STangWork\PythonProjects\skp_parser\main.py - WARNING - 通知信息解析失败 奉节府办发〔2026〕13号附件4-7：2026年四类“十大标志性项目”建设计划0403.xlsx: No /Root object! - Is this really a PDF?
2026-09-01 15:39:18,984 - E:\STangWork\PythonProjects\skp_parser\batch_test.py - INFO - OK: 奉节府办发〔2026〕13号附件4-7：2026年四类“十大标志性项目”建设计划0403.xlsx (file_id=1353, 项目 40 条)
2026-09-01 15:39:20,418 - E:\STangWork\PythonProjects\skp_parser\batch_test.py - INFO - 清除旧数据: 巴南区2026年度区级重点建设项目清单.xlsx(文件 1 条, 项目 144 条, 特有信息 0 条, 通知 0 条, 分类声明 0 条)
2026-09-01 15:39:20,456 - E:\STangWork\PythonProjects\skp_parser\parser\xlsx_parser.py - WARNING - E:\STangWork\STangFiles\各省重点项目：2020年起\2026年重点项目\04重庆市2026年重点项目清单\2026年巴南区\巴南区2026年度区级重点建设项目清单.xlsx[Sheet2]: 前 20 行未找到表头,跳过
2026-09-01 15:39:20,456 - E:\STangWork\PythonProjects\skp_parser\parser\xlsx_parser.py - WARNING - E:\STangWork\STangFiles\各省重点项目：2020年起\2026年重点项目\04重庆市2026年重点项目清单\2026年巴南区\巴南区2026年度区级重点建设项目清单.xlsx[Sheet3]: 前 20 行未找到表头,跳过
2026-09-01 15:39:21,270 - E:\STangWork\PythonProjects\skp_parser\batch_test.py - INFO - OK: 巴南区2026年度区级重点建设项目清单.xlsx (file_id=1354, 项目 144 条)
2026-09-01 15:39:23,812 - E:\STangWork\PythonProjects\skp_parser\batch_test.py - INFO - 清除旧数据: 开州区2026年“五个一批”重大项目清单.xlsx(文件 1 条, 项目 370 条, 特有信息 370 条, 通知 0 条, 分类声明 0 条)
2026-09-01 15:39:29,082 - E:\STangWork\PythonProjects\skp_parser\batch_test.py - INFO - OK: 开州区2026年“五个一批”重大项目清单.xlsx (file_id=1355, 项目 370 条)
2026-09-01 15:39:33,491 - E:\STangWork\PythonProjects\skp_parser\batch_test.py - INFO - 清除旧数据: 忠府发〔2026〕4号 附件.xlsx(文件 1 条, 项目 332 条, 特有信息 332 条, 通知 0 条, 分类声明 0 条)
2026-09-01 15:39:34,041 - E:\STangWork\PythonProjects\skp_parser\main.py - WARNING - 通知信息解析失败 忠府发〔2026〕4号 附件.xlsx: No /Root object! - Is this really a PDF?
2026-09-01 15:39:37,113 - E:\STangWork\PythonProjects\skp_parser\batch_test.py - INFO - OK: 忠府发〔2026〕4号 附件.xlsx (file_id=1356, 项目 333 条)
2026-09-01 15:39:37,526 - E:\STangWork\PythonProjects\skp_parser\batch_test.py - INFO - 清除旧数据: 2026年区级重点项目清单.xlsx(文件 1 条, 项目 118 条, 特有信息 0 条, 通知 0 条, 分类声明 0 条)
2026-09-01 15:39:39,149 - E:\STangWork\PythonProjects\skp_parser\batch_test.py - INFO - OK: 2026年区级重点项目清单.xlsx (file_id=1357, 项目 117 条)
2026-09-01 15:39:39,989 - E:\STangWork\PythonProjects\skp_parser\batch_test.py - INFO - 清除旧数据: 渝中区2026年重大建设项目清单.xlsx(文件 1 条, 项目 29 条, 特有信息 0 条, 通知 0 条, 分类声明 0 条)
2026-09-01 15:39:40,385 - E:\STangWork\PythonProjects\skp_parser\batch_test.py - INFO - OK: 渝中区2026年重大建设项目清单.xlsx (file_id=1358, 项目 28 条)
2026-09-01 15:39:41,267 - E:\STangWork\PythonProjects\skp_parser\batch_test.py - INFO - 清除旧数据: 石柱县2026年重点项目清单.xlsx(文件 1 条, 项目 97 条, 特有信息 97 条, 通知 0 条, 分类声明 3 条)
2026-09-01 15:39:49,640 - E:\STangWork\PythonProjects\skp_parser\batch_test.py - INFO - OK: 石柱县2026年重点项目清单.xlsx (file_id=1359, 项目 99 条)
2026-09-01 15:39:50,847 - E:\STangWork\PythonProjects\skp_parser\batch_test.py - INFO - 清除旧数据: 秀山自治县2026年重点建设项目清单.xlsx(文件 1 条, 项目 15 条, 特有信息 0 条, 通知 0 条, 分类声明 0 条)
2026-09-01 15:39:51,376 - E:\STangWork\PythonProjects\skp_parser\batch_test.py - INFO - OK: 秀山自治县2026年重点建设项目清单.xlsx (file_id=1360, 项目 14 条)
2026-09-01 15:39:54,065 - E:\STangWork\PythonProjects\skp_parser\batch_test.py - INFO - 清除旧数据: 重庆市綦江区2026年度重大项目计划表.xlsx(文件 1 条, 项目 176 条, 特有信息 176 条, 通知 0 条, 分类声明 0 条)
2026-09-01 15:39:56,926 - E:\STangWork\PythonProjects\skp_parser\batch_test.py - INFO - OK: 重庆市綦江区2026年度重大项目计划表.xlsx (file_id=1361, 项目 186 条)
2026-09-01 15:39:59,327 - E:\STangWork\PythonProjects\skp_parser\batch_test.py - INFO - 清除旧数据: 《荣昌区2026年重点储备项目计划表》.xlsx(文件 1 条, 项目 44 条, 特有信息 41 条, 通知 0 条, 分类声明 0 条)
2026-09-01 15:40:00,051 - E:\STangWork\PythonProjects\skp_parser\batch_test.py - INFO - OK: 《荣昌区2026年重点储备项目计划表》.xlsx (file_id=1362, 项目 45 条)
2026-09-01 15:40:01,428 - E:\STangWork\PythonProjects\skp_parser\batch_test.py - INFO - 清除旧数据: 《荣昌区2026年重点建设项目计划表》.xlsx(文件 1 条, 项目 143 条, 特有信息 133 条, 通知 0 条, 分类声明 0 条)
2026-09-01 15:40:03,255 - E:\STangWork\PythonProjects\skp_parser\batch_test.py - INFO - OK: 《荣昌区2026年重点建设项目计划表》.xlsx (file_id=1363, 项目 136 条)
2026-09-01 15:40:04,820 - E:\STangWork\PythonProjects\skp_parser\batch_test.py - INFO - 清除旧数据: 酉阳县2026年县级重点项目清单.xlsx(文件 1 条, 项目 150 条, 特有信息 0 条, 通知 0 条, 分类声明 0 条)
2026-09-01 15:40:05,405 - E:\STangWork\PythonProjects\skp_parser\batch_test.py - INFO - OK: 酉阳县2026年县级重点项目清单.xlsx (file_id=1364, 项目 149 条)
2026-09-01 15:40:07,429 - E:\STangWork\PythonProjects\skp_parser\batch_test.py - INFO - 清除旧数据: 附件1：铜梁区2026年重点建设项目名单（印发版).xlsx(文件 1 条, 项目 158 条, 特有信息 158 条, 通知 0 条, 分类声明 24 条)
2026-09-01 15:40:07,609 - E:\STangWork\PythonProjects\skp_parser\main.py - WARNING - 分类校验[附件1：铜梁区2026年重点建设项目名单（印发版).xlsx] 城乡融合新模式-舒缓保畅: 标题声明 6 项,解析 0 项
2026-09-01 15:40:07,609 - E:\STangWork\PythonProjects\skp_parser\main.py - WARNING - 分类校验[附件1：铜梁区2026年重点建设项目名单（印发版).xlsx] 干线公路-城市有机更新: 标题声明 26 项,解析 0 项
2026-09-01 15:40:07,613 - E:\STangWork\PythonProjects\skp_parser\main.py - WARNING - 通知信息解析失败 附件1：铜梁区2026年重点建设项目名单（印发版).xlsx: No /Root object! - Is this really a PDF?
2026-09-01 15:40:12,231 - E:\STangWork\PythonProjects\skp_parser\batch_test.py - INFO - OK: 附件1：铜梁区2026年重点建设项目名单（印发版).xlsx (file_id=1365, 项目 158 条)
2026-09-01 15:40:17,318 - E:\STangWork\PythonProjects\skp_parser\batch_test.py - INFO - 清除旧数据: 公开发布  长寿区2026年度重大项目计划.xlsx(文件 1 条, 项目 287 条, 特有信息 287 条, 通知 0 条, 分类声明 0 条)
2026-09-01 15:40:41,328 - E:\STangWork\PythonProjects\skp_parser\parser\xlsx_parser.py - WARNING - E:\STangWork\STangFiles\各省重点项目：2020年起\2026年重点项目\04重庆市2026年重点项目清单\2026年长寿区\公开发布  长寿区2026年度重大项目计划.xlsx[Sheet2]: 前 20 行未找到表头,跳过
2026-09-01 15:40:44,743 - E:\STangWork\PythonProjects\skp_parser\batch_test.py - INFO - OK: 公开发布  长寿区2026年度重大项目计划.xlsx (file_id=1366, 项目 289 条)
2026-09-01 15:40:50,259 - E:\STangWork\PythonProjects\skp_parser\batch_test.py - INFO - 清除旧数据: 附件.xlsx(文件 1 条, 项目 1636 条, 特有信息 1382 条, 通知 0 条, 分类声明 0 条)
2026-09-01 15:41:06,868 - E:\STangWork\PythonProjects\skp_parser\batch_test.py - INFO - OK: 附件.xlsx (file_id=1367, 项目 1636 条)
2026-09-01 15:41:08,932 - E:\STangWork\PythonProjects\skp_parser\batch_test.py - INFO - 清除旧数据: 山南市2026年重点项目建设计划.xlsx(文件 1 条, 项目 345 条, 特有信息 0 条, 通知 0 条, 分类声明 0 条)
2026-09-01 15:41:31,036 - E:\STangWork\PythonProjects\skp_parser\batch_test.py - INFO - OK: 山南市2026年重点项目建设计划.xlsx (file_id=1368, 项目 343 条)
2026-09-01 15:41:32,670 - E:\STangWork\PythonProjects\skp_parser\batch_test.py - INFO - 清除旧数据: 2026年第一批全区重点项目建设计划（新开工）.xlsx(文件 1 条, 项目 223 条, 特有信息 0 条, 通知 0 条, 分类声明 0 条)
2026-09-01 15:41:33,887 - E:\STangWork\PythonProjects\skp_parser\batch_test.py - INFO - OK: 2026年第一批全区重点项目建设计划（新开工）.xlsx (file_id=1369, 项目 221 条)
2026-09-01 15:41:37,640 - E:\STangWork\PythonProjects\skp_parser\batch_test.py - INFO - 清除旧数据: 附件：池州市2026年重点项目清单.xlsx(文件 1 条, 项目 977 条, 特有信息 977 条, 通知 0 条, 分类声明 19 条)
2026-09-01 15:42:17,334 - E:\STangWork\PythonProjects\skp_parser\batch_test.py - INFO - OK: 附件：池州市2026年重点项目清单.xlsx (file_id=1370, 项目 986 条)
2026-09-01 15:42:18,334 - E:\STangWork\PythonProjects\skp_parser\batch_test.py - INFO - 清除旧数据: 芜湖市重点处2026项目计划分解表.xlsx(文件 1 条, 项目 44 条, 特有信息 44 条, 通知 0 条, 分类声明 2 条)
2026-09-01 15:42:31,189 - E:\STangWork\PythonProjects\skp_parser\batch_test.py - INFO - OK: 芜湖市重点处2026项目计划分解表.xlsx (file_id=1371, 项目 44 条)
2026-09-01 15:42:31,551 - E:\STangWork\PythonProjects\skp_parser\batch_test.py - INFO - 清除旧数据: 附件：2026年度宁德市重点项目名单（341个）.xlsx(文件 1 条, 项目 341 条, 特有信息 341 条, 通知 0 条, 分类声明 8 条)
2026-09-01 15:42:51,956 - E:\STangWork\PythonProjects\skp_parser\parser\base_parser.py - INFO - 合并表头修正: project_name 列 0 → 1
2026-09-01 15:42:53,290 - E:\STangWork\PythonProjects\skp_parser\parser\xlsx_parser.py - WARNING - E:\STangWork\STangFiles\各省重点项目：2020年起\2026年重点项目\11福建省2026年重点项目清单\2026年宁德市\附件：2026年度宁德市重点项目名单（341个）.xlsx[Sheet2]: 前 20 行未找到表头,跳过
2026-09-01 15:42:53,290 - E:\STangWork\PythonProjects\skp_parser\parser\xlsx_parser.py - WARNING - E:\STangWork\STangFiles\各省重点项目：2020年起\2026年重点项目\11福建省2026年重点项目清单\2026年宁德市\附件：2026年度宁德市重点项目名单（341个）.xlsx[Sheet3]: 前 20 行未找到表头,跳过
2026-09-01 15:42:53,293 - E:\STangWork\PythonProjects\skp_parser\main.py - WARNING - 分类校验[附件：2026年度宁德市重点项目名单（341个）.xlsx] 年度宁德市重点项目名单: 标题声明 341 项,解析 0 项
2026-09-01 15:42:53,293 - E:\STangWork\PythonProjects\skp_parser\main.py - WARNING - 分类校验[附件：2026年度宁德市重点项目名单（341个）.xlsx] 能源: 标题声明 26 项,解析 20 项
2026-09-01 15:42:53,716 - E:\STangWork\PythonProjects\skp_parser\batch_test.py - INFO - OK: 附件：2026年度宁德市重点项目名单（341个）.xlsx (file_id=1372, 项目 341 条)
2026-09-01 15:42:55,100 - E:\STangWork\PythonProjects\skp_parser\batch_test.py - INFO - 清除旧数据: 平潭综合实验区2026年重点项目建设计划.xlsx(文件 1 条, 项目 263 条, 特有信息 0 条, 通知 0 条, 分类声明 0 条)
2026-09-01 15:42:57,091 - E:\STangWork\PythonProjects\skp_parser\batch_test.py - INFO - OK: 平潭综合实验区2026年重点项目建设计划.xlsx (file_id=1373, 项目 260 条)
2026-09-01 15:42:58,920 - E:\STangWork\PythonProjects\skp_parser\batch_test.py - INFO - 清除旧数据: 附件：2026年度省重点项目名单（1570个).xlsx(文件 1 条, 项目 1599 条, 特有信息 0 条, 通知 0 条, 分类声明 37 条)
2026-09-01 15:42:59,162 - E:\STangWork\PythonProjects\skp_parser\parser\xlsx_parser.py - WARNING - E:\STangWork\STangFiles\各省重点项目：2020年起\2026年重点项目\11福建省2026年重点项目清单\附件：2026年度省重点项目名单（1570个).xlsx[Sheet2]: 前 20 行未找到表头,跳过
2026-09-01 15:42:59,163 - E:\STangWork\PythonProjects\skp_parser\parser\xlsx_parser.py - WARNING - E:\STangWork\STangFiles\各省重点项目：2020年起\2026年重点项目\11福建省2026年重点项目清单\附件：2026年度省重点项目名单（1570个).xlsx[Sheet3]: 前 20 行未找到表头,跳过
2026-09-01 15:42:59,174 - E:\STangWork\PythonProjects\skp_parser\main.py - WARNING - 分类校验[附件：2026年度省重点项目名单（1570个).xlsx] 年度省重点项目名单: 标题声明 1570 项,解析 0 项
2026-09-01 15:42:59,175 - E:\STangWork\PythonProjects\skp_parser\main.py - WARNING - 分类校验[附件：2026年度省重点项目名单（1570个).xlsx] 年度省重点项目名单-制造业支柱产业: 标题声明 256 项,解析 0 项
2026-09-01 15:42:59,175 - E:\STangWork\PythonProjects\skp_parser\main.py - WARNING - 分类校验[附件：2026年度省重点项目名单（1570个).xlsx] 现代纺织鞋服产业-制造业特色优势产业: 标题声明 221 项,解析 0 项
2026-09-01 15:42:59,175 - E:\STangWork\PythonProjects\skp_parser\main.py - WARNING - 分类校验[附件：2026年度省重点项目名单（1570个).xlsx] 特色轻工产业-战略性新兴产业: 标题声明 177 项,解析 0 项
2026-09-01 15:42:59,175 - E:\STangWork\PythonProjects\skp_parser\main.py - WARNING - 分类校验[附件：2026年度省重点项目名单（1570个).xlsx] 现代化立体综合交通领域项目: 标题声明 119 项,解析 0 项
2026-09-01 15:42:59,175 - E:\STangWork\PythonProjects\skp_parser\main.py - WARNING - 分类校验[附件：2026年度省重点项目名单（1570个).xlsx] 现代化立体综合交通领域项目-轨道交通网: 标题声明 13 项,解析 0 项
2026-09-01 15:42:59,176 - E:\STangWork\PythonProjects\skp_parser\main.py - WARNING - 分类校验[附件：2026年度省重点项目名单（1570个).xlsx] 城市轨道-公路: 标题声明 70 项,解析 0 项
2026-09-01 15:42:59,176 - E:\STangWork\PythonProjects\skp_parser\main.py - WARNING - 分类校验[附件：2026年度省重点项目名单（1570个).xlsx] 其他-水运工程: 标题声明 14 项,解析 0 项
2026-09-01 15:42:59,176 - E:\STangWork\PythonProjects\skp_parser\main.py - WARNING - 分类校验[附件：2026年度省重点项目名单（1570个).xlsx] 航道-民航: 标题声明 4 项,解析 0 项
2026-09-01 15:42:59,176 - E:\STangWork\PythonProjects\skp_parser\main.py - WARNING - 分类校验[附件：2026年度省重点项目名单（1570个).xlsx] 低碳清洁能源领域项目: 标题声明 75 项,解析 0 项
2026-09-01 15:42:59,176 - E:\STangWork\PythonProjects\skp_parser\main.py - WARNING - 分类校验[附件：2026年度省重点项目名单（1570个).xlsx] 低碳清洁能源领域项目-高效清洁电源: 标题声明 51 项,解析 0 项
2026-09-01 15:42:59,177 - E:\STangWork\PythonProjects\skp_parser\main.py - WARNING - 分类校验[附件：2026年度省重点项目名单（1570个).xlsx] 其他-高效综合能源: 标题声明 6 项,解析 0 项
2026-09-01 15:42:59,177 - E:\STangWork\PythonProjects\skp_parser\main.py - WARNING - 分类校验[附件：2026年度省重点项目名单（1570个).xlsx] 其他-高效能源输送: 标题声明 18 项,解析 0 项
2026-09-01 15:42:59,177 - E:\STangWork\PythonProjects\skp_parser\main.py - WARNING - 分类校验[附件：2026年度省重点项目名单（1570个).xlsx] 安全韧性水网领域项目: 标题声明 74 项,解析 26 项
2026-09-01 15:42:59,177 - E:\STangWork\PythonProjects\skp_parser\main.py - WARNING - 分类校验[附件：2026年度省重点项目名单（1570个).xlsx] 安全韧性水网领域项目-防洪防潮排涝工程: 标题声明 32 项,解析 7 项
2026-09-01 15:42:59,177 - E:\STangWork\PythonProjects\skp_parser\main.py - WARNING - 分类校验[附件：2026年度省重点项目名单（1570个).xlsx] 南平排水防涝提升项目-供水保障工程: 标题声明 18 项,解析 1 项
2026-09-01 15:42:59,177 - E:\STangWork\PythonProjects\skp_parser\main.py - WARNING - 分类校验[附件：2026年度省重点项目名单（1570个).xlsx] 城市更新领域项目: 标题声明 92 项,解析 0 项
2026-09-01 15:42:59,178 - E:\STangWork\PythonProjects\skp_parser\main.py - WARNING - 分类校验[附件：2026年度省重点项目名单（1570个).xlsx] 城市更新领域项目-市政设施提升工程: 标题声明 73 项,解析 0 项
2026-09-01 15:42:59,178 - E:\STangWork\PythonProjects\skp_parser\main.py - WARNING - 分类校验[附件：2026年度省重点项目名单（1570个).xlsx] 现代服务与文旅融合领域项目: 标题声明 123 项,解析 0 项
2026-09-01 15:42:59,178 - E:\STangWork\PythonProjects\skp_parser\main.py - WARNING - 分类校验[附件：2026年度省重点项目名单（1570个).xlsx] 现代服务与文旅融合领域项目-现代服务业: 标题声明 76 项,解析 0 项
2026-09-01 15:43:04,245 - E:\STangWork\PythonProjects\skp_parser\batch_test.py - INFO - OK: 附件：2026年度省重点项目名单（1570个).xlsx (file_id=1374, 项目 1601 条)
2026-09-01 15:43:06,694 - E:\STangWork\PythonProjects\skp_parser\batch_test.py - INFO - 清除旧数据: 金政办发〔2025〕68号 附件2 2026年重大前期项目清单.xlsx(文件 1 条, 项目 155 条, 特有信息 155 条, 通知 0 条, 分类声明 11 条)
2026-09-01 15:43:06,803 - E:\STangWork\PythonProjects\skp_parser\main.py - WARNING - 通知信息解析失败 金政办发〔2025〕68号 附件2 2026年重大前期项目清单.xlsx: No /Root object! - Is this really a PDF?
2026-09-01 15:43:08,686 - E:\STangWork\PythonProjects\skp_parser\batch_test.py - INFO - OK: 金政办发〔2025〕68号 附件2 2026年重大前期项目清单.xlsx (file_id=1375, 项目 155 条)
2026-09-01 15:43:09,922 - E:\STangWork\PythonProjects\skp_parser\batch_test.py - INFO - 清除旧数据: 金政办发〔2025〕68号 附件3 2026年金昌市招商引资投资机会清单.xlsx(文件 1 条, 项目 176 条, 特有信息 176 条, 通知 0 条, 分类声明 0 条)
2026-09-01 15:43:10,060 - E:\STangWork\PythonProjects\skp_parser\main.py - WARNING - 通知信息解析失败 金政办发〔2025〕68号 附件3 2026年金昌市招商引资投资机会清单.xlsx: No /Root object! - Is this really a PDF?
2026-09-01 15:43:17,535 - E:\STangWork\PythonProjects\skp_parser\batch_test.py - INFO - OK: 金政办发〔2025〕68号 附件3 2026年金昌市招商引资投资机会清单.xlsx (file_id=1376, 项目 176 条)
2026-09-01 15:43:24,043 - E:\STangWork\PythonProjects\skp_parser\batch_test.py - INFO - 清除旧数据: 2026年广东省重点项目名单(共2830个).xlsx(文件 1 条, 项目 2730 条, 特有信息 2730 条, 通知 0 条, 分类声明 0 条)
2026-09-01 15:43:48,914 - E:\STangWork\PythonProjects\skp_parser\batch_test.py - INFO - OK: 2026年广东省重点项目名单(共2830个).xlsx (file_id=1377, 项目 2729 条)
2026-09-01 15:43:51,573 - E:\STangWork\PythonProjects\skp_parser\batch_test.py - INFO - 清除旧数据: 附件1：湛江市2026年重点建设项目计划表.xlsx(文件 1 条, 项目 256 条, 特有信息 256 条, 通知 0 条, 分类声明 30 条)
2026-09-01 15:44:17,188 - E:\STangWork\PythonProjects\skp_parser\batch_test.py - INFO - OK: 附件1：湛江市2026年重点建设项目计划表.xlsx (file_id=1378, 项目 256 条)
2026-09-01 15:44:17,867 - E:\STangWork\PythonProjects\skp_parser\batch_test.py - INFO - 清除旧数据: 附件：珠海市2026年政府投资项目计划表.xlsx(文件 1 条, 项目 100 条, 特有信息 100 条, 通知 0 条, 分类声明 0 条)
2026-09-01 15:44:19,827 - E:\STangWork\PythonProjects\skp_parser\batch_test.py - INFO - OK: 附件：珠海市2026年政府投资项目计划表.xlsx (file_id=1379, 项目 85 条)
2026-09-01 15:44:20,203 - E:\STangWork\PythonProjects\skp_parser\batch_test.py - INFO - 清除旧数据: 遵义市2026年重大工程和重点项目名单.xlsx(文件 1 条, 项目 538 条, 特有信息 538 条, 通知 0 条, 分类声明 0 条)
2026-09-01 15:44:21,766 - E:\STangWork\PythonProjects\skp_parser\batch_test.py - INFO - OK: 遵义市2026年重大工程和重点项目名单.xlsx (file_id=1380, 项目 537 条)
2026-09-01 15:44:22,314 - E:\STangWork\PythonProjects\skp_parser\batch_test.py - INFO - 清除旧数据: 附件：1：文昌市2026年重大项目投资计划表.xlsx(文件 1 条, 项目 56 条, 特有信息 0 条, 通知 0 条, 分类声明 0 条)
2026-09-01 15:44:22,963 - E:\STangWork\PythonProjects\skp_parser\batch_test.py - INFO - OK: 附件：1：文昌市2026年重大项目投资计划表.xlsx (file_id=1381, 项目 49 条)
2026-09-01 15:44:23,248 - E:\STangWork\PythonProjects\skp_parser\batch_test.py - INFO - 清除旧数据: 附件：2：文昌市2026年预备重大项目投资计划表.xlsx(文件 1 条, 项目 43 条, 特有信息 0 条, 通知 0 条, 分类声明 0 条)
2026-09-01 15:44:23,990 - E:\STangWork\PythonProjects\skp_parser\batch_test.py - INFO - OK: 附件：2：文昌市2026年预备重大项目投资计划表.xlsx (file_id=1382, 项目 37 条)
2026-09-01 15:44:24,131 - E:\STangWork\PythonProjects\skp_parser\batch_test.py - INFO - 清除旧数据: 衡水市2026年市重点建设项目名单.xlsx(文件 1 条, 项目 195 条, 特有信息 195 条, 通知 0 条, 分类声明 0 条)
2026-09-01 15:44:26,350 - E:\STangWork\PythonProjects\skp_parser\batch_test.py - INFO - OK: 衡水市2026年市重点建设项目名单.xlsx (file_id=1383, 项目 195 条)
2026-09-01 15:44:26,508 - E:\STangWork\PythonProjects\skp_parser\batch_test.py - INFO - 清除旧数据: 2026年宜昌市省市级重点项目建设计划清单.xlsx(文件 1 条, 项目 191 条, 特有信息 191 条, 通知 0 条, 分类声明 0 条)
2026-09-01 15:44:29,394 - E:\STangWork\PythonProjects\skp_parser\batch_test.py - INFO - OK: 2026年宜昌市省市级重点项目建设计划清单.xlsx (file_id=1384, 项目 190 条)
2026-09-01 15:44:30,410 - E:\STangWork\PythonProjects\skp_parser\batch_test.py - INFO - 清除旧数据: 潜江市2026年省级重点项目建设清单.xlsx(文件 1 条, 项目 16 条, 特有信息 16 条, 通知 0 条, 分类声明 0 条)
2026-09-01 15:44:31,036 - E:\STangWork\PythonProjects\skp_parser\batch_test.py - INFO - OK: 潜江市2026年省级重点项目建设清单.xlsx (file_id=1385, 项目 16 条)
2026-09-01 15:44:31,594 - E:\STangWork\PythonProjects\skp_parser\batch_test.py - INFO - 清除旧数据: 荆门市2026年市级重点项目汇总表.xlsx(文件 1 条, 项目 130 条, 特有信息 0 条, 通知 0 条, 分类声明 0 条)
2026-09-01 15:44:32,596 - E:\STangWork\PythonProjects\skp_parser\batch_test.py - INFO - OK: 荆门市2026年市级重点项目汇总表.xlsx (file_id=1386, 项目 130 条)
2026-09-01 15:44:33,109 - E:\STangWork\PythonProjects\skp_parser\batch_test.py - INFO - 清除旧数据: 荆门市2026年省级重点项目汇总表.xlsx(文件 1 条, 项目 55 条, 特有信息 0 条, 通知 0 条, 分类声明 0 条)
2026-09-01 15:44:33,758 - E:\STangWork\PythonProjects\skp_parser\batch_test.py - INFO - OK: 荆门市2026年省级重点项目汇总表.xlsx (file_id=1387, 项目 58 条)
2026-09-01 15:44:34,517 - E:\STangWork\PythonProjects\skp_parser\batch_test.py - INFO - 清除旧数据: 襄阳市2026年市级重点项目清单.xlsx(文件 1 条, 项目 65 条, 特有信息 0 条, 通知 0 条, 分类声明 0 条)
2026-09-01 15:44:35,162 - E:\STangWork\PythonProjects\skp_parser\batch_test.py - INFO - OK: 襄阳市2026年市级重点项目清单.xlsx (file_id=1388, 项目 64 条)
2026-09-01 15:44:35,321 - E:\STangWork\PythonProjects\skp_parser\batch_test.py - INFO - 清除旧数据: 襄阳市2026年省级重点项目清单.xlsx(文件 1 条, 项目 58 条, 特有信息 0 条, 通知 0 条, 分类声明 0 条)
2026-09-01 15:44:35,605 - E:\STangWork\PythonProjects\skp_parser\batch_test.py - INFO - OK: 襄阳市2026年省级重点项目清单.xlsx (file_id=1389, 项目 57 条)
2026-09-01 15:44:35,947 - E:\STangWork\PythonProjects\skp_parser\batch_test.py - INFO - 清除旧数据: 随州市2026年重点建设计划清单.xlsx(文件 1 条, 项目 112 条, 特有信息 0 条, 通知 0 条, 分类声明 0 条)
2026-09-01 15:44:37,112 - E:\STangWork\PythonProjects\skp_parser\batch_test.py - INFO - OK: 随州市2026年重点建设计划清单.xlsx (file_id=1390, 项目 111 条)
2026-09-01 15:44:40,881 - E:\STangWork\PythonProjects\skp_parser\batch_test.py - INFO - 清除旧数据: 湖北省发改委印发2026年省级重点项目清单.xlsx(文件 1 条, 项目 768 条, 特有信息 768 条, 通知 0 条, 分类声明 0 条)
2026-09-01 15:44:41,126 - E:\STangWork\PythonProjects\skp_parser\main.py - WARNING - 通知信息解析失败 湖北省发改委印发2026年省级重点项目清单.xlsx: No /Root object! - Is this really a PDF?
2026-09-01 15:44:47,368 - E:\STangWork\PythonProjects\skp_parser\batch_test.py - INFO - OK: 湖北省发改委印发2026年省级重点项目清单.xlsx (file_id=1391, 项目 768 条)
2026-09-01 15:44:53,633 - E:\STangWork\PythonProjects\skp_parser\batch_test.py - INFO - 清除旧数据: 2026年各省市重大项目汇总.xlsx(文件 1 条, 项目 1262 条, 特有信息 0 条, 通知 0 条, 分类声明 0 条)
2026-09-01 15:45:00,656 - E:\STangWork\PythonProjects\skp_parser\batch_test.py - INFO - OK: 2026年各省市重大项目汇总.xlsx (file_id=1392, 项目 1262 条)
2026-09-01 15:45:11,179 - E:\STangWork\PythonProjects\skp_parser\batch_test.py - INFO - 清除旧数据: 2026年各省重点重大项目清单（截止2026年8月19日）.xlsx(文件 1 条, 项目 2676 条, 特有信息 0 条, 通知 0 条, 分类声明 0 条)
2026-09-01 15:45:11,396 - E:\STangWork\PythonProjects\skp_parser\parser\xls_parser.py - WARNING - E:\STangWork\STangFiles\各省重点项目：2020年起\2026年重点项目\2026年各省重点重大项目清单（截止2026年8月19日）.xlsx[第二批（截止2026.3.13）]: 判定为各省汇总表干扰数据,已跳过并记录名单
2026-09-01 15:45:11,400 - E:\STangWork\PythonProjects\skp_parser\parser\xls_parser.py - WARNING - E:\STangWork\STangFiles\各省重点项目：2020年起\2026年重点项目\2026年各省重点重大项目清单（截止2026年8月19日）.xlsx[第三批（截止2026.6.7）]: 判定为各省汇总表干扰数据,已跳过并记录名单
2026-09-01 15:45:11,413 - E:\STangWork\PythonProjects\skp_parser\parser\xls_parser.py - WARNING - E:\STangWork\STangFiles\各省重点项目：2020年起\2026年重点项目\2026年各省重点重大项目清单（截止2026年8月19日）.xlsx[第四批（截止2026.8.19）]: 判定为各省汇总表干扰数据,已跳过并记录名单
2026-09-01 15:45:11,415 - E:\STangWork\PythonProjects\skp_parser\parser\xls_parser.py - WARNING - E:\STangWork\STangFiles\各省重点项目：2020年起\2026年重点项目\2026年各省重点重大项目清单（截止2026年8月19日）.xlsx[地级市]: 判定为各省汇总表干扰数据,已跳过并记录名单
2026-09-01 15:45:11,416 - E:\STangWork\PythonProjects\skp_parser\parser\xls_parser.py - WARNING - E:\STangWork\STangFiles\各省重点项目：2020年起\2026年重点项目\2026年各省重点重大项目清单（截止2026年8月19日）.xlsx[第四批（截止2025.07.23）]: 判定为各省汇总表干扰数据,已跳过并记录名单
2026-09-01 15:45:11,417 - E:\STangWork\PythonProjects\skp_parser\parser\xls_parser.py - WARNING - E:\STangWork\STangFiles\各省重点项目：2020年起\2026年重点项目\2026年各省重点重大项目清单（截止2026年8月19日）.xlsx[第五批（截止2025.12.31） ]: 判定为各省汇总表干扰数据,已跳过并记录名单
2026-09-01 15:45:11,417 - E:\STangWork\PythonProjects\skp_parser\parser\xls_parser.py - WARNING - E:\STangWork\STangFiles\各省重点项目：2020年起\2026年重点项目\2026年各省重点重大项目清单（截止2026年8月19日）.xlsx[第四批（截止2024.11.28）]: 判定为各省汇总表干扰数据,已跳过并记录名单
2026-09-01 15:45:11,454 - E:\STangWork\PythonProjects\skp_parser\main.py - WARNING - 分类校验[2026年各省重点重大项目清单（截止2026年8月19日）.xlsx] 湖南省  2万亿 未公布 安排省重点建设项目389项，总投资2万亿元。包含： 基础设施项目: 标题声明 152 项,解析 0 项
2026-09-01 15:45:30,131 - E:\STangWork\PythonProjects\skp_parser\batch_test.py - INFO - OK: 2026年各省重点重大项目清单（截止2026年8月19日）.xlsx (file_id=1393, 项目 2676 条)
2026-09-01 15:45:32,524 - E:\STangWork\PythonProjects\skp_parser\batch_test.py - INFO - 清除旧数据: 南京市2026年经济社会发展重大项目名单.xlsx(文件 1 条, 项目 516 条, 特有信息 0 条, 通知 0 条, 分类声明 24 条)
2026-09-01 15:45:32,661 - E:\STangWork\PythonProjects\skp_parser\main.py - WARNING - 分类校验[南京市2026年经济社会发展重大项目名单.xlsx] 科创项目: 标题声明 59 项,解析 58 项
2026-09-01 15:45:32,661 - E:\STangWork\PythonProjects\skp_parser\main.py - WARNING - 分类校验[南京市2026年经济社会发展重大项目名单.xlsx] 先进制造业项目: 标题声明 254 项,解析 0 项
2026-09-01 15:45:32,661 - E:\STangWork\PythonProjects\skp_parser\main.py - WARNING - 分类校验[南京市2026年经济社会发展重大项目名单.xlsx] 先进制造业项目-新型电子信息产业: 标题声明 35 项,解析 0 项
2026-09-01 15:45:32,661 - E:\STangWork\PythonProjects\skp_parser\main.py - WARNING - 分类校验[南京市2026年经济社会发展重大项目名单.xlsx] 显示、通信及其他: 标题声明 17 项,解析 234 项
2026-09-01 15:45:32,662 - E:\STangWork\PythonProjects\skp_parser\main.py - WARNING - 分类校验[南京市2026年经济社会发展重大项目名单.xlsx] 显示、通信及其他-制造业载体及其他: 标题声明 50 项,解析 48 项
2026-09-01 15:45:32,662 - E:\STangWork\PythonProjects\skp_parser\main.py - WARNING - 分类校验[南京市2026年经济社会发展重大项目名单.xlsx] 现代服务业项目: 标题声明 78 项,解析 0 项
2026-09-01 15:45:32,662 - E:\STangWork\PythonProjects\skp_parser\main.py - WARNING - 分类校验[南京市2026年经济社会发展重大项目名单.xlsx] 现代服务业项目-金融和高端商务产业: 标题声明 30 项,解析 0 项
2026-09-01 15:45:32,662 - E:\STangWork\PythonProjects\skp_parser\main.py - WARNING - 分类校验[南京市2026年经济社会发展重大项目名单.xlsx] 现代金融: 标题声明 6 项,解析 5 项
2026-09-01 15:45:32,662 - E:\STangWork\PythonProjects\skp_parser\main.py - WARNING - 分类校验[南京市2026年经济社会发展重大项目名单.xlsx] 总部及商务商贸: 标题声明 24 项,解析 68 项
2026-09-01 15:45:32,663 - E:\STangWork\PythonProjects\skp_parser\main.py - WARNING - 分类校验[南京市2026年经济社会发展重大项目名单.xlsx] 总部及商务商贸-服务业载体及其他: 标题声明 41 项,解析 38 项
2026-09-01 15:45:32,663 - E:\STangWork\PythonProjects\skp_parser\main.py - WARNING - 分类校验[南京市2026年经济社会发展重大项目名单.xlsx] 基础设施与社会民生项目: 标题声明 87 项,解析 0 项
2026-09-01 15:45:32,663 - E:\STangWork\PythonProjects\skp_parser\main.py - WARNING - 分类校验[南京市2026年经济社会发展重大项目名单.xlsx] 基础设施与社会民生项目-交通及市政基础设施类: 标题声明 38 项,解析 0 项
2026-09-01 15:45:32,663 - E:\STangWork\PythonProjects\skp_parser\main.py - WARNING - 分类校验[南京市2026年经济社会发展重大项目名单.xlsx] 城市道路及市政设施等: 标题声明 8 项,解析 20 项
2026-09-01 15:45:32,663 - E:\STangWork\PythonProjects\skp_parser\main.py - WARNING - 分类校验[南京市2026年经济社会发展重大项目名单.xlsx] 城市道路及市政设施等-社会民生类: 标题声明 37 项,解析 0 项
2026-09-01 15:45:32,663 - E:\STangWork\PythonProjects\skp_parser\main.py - WARNING - 分类校验[南京市2026年经济社会发展重大项目名单.xlsx] 学校: 标题声明 18 项,解析 13 项
2026-09-01 15:45:32,664 - E:\STangWork\PythonProjects\skp_parser\main.py - WARNING - 分类校验[南京市2026年经济社会发展重大项目名单.xlsx] 文化及其他: 标题声明 8 项,解析 7 项
2026-09-01 15:45:32,664 - E:\STangWork\PythonProjects\skp_parser\main.py - WARNING - 分类校验[南京市2026年经济社会发展重大项目名单.xlsx] 第二部分前期项目: 标题声明 37 项,解析 0 项
2026-09-01 15:45:32,664 - E:\STangWork\PythonProjects\skp_parser\main.py - WARNING - 分类校验[南京市2026年经济社会发展重大项目名单.xlsx] 产业类: 标题声明 26 项,解析 25 项
2026-09-01 15:45:32,664 - E:\STangWork\PythonProjects\skp_parser\main.py - WARNING - 分类校验[南京市2026年经济社会发展重大项目名单.xlsx] 基础设施和社会民生类: 标题声明 11 项,解析 10 项
2026-09-01 15:45:36,476 - E:\STangWork\PythonProjects\skp_parser\batch_test.py - INFO - OK: 南京市2026年经济社会发展重大项目名单.xlsx (file_id=1394, 项目 500 条)
2026-09-01 15:45:37,517 - E:\STangWork\PythonProjects\skp_parser\batch_test.py - INFO - 清除旧数据: 2026年南通市重大项目清单.xlsx(文件 1 条, 项目 422 条, 特有信息 0 条, 通知 0 条, 分类声明 13 条)
2026-09-01 15:45:37,572 - E:\STangWork\PythonProjects\skp_parser\main.py - WARNING - 分类校验[2026年南通市重大项目清单.xlsx] 第一部分 实施项目: 标题声明 346 项,解析 0 项
2026-09-01 15:45:37,573 - E:\STangWork\PythonProjects\skp_parser\main.py - WARNING - 分类校验[2026年南通市重大项目清单.xlsx] 第二部分 储备项目: 标题声明 76 项,解析 74 项
2026-09-01 15:45:41,028 - E:\STangWork\PythonProjects\skp_parser\batch_test.py - INFO - OK: 2026年南通市重大项目清单.xlsx (file_id=1395, 项目 420 条)
2026-09-01 15:45:43,890 - E:\STangWork\PythonProjects\skp_parser\batch_test.py - INFO - 清除旧数据: 2026年扬州市重大项目清单.xlsx(文件 1 条, 项目 657 条, 特有信息 650 条, 通知 0 条, 分类声明 40 条)
2026-09-01 15:45:44,009 - E:\STangWork\PythonProjects\skp_parser\main.py - WARNING - 分类校验[2026年扬州市重大项目清单.xlsx] 重大产业: 标题声明 529 项,解析 0 项
2026-09-01 15:45:44,187 - E:\STangWork\PythonProjects\skp_parser\main.py - WARNING - 分类校验[2026年扬州市重大项目清单.xlsx] 重大产业-先进制造业: 标题声明 391 项,解析 0 项
2026-09-01 15:45:44,188 - E:\STangWork\PythonProjects\skp_parser\main.py - WARNING - 分类校验[2026年扬州市重大项目清单.xlsx] I 高端装备产业集群: 标题声明 137 项,解析 0 项
2026-09-01 15:45:44,188 - E:\STangWork\PythonProjects\skp_parser\main.py - WARNING - 分类校验[2026年扬州市重大项目清单.xlsx] II 新能源产业集群: 标题声明 25 项,解析 0 项
2026-09-01 15:45:44,189 - E:\STangWork\PythonProjects\skp_parser\main.py - WARNING - 分类校验[2026年扬州市重大项目清单.xlsx] III 新材料产业集群: 标题声明 73 项,解析 0 项
2026-09-01 15:45:44,189 - E:\STangWork\PythonProjects\skp_parser\main.py - WARNING - 分类校验[2026年扬州市重大项目清单.xlsx] IV 新一代信息技术产业集群: 标题声明 50 项,解析 0 项
2026-09-01 15:45:44,190 - E:\STangWork\PythonProjects\skp_parser\main.py - WARNING - 分类校验[2026年扬州市重大项目清单.xlsx] V 汽车及零部件产业集群: 标题声明 58 项,解析 0 项
2026-09-01 15:45:44,190 - E:\STangWork\PythonProjects\skp_parser\main.py - WARNING - 分类校验[2026年扬州市重大项目清单.xlsx] VI 生命健康产业集群: 标题声明 42 项,解析 0 项
2026-09-01 15:45:44,191 - E:\STangWork\PythonProjects\skp_parser\main.py - WARNING - 分类校验[2026年扬州市重大项目清单.xlsx] VII 其他-现代服务业: 标题声明 117 项,解析 0 项
2026-09-01 15:45:44,191 - E:\STangWork\PythonProjects\skp_parser\main.py - WARNING - 分类校验[2026年扬州市重大项目清单.xlsx] II 生活性服务业: 标题声明 55 项,解析 80 项
2026-09-01 15:45:44,192 - E:\STangWork\PythonProjects\skp_parser\main.py - WARNING - 分类校验[2026年扬州市重大项目清单.xlsx] II 生活性服务业-现代农业: 标题声明 21 项,解析 25 项
2026-09-01 15:45:44,193 - E:\STangWork\PythonProjects\skp_parser\main.py - WARNING - 分类校验[2026年扬州市重大项目清单.xlsx] 基础设施: 标题声明 54 项,解析 7 项
2026-09-01 15:45:44,194 - E:\STangWork\PythonProjects\skp_parser\main.py - WARNING - 分类校验[2026年扬州市重大项目清单.xlsx] 基础设施-交通: 标题声明 15 项,解析 0 项
2026-09-01 15:45:44,194 - E:\STangWork\PythonProjects\skp_parser\main.py - WARNING - 分类校验[2026年扬州市重大项目清单.xlsx] III 水运: 标题声明 6 项,解析 9 项
2026-09-01 15:45:44,195 - E:\STangWork\PythonProjects\skp_parser\main.py - WARNING - 分类校验[2026年扬州市重大项目清单.xlsx] V 枢纽: 标题声明 1 项,解析 73 项
2026-09-01 15:45:44,195 - E:\STangWork\PythonProjects\skp_parser\main.py - WARNING - 分类校验[2026年扬州市重大项目清单.xlsx] V 枢纽-能源: 标题声明 7 项,解析 23 项
2026-09-01 15:45:44,196 - E:\STangWork\PythonProjects\skp_parser\main.py - WARNING - 分类校验[2026年扬州市重大项目清单.xlsx] V 枢纽-城建: 标题声明 25 项,解析 49 项
2026-09-01 15:45:49,722 - E:\STangWork\PythonProjects\skp_parser\batch_test.py - INFO - OK: 2026年扬州市重大项目清单.xlsx (file_id=1396, 项目 657 条)
2026-09-01 15:45:51,731 - E:\STangWork\PythonProjects\skp_parser\batch_test.py - INFO - 清除旧数据: 2026年江阴市重大产业项目清单.xlsx(文件 1 条, 项目 180 条, 特有信息 180 条, 通知 0 条, 分类声明 1 条)
2026-09-01 15:45:53,897 - E:\STangWork\PythonProjects\skp_parser\batch_test.py - INFO - OK: 2026年江阴市重大产业项目清单.xlsx (file_id=1397, 项目 181 条)
2026-09-01 15:45:56,591 - E:\STangWork\PythonProjects\skp_parser\batch_test.py - INFO - 清除旧数据: 2026年镇江市重大项目清单.xlsx(文件 1 条, 项目 373 条, 特有信息 364 条, 通知 0 条, 分类声明 0 条)
2026-09-01 15:45:59,859 - E:\STangWork\PythonProjects\skp_parser\batch_test.py - INFO - OK: 2026年镇江市重大项目清单.xlsx (file_id=1398, 项目 373 条)
2026-09-01 15:46:01,734 - E:\STangWork\PythonProjects\skp_parser\batch_test.py - INFO - 清除旧数据: 附件1.2026年省级重点工程第一次季度调整增补项目名单.xlsx(文件 1 条, 项目 27 条, 特有信息 27 条, 通知 0 条, 分类声明 0 条)
2026-09-01 15:46:02,103 - E:\STangWork\PythonProjects\skp_parser\batch_test.py - INFO - OK: 附件1.2026年省级重点工程第一次季度调整增补项目名单.xlsx (file_id=1399, 项目 27 条)
2026-09-01 15:46:02,377 - E:\STangWork\PythonProjects\skp_parser\batch_test.py - INFO - 清除旧数据: 附件2.2026年省级重点工程第一次季度调整退出项目名单.xlsx(文件 1 条, 项目 6 条, 特有信息 0 条, 通知 0 条, 分类声明 0 条)
2026-09-01 15:46:02,585 - E:\STangWork\PythonProjects\skp_parser\batch_test.py - INFO - OK: 附件2.2026年省级重点工程第一次季度调整退出项目名单.xlsx (file_id=1400, 项目 5 条)
2026-09-01 15:46:03,962 - E:\STangWork\PythonProjects\skp_parser\batch_test.py - INFO - 清除旧数据: 汉中市2026年重点建设项目计划.xlsx(文件 1 条, 项目 476 条, 特有信息 0 条, 通知 0 条, 分类声明 0 条)
2026-09-01 15:46:17,541 - E:\STangWork\PythonProjects\skp_parser\batch_test.py - INFO - OK: 汉中市2026年重点建设项目计划.xlsx (file_id=1401, 项目 475 条)
2026-09-01 15:46:19,324 - E:\STangWork\PythonProjects\skp_parser\batch_test.py - INFO - 清除旧数据: 2026年德阳市重点项目名单（新开工）.xlsx(文件 1 条, 项目 162 条, 特有信息 0 条, 通知 0 条, 分类声明 0 条)
2026-09-01 15:46:20,244 - E:\STangWork\PythonProjects\skp_parser\batch_test.py - INFO - OK: 2026年德阳市重点项目名单（新开工）.xlsx (file_id=1402, 项目 163 条)
2026-09-01 15:46:21,219 - E:\STangWork\PythonProjects\skp_parser\batch_test.py - INFO - 清除旧数据: 2026年德阳市重点项目名单（续建）.xlsx(文件 1 条, 项目 249 条, 特有信息 0 条, 通知 0 条, 分类声明 0 条)
2026-09-01 15:46:22,216 - E:\STangWork\PythonProjects\skp_parser\batch_test.py - INFO - OK: 2026年德阳市重点项目名单（续建）.xlsx (file_id=1403, 项目 249 条)
2026-09-01 15:46:23,660 - E:\STangWork\PythonProjects\skp_parser\batch_test.py - INFO - 清除旧数据: 攀枝花2026年省市重点项目名单(对外公布稿).xlsx.xlsx(文件 1 条, 项目 441 条, 特有信息 0 条, 通知 0 条, 分类声明 0 条)
2026-09-01 15:46:33,014 - E:\STangWork\PythonProjects\skp_parser\batch_test.py - INFO - OK: 攀枝花2026年省市重点项目名单(对外公布稿).xlsx.xlsx (file_id=1404, 项目 441 条)
2026-09-01 15:46:34,936 - E:\STangWork\PythonProjects\skp_parser\batch_test.py - INFO - 清除旧数据: 2026年达州市重大项目计划.xlsx(文件 1 条, 项目 232 条, 特有信息 0 条, 通知 0 条, 分类声明 0 条)
2026-09-01 15:46:35,861 - E:\STangWork\PythonProjects\skp_parser\batch_test.py - INFO - OK: 2026年达州市重大项目计划.xlsx (file_id=1405, 项目 231 条)
2026-09-01 15:46:39,303 - E:\STangWork\PythonProjects\skp_parser\batch_test.py - INFO - 清除旧数据: 2026年雅安全市重点项目名单.xlsx(文件 1 条, 项目 383 条, 特有信息 360 条, 通知 0 条, 分类声明 0 条)
2026-09-01 15:46:41,501 - E:\STangWork\PythonProjects\skp_parser\batch_test.py - INFO - OK: 2026年雅安全市重点项目名单.xlsx (file_id=1406, 项目 381 条)
2026-09-01 15:46:42,241 - E:\STangWork\PythonProjects\skp_parser\batch_test.py - INFO - 清除旧数据: 2026年昆明市级重大项目清单.xlsx(文件 1 条, 项目 300 条, 特有信息 300 条, 通知 0 条, 分类声明 0 条)
2026-09-01 15:46:47,786 - E:\STangWork\PythonProjects\skp_parser\batch_test.py - INFO - OK: 2026年昆明市级重大项目清单.xlsx (file_id=1407, 项目 300 条)
2026-09-01 15:46:49,659 - E:\STangWork\PythonProjects\skp_parser\batch_test.py - INFO - 清除旧数据: 普洱市2026年度第一批省级重大项目清单.xlsx(文件 1 条, 项目 115 条, 特有信息 115 条, 通知 0 条, 分类声明 8 条)
2026-09-01 15:46:51,245 - E:\STangWork\PythonProjects\skp_parser\batch_test.py - INFO - OK: 普洱市2026年度第一批省级重大项目清单.xlsx (file_id=1408, 项目 115 条)
2026-09-01 15:46:52,565 - E:\STangWork\PythonProjects\skp_parser\batch_test.py - INFO - 清除旧数据: 云南省2026年度第一批“重中之重”项目清单.xlsx(文件 1 条, 项目 52 条, 特有信息 52 条, 通知 0 条, 分类声明 5 条)
2026-09-01 15:47:09,302 - E:\STangWork\PythonProjects\skp_parser\batch_test.py - INFO - OK: 云南省2026年度第一批“重中之重”项目清单.xlsx (file_id=1409, 项目 52 条)
2026-09-01 15:47:15,729 - E:\STangWork\PythonProjects\skp_parser\batch_test.py - INFO - 清除旧数据: 云南省2026年度第一批省级重大项目清单.xlsx(文件 1 条, 项目 1677 条, 特有信息 1677 条, 通知 0 条, 分类声明 8 条)
2026-09-01 15:47:37,829 - E:\STangWork\PythonProjects\skp_parser\batch_test.py - INFO - OK: 云南省2026年度第一批省级重大项目清单.xlsx (file_id=1410, 项目 1677 条)
2026-09-01 15:47:40,933 - E:\STangWork\PythonProjects\skp_parser\batch_test.py - INFO - 清除旧数据: 附件2：丽水市2026年市本级政府投资信息化项目计划表.xlsx(文件 1 条, 项目 45 条, 特有信息 0 条, 通知 0 条, 分类声明 0 条)
2026-09-01 15:47:44,013 - E:\STangWork\PythonProjects\skp_parser\batch_test.py - INFO - OK: 附件2：丽水市2026年市本级政府投资信息化项目计划表.xlsx (file_id=1411, 项目 45 条)
2026-09-01 15:47:51,722 - E:\STangWork\PythonProjects\skp_parser\batch_test.py - INFO - 清除旧数据: 附件：浙江省扩大有效投资“千项万亿”工程2026年第一批重大建设项目实施计划项目表.xlsx(文件 1 条, 项目 1760 条, 特有信息 0 条, 通知 0 条, 分类声明 0 条)
2026-09-01 15:47:58,485 - E:\STangWork\PythonProjects\skp_parser\batch_test.py - INFO - OK: 附件：浙江省扩大有效投资“千项万亿”工程2026年第一批重大建设项目实施计划项目表.xlsx (file_id=1412, 项目 1727 条)
2026-09-01 15:50:46,339 - E:\STangWork\PythonProjects\skp_parser\batch_test.py - INFO - 清除旧数据: 文章发布表格.xlsx(文件 1 条, 项目 17580 条, 特有信息 13124 条, 通知 0 条, 分类声明 125 条)
2026-09-01 15:50:50,081 - E:\STangWork\PythonProjects\skp_parser\parser\xlsx_parser.py - WARNING - E:\STangWork\STangFiles\各省重点项目：2020年起\2026年重点项目\文章发布表格.xlsx[甘肃]: 前 20 行未找到表头,跳过
2026-09-01 15:50:50,557 - E:\STangWork\PythonProjects\skp_parser\main.py - WARNING - 分类校验[文章发布表格.xlsx] 年度省重点项目名单: 标题声明 1570 项,解析 0 项
2026-09-01 15:50:50,557 - E:\STangWork\PythonProjects\skp_parser\main.py - WARNING - 分类校验[文章发布表格.xlsx] 年度省重点项目名单-制造业支柱产业: 标题声明 256 项,解析 0 项
2026-09-01 15:50:50,557 - E:\STangWork\PythonProjects\skp_parser\main.py - WARNING - 分类校验[文章发布表格.xlsx] 现代纺织鞋服产业-制造业特色优势产业: 标题声明 221 项,解析 0 项
2026-09-01 15:50:50,558 - E:\STangWork\PythonProjects\skp_parser\main.py - WARNING - 分类校验[文章发布表格.xlsx] 特色轻工产业-战略性新兴产业: 标题声明 177 项,解析 0 项
2026-09-01 15:50:50,558 - E:\STangWork\PythonProjects\skp_parser\main.py - WARNING - 分类校验[文章发布表格.xlsx] 现代化立体综合交通领域项目: 标题声明 119 项,解析 0 项
2026-09-01 15:50:50,559 - E:\STangWork\PythonProjects\skp_parser\main.py - WARNING - 分类校验[文章发布表格.xlsx] 现代化立体综合交通领域项目-轨道交通网: 标题声明 13 项,解析 0 项
2026-09-01 15:50:50,559 - E:\STangWork\PythonProjects\skp_parser\main.py - WARNING - 分类校验[文章发布表格.xlsx] 城市轨道-公路: 标题声明 70 项,解析 0 项
2026-09-01 15:50:50,559 - E:\STangWork\PythonProjects\skp_parser\main.py - WARNING - 分类校验[文章发布表格.xlsx] 其他-水运工程: 标题声明 14 项,解析 0 项
2026-09-01 15:50:50,559 - E:\STangWork\PythonProjects\skp_parser\main.py - WARNING - 分类校验[文章发布表格.xlsx] 航道-民航: 标题声明 4 项,解析 0 项
2026-09-01 15:50:50,560 - E:\STangWork\PythonProjects\skp_parser\main.py - WARNING - 分类校验[文章发布表格.xlsx] 低碳清洁能源领域项目: 标题声明 75 项,解析 0 项
2026-09-01 15:50:50,560 - E:\STangWork\PythonProjects\skp_parser\main.py - WARNING - 分类校验[文章发布表格.xlsx] 低碳清洁能源领域项目-高效清洁电源: 标题声明 51 项,解析 0 项
2026-09-01 15:50:50,560 - E:\STangWork\PythonProjects\skp_parser\main.py - WARNING - 分类校验[文章发布表格.xlsx] 其他-高效综合能源: 标题声明 6 项,解析 0 项
2026-09-01 15:50:50,561 - E:\STangWork\PythonProjects\skp_parser\main.py - WARNING - 分类校验[文章发布表格.xlsx] 其他-高效能源输送: 标题声明 18 项,解析 0 项
2026-09-01 15:50:50,561 - E:\STangWork\PythonProjects\skp_parser\main.py - WARNING - 分类校验[文章发布表格.xlsx] 安全韧性水网领域项目: 标题声明 74 项,解析 26 项
2026-09-01 15:50:50,561 - E:\STangWork\PythonProjects\skp_parser\main.py - WARNING - 分类校验[文章发布表格.xlsx] 安全韧性水网领域项目-防洪防潮排涝工程: 标题声明 32 项,解析 7 项
2026-09-01 15:50:50,562 - E:\STangWork\PythonProjects\skp_parser\main.py - WARNING - 分类校验[文章发布表格.xlsx] 南平排水防涝提升项目-供水保障工程: 标题声明 18 项,解析 1 项
2026-09-01 15:50:50,562 - E:\STangWork\PythonProjects\skp_parser\main.py - WARNING - 分类校验[文章发布表格.xlsx] 城市更新领域项目: 标题声明 92 项,解析 0 项
2026-09-01 15:50:50,562 - E:\STangWork\PythonProjects\skp_parser\main.py - WARNING - 分类校验[文章发布表格.xlsx] 城市更新领域项目-市政设施提升工程: 标题声明 73 项,解析 0 项
2026-09-01 15:50:50,563 - E:\STangWork\PythonProjects\skp_parser\main.py - WARNING - 分类校验[文章发布表格.xlsx] 现代服务与文旅融合领域项目: 标题声明 123 项,解析 0 项
2026-09-01 15:50:50,563 - E:\STangWork\PythonProjects\skp_parser\main.py - WARNING - 分类校验[文章发布表格.xlsx] 现代服务与文旅融合领域项目-现代服务业: 标题声明 76 项,解析 0 项
2026-09-01 15:50:50,565 - E:\STangWork\PythonProjects\skp_parser\main.py - WARNING - 分类校验[文章发布表格.xlsx] 产业发展-现代农业和城乡融合: 标题声明 16 项,解析 57 项
2026-09-01 15:50:50,567 - E:\STangWork\PythonProjects\skp_parser\main.py - WARNING - 分类校验[文章发布表格.xlsx] 民生环保: 标题声明 18 项,解析 16 项
2026-09-01 15:50:50,568 - E:\STangWork\PythonProjects\skp_parser\main.py - WARNING - 分类校验[文章发布表格.xlsx] 民生环保-民生保障: 标题声明 12 项,解析 10 项
2026-09-01 15:50:50,568 - E:\STangWork\PythonProjects\skp_parser\main.py - WARNING - 分类校验[文章发布表格.xlsx] 基础设施: 标题声明 118 项,解析 11 项
2026-09-01 15:50:50,568 - E:\STangWork\PythonProjects\skp_parser\main.py - WARNING - 分类校验[文章发布表格.xlsx] 基础设施-交通: 标题声明 60 项,解析 0 项
2026-09-01 15:50:50,568 - E:\STangWork\PythonProjects\skp_parser\main.py - WARNING - 分类校验[文章发布表格.xlsx] I 公路: 标题声明 18 项,解析 17 项
2026-09-01 15:50:50,569 - E:\STangWork\PythonProjects\skp_parser\main.py - WARNING - 分类校验[文章发布表格.xlsx] VII 轨道交通-能源: 标题声明 33 项,解析 0 项
2026-09-01 15:50:50,570 - E:\STangWork\PythonProjects\skp_parser\main.py - WARNING - 分类校验[文章发布表格.xlsx] III 天然气输储设施: 标题声明 6 项,解析 20 项
2026-09-01 15:50:50,570 - E:\STangWork\PythonProjects\skp_parser\main.py - WARNING - 分类校验[文章发布表格.xlsx] 第二部分 储备项目: 标题声明 120 项,解析 0 项
2026-09-01 15:50:50,570 - E:\STangWork\PythonProjects\skp_parser\main.py - WARNING - 分类校验[文章发布表格.xlsx] 产业类: 标题声明 75 项,解析 0 项
2026-09-01 15:50:50,570 - E:\STangWork\PythonProjects\skp_parser\main.py - WARNING - 分类校验[文章发布表格.xlsx] 基础设施类: 标题声明 820 项,解析 912 项
2026-09-01 15:50:50,571 - E:\STangWork\PythonProjects\skp_parser\main.py - WARNING - 分类校验[文章发布表格.xlsx] 社会事业类: 标题声明 7 项,解析 6 项
2026-09-01 15:50:50,571 - E:\STangWork\PythonProjects\skp_parser\main.py - WARNING - 分类校验[文章发布表格.xlsx] 战略性新兴产业: 标题声明 146 项,解析 0 项
2026-09-01 15:50:50,571 - E:\STangWork\PythonProjects\skp_parser\main.py - WARNING - 分类校验[文章发布表格.xlsx] V 新能源: 标题声明 14 项,解析 31 项
2026-09-01 15:50:50,574 - E:\STangWork\PythonProjects\skp_parser\main.py - WARNING - 分类校验[文章发布表格.xlsx] 建成投产项目: 标题声明 129 项,解析 4 项
2026-09-01 15:50:50,574 - E:\STangWork\PythonProjects\skp_parser\main.py - WARNING - 分类校验[文章发布表格.xlsx] 建成投产项目-基础设施项目: 标题声明 24 项,解析 4 项
2026-09-01 15:50:50,574 - E:\STangWork\PythonProjects\skp_parser\main.py - WARNING - 分类校验[文章发布表格.xlsx] 国省干线普通公路: 标题声明 29 项,解析 49 项
2026-09-01 15:50:50,575 - E:\STangWork\PythonProjects\skp_parser\main.py - WARNING - 分类校验[文章发布表格.xlsx] 港口航道提升工程: 标题声明 2 项,解析 3 项
2026-09-01 15:50:50,575 - E:\STangWork\PythonProjects\skp_parser\main.py - WARNING - 分类校验[文章发布表格.xlsx] 输变电工程: 标题声明 5 项,解析 96 项
2026-09-01 15:50:50,575 - E:\STangWork\PythonProjects\skp_parser\main.py - WARNING - 分类校验[文章发布表格.xlsx] 输变电工程-产业发展项目: 标题声明 83 项,解析 79 项
2026-09-01 15:50:50,575 - E:\STangWork\PythonProjects\skp_parser\main.py - WARNING - 分类校验[文章发布表格.xlsx] 中央储备粮仓储项目: 标题声明 32 项,解析 64 项
2026-09-01 15:50:50,576 - E:\STangWork\PythonProjects\skp_parser\main.py - WARNING - 分类校验[文章发布表格.xlsx] 中央储备粮仓储项目-社会民生项目: 标题声明 21 项,解析 16 项
2026-09-01 15:50:50,576 - E:\STangWork\PythonProjects\skp_parser\main.py - WARNING - 分类校验[文章发布表格.xlsx] 续建项目: 标题声明 170 项,解析 20 项
2026-09-01 15:50:50,576 - E:\STangWork\PythonProjects\skp_parser\main.py - WARNING - 分类校验[文章发布表格.xlsx] 续建项目-基础设施项目: 标题声明 64 项,解析 20 项
2026-09-01 15:50:50,576 - E:\STangWork\PythonProjects\skp_parser\main.py - WARNING - 分类校验[文章发布表格.xlsx] 风电项目: 标题声明 11 项,解析 129 项
2026-09-01 15:50:50,577 - E:\STangWork\PythonProjects\skp_parser\main.py - WARNING - 分类校验[文章发布表格.xlsx] 风电项目-产业发展项目: 标题声明 91 项,解析 87 项
2026-09-01 15:50:50,577 - E:\STangWork\PythonProjects\skp_parser\main.py - WARNING - 分类校验[文章发布表格.xlsx] 江西省人民医院改造提升项目: 标题声明 2 项,解析 12 项
2026-09-01 15:50:50,577 - E:\STangWork\PythonProjects\skp_parser\main.py - WARNING - 分类校验[文章发布表格.xlsx] 计划新开工项目: 标题声明 177 项,解析 13 项
2026-09-01 15:50:50,577 - E:\STangWork\PythonProjects\skp_parser\main.py - WARNING - 分类校验[文章发布表格.xlsx] 计划新开工项目-基础设施项目: 标题声明 38 项,解析 13 项
2026-09-01 15:50:50,578 - E:\STangWork\PythonProjects\skp_parser\main.py - WARNING - 分类校验[文章发布表格.xlsx] 千伏输电工程: 标题声明 5 项,解析 9 项
2026-09-01 15:50:50,578 - E:\STangWork\PythonProjects\skp_parser\main.py - WARNING - 分类校验[文章发布表格.xlsx] 昌九客专输变电工程: 标题声明 2 项,解析 117 项
2026-09-01 15:50:50,578 - E:\STangWork\PythonProjects\skp_parser\main.py - WARNING - 分类校验[文章发布表格.xlsx] 昌九客专输变电工程-产业发展项目: 标题声明 106 项,解析 98 项
2026-09-01 15:50:50,578 - E:\STangWork\PythonProjects\skp_parser\main.py - WARNING - 分类校验[文章发布表格.xlsx] 国家粮食和物资储备局江西局建库项目: 标题声明 5 项,解析 12 项
2026-09-01 15:50:50,578 - E:\STangWork\PythonProjects\skp_parser\main.py - WARNING - 分类校验[文章发布表格.xlsx] 国家粮食和物资储备局江西局建库项目-社会民生项目: 标题声明 11 项,解析 1 项
2026-09-01 15:50:50,579 - E:\STangWork\PythonProjects\skp_parser\main.py - WARNING - 分类校验[文章发布表格.xlsx] 江西飞行学院吉安主校区建设项目: 标题声明 3 项,解析 8 项
2026-09-01 15:50:50,579 - E:\STangWork\PythonProjects\skp_parser\main.py - WARNING - 分类校验[文章发布表格.xlsx] 江西省豫章监狱迁建及配套工程: 标题声明 2 项,解析 26 项
2026-09-01 15:50:50,579 - E:\STangWork\PythonProjects\skp_parser\main.py - WARNING - 分类校验[文章发布表格.xlsx] 预备项目: 标题声明 10 项,解析 2 项
2026-09-01 15:50:50,581 - E:\STangWork\PythonProjects\skp_parser\main.py - WARNING - 分类校验[文章发布表格.xlsx] 基础设施类-水利: 标题声明 197 项,解析 237 项
2026-09-01 15:53:24,234 - E:\STangWork\PythonProjects\skp_parser\batch_test.py - INFO - OK: 文章发布表格.xlsx (file_id=1413, 项目 17475 条)
2026-09-01 15:53:24,235 - E:\STangWork\PythonProjects\skp_parser\util\db_util.py - INFO - 数据库连接池已关闭
2026-09-01 15:53:24,235 - E:\STangWork\PythonProjects\skp_parser\batch_test.py - INFO - ========================================
2026-09-01 15:53:24,235 - E:\STangWork\PythonProjects\skp_parser\batch_test.py - INFO - 批量测试完成: xlsx 共 325 个
2026-09-01 15:53:24,235 - E:\STangWork\PythonProjects\skp_parser\batch_test.py - INFO - 成功: 324 个, 入库项目 154927 条 | 失败: 1 个 | 跳过: 0 个
2026-09-01 15:53:24,235 - E:\STangWork\PythonProjects\skp_parser\batch_test.py - ERROR -   - 1.金昌市2023年重点投资项目清单.xlsx: 解析失败: Unable to read workbook: could not read worksheets from E:\STangWork\STangFiles\各省重点项目：2020年起\2023年重点项目\12甘肃省2023年重点项目清单\2023年金昌市\1.金昌市2023年重点投资项目清单.xlsx.
This is most probably because the workbook source files contain some invalid XML.
Please see the exception for more details.
2026-09-01 15:53:24,237 - E:\STangWork\PythonProjects\skp_parser\batch_test.py - INFO - ========================================
2026-09-01 16:12:41,387 - E:\STangWork\PythonProjects\skp_parser\run_single.py - INFO - 单文件处理: E:\STangWork\STangFiles\各省重点项目：2020年起\2024年重点项目\04重庆市2024年重点项目清单\渝北区2024年\附件1 渝北区2024年重点项目名单.xlsx(上传 GoFast: False)
2026-09-01 16:12:41,724 - E:\STangWork\PythonProjects\skp_parser\util\db_util.py - INFO - 数据库连接池已创建: 127.0.0.1:3306/suidaobig
2026-09-01 16:12:43,504 - E:\STangWork\PythonProjects\skp_parser\util\db_util.py - INFO - 数据库表初始化完成(skp_file/skp_project/skp_file_extra/skp_notice/skp_category_declared)
2026-09-01 16:12:46,746 - E:\STangWork\PythonProjects\skp_parser\run_single.py - INFO - 删除旧数据: 文件 1 条, 项目 183 条, 特有信息 183 条, 通知 0 条, 分类声明 0 条
2026-09-01 16:12:48,983 - E:\STangWork\PythonProjects\skp_parser\run_single.py - INFO - OK: 附件1 渝北区2024年重点项目名单.xlsx (file_id=1414, 项目 183 条)
2026-09-01 16:12:48,984 - E:\STangWork\PythonProjects\skp_parser\util\db_util.py - INFO - 数据库连接池已关闭
2026-09-01 16:32:51,207 - E:\STangWork\PythonProjects\skp_parser\run_single.py - INFO - 单文件处理: E:\STangWork\STangFiles\各省重点项目：2020年起\2022年重点项目\04重庆市2022年重点项目清单\开州区2022年\重庆市开州区人民政府办公室关于下达开州区2022—2026年重点建设项目五年滚动规划和2022年第一批重点建设项目计划的通知附件.xlsx(上传 GoFast: False)
2026-09-01 16:32:51,217 - E:\STangWork\PythonProjects\skp_parser\util\db_util.py - INFO - 数据库连接池已创建: 127.0.0.1:3306/suidaobig
2026-09-01 16:32:51,487 - E:\STangWork\PythonProjects\skp_parser\util\db_util.py - INFO - 数据库表初始化完成(skp_file/skp_project/skp_file_extra/skp_notice/skp_category_declared)
2026-09-01 16:32:52,378 - E:\STangWork\PythonProjects\skp_parser\run_single.py - INFO - 删除旧数据: 文件 1 条, 项目 802 条, 特有信息 802 条, 通知 0 条, 分类声明 0 条
2026-09-01 16:33:32,924 - E:\STangWork\PythonProjects\skp_parser\main.py - WARNING - 通知信息解析失败 重庆市开州区人民政府办公室关于下达开州区2022—2026年重点建设项目五年滚动规划和2022年第一批重点建设项目计划的通知附件.xlsx: No /Root object! - Is this really a PDF?
2026-09-01 16:33:34,383 - E:\STangWork\PythonProjects\skp_parser\run_single.py - INFO - OK: 重庆市开州区人民政府办公室关于下达开州区2022—2026年重点建设项目五年滚动规划和2022年第一批重点建设项目计划的通知附件.xlsx (file_id=1415, 项目 747 条)
2026-09-01 16:33:34,384 - E:\STangWork\PythonProjects\skp_parser\util\db_util.py - INFO - 数据库连接池已关闭
2026-09-01 16:34:53,960 - E:\STangWork\PythonProjects\skp_parser\run_single.py - INFO - 单文件处理: E:\STangWork\STangFiles\各省重点项目：2020年起\2022年重点项目\04重庆市2022年重点项目清单\开州区2022年\重庆市开州区人民政府办公室关于下达开州区2022—2026年重点建设项目五年滚动规划和2022年第一批重点建设项目计划的通知附件.xlsx(上传 GoFast: False)
2026-09-01 16:34:53,970 - E:\STangWork\PythonProjects\skp_parser\util\db_util.py - INFO - 数据库连接池已创建: 127.0.0.1:3306/suidaobig
2026-09-01 16:34:54,142 - E:\STangWork\PythonProjects\skp_parser\util\db_util.py - INFO - 数据库表初始化完成(skp_file/skp_project/skp_file_extra/skp_notice/skp_category_declared)
2026-09-01 16:34:54,412 - E:\STangWork\PythonProjects\skp_parser\run_single.py - INFO - 删除旧数据: 文件 1 条, 项目 747 条, 特有信息 747 条, 通知 0 条, 分类声明 0 条
2026-09-01 16:35:34,636 - E:\STangWork\PythonProjects\skp_parser\main.py - WARNING - 通知信息解析失败 重庆市开州区人民政府办公室关于下达开州区2022—2026年重点建设项目五年滚动规划和2022年第一批重点建设项目计划的通知附件.xlsx: No /Root object! - Is this really a PDF?
2026-09-01 16:35:36,581 - E:\STangWork\PythonProjects\skp_parser\run_single.py - INFO - OK: 重庆市开州区人民政府办公室关于下达开州区2022—2026年重点建设项目五年滚动规划和2022年第一批重点建设项目计划的通知附件.xlsx (file_id=1416, 项目 747 条)
2026-09-01 16:35:36,581 - E:\STangWork\PythonProjects\skp_parser\util\db_util.py - INFO - 数据库连接池已关闭
2026-09-01 16:39:46,327 - E:\STangWork\PythonProjects\skp_parser\run_single.py - INFO - 单文件处理: E:\STangWork\STangFiles\各省重点项目：2020年起\2025年重点项目\10安徽省2025年重点项目清单\芜湖市2025年\芜重建财〔2025〕24号附件—2025年市政府投资计划分解表.xlsx(上传 GoFast: False)
2026-09-01 16:39:46,334 - E:\STangWork\PythonProjects\skp_parser\util\db_util.py - INFO - 数据库连接池已创建: 127.0.0.1:3306/suidaobig
2026-09-01 16:39:46,532 - E:\STangWork\PythonProjects\skp_parser\util\db_util.py - INFO - 数据库表初始化完成(skp_file/skp_project/skp_file_extra/skp_notice/skp_category_declared)
2026-09-01 16:39:46,740 - E:\STangWork\PythonProjects\skp_parser\run_single.py - INFO - 删除旧数据: 文件 1 条, 项目 2 条, 特有信息 2 条, 通知 0 条, 分类声明 0 条
2026-09-01 16:39:46,909 - E:\STangWork\PythonProjects\skp_parser\main.py - WARNING - 通知信息解析失败 芜重建财〔2025〕24号附件—2025年市政府投资计划分解表.xlsx: No /Root object! - Is this really a PDF?
2026-09-01 16:39:46,990 - E:\STangWork\PythonProjects\skp_parser\run_single.py - INFO - OK: 芜重建财〔2025〕24号附件—2025年市政府投资计划分解表.xlsx (file_id=1417, 项目 2 条)
2026-09-01 16:39:46,990 - E:\STangWork\PythonProjects\skp_parser\util\db_util.py - INFO - 数据库连接池已关闭
2026-09-01 16:40:23,525 - E:\STangWork\PythonProjects\skp_parser\run_single.py - INFO - 单文件处理: E:\STangWork\STangFiles\各省重点项目：2020年起\2025年重点项目\10安徽省2025年重点项目清单\芜湖市2025年\芜重建财〔2025〕24号附件—2025年市政府投资计划分解表.xlsx(上传 GoFast: False)
2026-09-01 16:40:23,541 - E:\STangWork\PythonProjects\skp_parser\util\db_util.py - INFO - 数据库连接池已创建: 127.0.0.1:3306/suidaobig
2026-09-01 16:40:23,775 - E:\STangWork\PythonProjects\skp_parser\util\db_util.py - INFO - 数据库表初始化完成(skp_file/skp_project/skp_file_extra/skp_notice/skp_category_declared)
2026-09-01 16:40:23,945 - E:\STangWork\PythonProjects\skp_parser\run_single.py - INFO - 删除旧数据: 文件 1 条, 项目 2 条, 特有信息 2 条, 通知 0 条, 分类声明 0 条
2026-09-01 16:46:19,156 - E:\STangWork\PythonProjects\skp_parser\run_single.py - INFO - 单文件处理: E:\STangWork\STangFiles\各省重点项目：2020年起\2025年重点项目\10安徽省2025年重点项目清单\芜湖市2025年\芜重建财〔2025〕24号附件—2025年市政府投资计划分解表.xlsx(上传 GoFast: False)
2026-09-01 16:46:19,174 - E:\STangWork\PythonProjects\skp_parser\util\db_util.py - INFO - 数据库连接池已创建: 127.0.0.1:3306/suidaobig
2026-09-01 16:46:19,385 - E:\STangWork\PythonProjects\skp_parser\util\db_util.py - INFO - 数据库表初始化完成(skp_file/skp_project/skp_file_extra/skp_notice/skp_category_declared)
2026-09-01 16:46:19,390 - E:\STangWork\PythonProjects\skp_parser\run_single.py - INFO - 删除旧数据: 文件 0 条, 项目 0 条, 特有信息 0 条, 通知 0 条, 分类声明 0 条
2026-09-01 17:06:14,483 - E:\STangWork\PythonProjects\skp_parser\run_single.py - INFO - 单文件处理: E:\STangWork\STangFiles\各省重点项目：2020年起\2021年重点项目\07宁夏自治区2021年重点项目清单\2.2021年自治区重点预备开工项目投资计划.xlsx(上传 GoFast: False)
2026-09-01 17:06:14,503 - E:\STangWork\PythonProjects\skp_parser\util\db_util.py - INFO - 数据库连接池已创建: 127.0.0.1:3306/suidaobig
2026-09-01 17:06:14,661 - E:\STangWork\PythonProjects\skp_parser\util\db_util.py - INFO - 数据库表初始化完成(skp_file/skp_project/skp_file_extra/skp_notice/skp_category_declared)
2026-09-01 17:06:14,956 - E:\STangWork\PythonProjects\skp_parser\run_single.py - INFO - 删除旧数据: 文件 1 条, 项目 0 条, 特有信息 0 条, 通知 0 条, 分类声明 0 条
2026-09-01 17:07:19,948 - E:\STangWork\PythonProjects\skp_parser\parser\base_parser.py - INFO - 合并表头修正: project_name 列 1 → 2
2026-09-01 17:14:17,685 - E:\STangWork\PythonProjects\skp_parser\parser\base_parser.py - INFO - 合并表头修正: project_name 列 1 → 2
2026-09-01 17:15:55,053 - E:\STangWork\PythonProjects\skp_parser\parser\base_parser.py - INFO - 合并表头修正: project_name 列 1 → 2
2026-09-01 17:17:12,052 - E:\STangWork\PythonProjects\skp_parser\parser\base_parser.py - INFO - 合并表头修正: project_name 列 1 → 2
2026-09-01 17:17:27,861 - E:\STangWork\PythonProjects\skp_parser\parser\base_parser.py - INFO - 合并表头修正: project_name 列 1 → 2
2026-09-01 17:17:42,653 - E:\STangWork\PythonProjects\skp_parser\parser\base_parser.py - INFO - 合并表头修正: project_name 列 1 → 2
2026-09-01 17:18:06,279 - E:\STangWork\PythonProjects\skp_parser\parser\base_parser.py - INFO - 合并表头修正: project_name 列 1 → 2
2026-09-01 17:18:21,777 - E:\STangWork\PythonProjects\skp_parser\parser\base_parser.py - INFO - 合并表头修正: project_name 列 1 → 2
2026-09-01 17:18:47,104 - E:\STangWork\PythonProjects\skp_parser\parser\base_parser.py - INFO - 合并表头修正: project_name 列 1 → 2
2026-09-01 17:19:13,191 - E:\STangWork\PythonProjects\skp_parser\parser\base_parser.py - INFO - 合并表头修正: project_name 列 1 → 2
2026-09-01 17:22:00,504 - E:\STangWork\PythonProjects\skp_parser\run_single.py - INFO - 单文件处理: E:\STangWork\STangFiles\各省重点项目：2020年起\2021年重点项目\07宁夏自治区2021年重点项目清单\2.2021年自治区重点预备开工项目投资计划.xlsx(上传 GoFast: False)
2026-09-01 17:22:00,513 - E:\STangWork\PythonProjects\skp_parser\util\db_util.py - INFO - 数据库连接池已创建: 127.0.0.1:3306/suidaobig
2026-09-01 17:22:00,660 - E:\STangWork\PythonProjects\skp_parser\util\db_util.py - INFO - 数据库表初始化完成(skp_file/skp_project/skp_file_extra/skp_notice/skp_category_declared)
2026-09-01 17:22:00,661 - E:\STangWork\PythonProjects\skp_parser\run_single.py - INFO - 删除旧数据: 文件 0 条, 项目 0 条, 特有信息 0 条, 通知 0 条, 分类声明 0 条
2026-09-01 17:22:00,948 - E:\STangWork\PythonProjects\skp_parser\parser\base_parser.py - INFO - 合并表头修正: project_name 列 1 → 2
2026-09-01 17:22:01,515 - E:\STangWork\PythonProjects\skp_parser\run_single.py - INFO - OK: 2.2021年自治区重点预备开工项目投资计划.xlsx (file_id=1418, 项目 35 条)
2026-09-01 17:22:01,515 - E:\STangWork\PythonProjects\skp_parser\util\db_util.py - INFO - 数据库连接池已关闭
2026-09-01 17:24:08,307 - E:\STangWork\PythonProjects\skp_parser\run_single.py - INFO - 单文件处理: E:\STangWork\STangFiles\各省重点项目：2020年起\2025年重点项目\10安徽省2025年重点项目清单\芜湖市2025年\芜重建财〔2025〕24号附件—2025年市政府投资计划分解表.xlsx(上传 GoFast: False)
2026-09-01 17:24:08,315 - E:\STangWork\PythonProjects\skp_parser\util\db_util.py - INFO - 数据库连接池已创建: 127.0.0.1:3306/suidaobig
2026-09-01 17:24:08,432 - E:\STangWork\PythonProjects\skp_parser\util\db_util.py - INFO - 数据库表初始化完成(skp_file/skp_project/skp_file_extra/skp_notice/skp_category_declared)
2026-09-01 17:24:08,432 - E:\STangWork\PythonProjects\skp_parser\run_single.py - INFO - 删除旧数据: 文件 0 条, 项目 0 条, 特有信息 0 条, 通知 0 条, 分类声明 0 条
2026-09-01 17:24:08,603 - E:\STangWork\PythonProjects\skp_parser\main.py - WARNING - 通知信息解析失败 芜重建财〔2025〕24号附件—2025年市政府投资计划分解表.xlsx: No /Root object! - Is this really a PDF?
2026-09-01 17:24:08,972 - E:\STangWork\PythonProjects\skp_parser\run_single.py - INFO - OK: 芜重建财〔2025〕24号附件—2025年市政府投资计划分解表.xlsx (file_id=1419, 项目 54 条)
2026-09-01 17:24:08,972 - E:\STangWork\PythonProjects\skp_parser\util\db_util.py - INFO - 数据库连接池已关闭
2026-09-01 17:25:43,914 - E:\STangWork\PythonProjects\skp_parser\run_single.py - INFO - 单文件处理: E:\STangWork\STangFiles\各省重点项目：2020年起\2021年重点项目\07宁夏自治区2021年重点项目清单\1.2021年自治区重点建设项目投资计划.xlsx(上传 GoFast: False)
2026-09-01 17:25:43,943 - E:\STangWork\PythonProjects\skp_parser\util\db_util.py - INFO - 数据库连接池已创建: 127.0.0.1:3306/suidaobig
2026-09-01 17:25:44,183 - E:\STangWork\PythonProjects\skp_parser\util\db_util.py - INFO - 数据库表初始化完成(skp_file/skp_project/skp_file_extra/skp_notice/skp_category_declared)
2026-09-01 17:25:44,456 - E:\STangWork\PythonProjects\skp_parser\run_single.py - INFO - 删除旧数据: 文件 1 条, 项目 0 条, 特有信息 0 条, 通知 0 条, 分类声明 2 条
2026-09-01 17:25:45,429 - E:\STangWork\PythonProjects\skp_parser\parser\base_parser.py - INFO - 合并表头修正: project_name 列 1 → 2
2026-09-01 17:25:46,198 - E:\STangWork\PythonProjects\skp_parser\run_single.py - INFO - OK: 1.2021年自治区重点建设项目投资计划.xlsx (file_id=1420, 项目 111 条)
2026-09-01 17:25:46,198 - E:\STangWork\PythonProjects\skp_parser\util\db_util.py - INFO - 数据库连接池已关闭
2026-09-01 17:28:07,073 - E:\STangWork\PythonProjects\skp_parser\run_single.py - INFO - 单文件处理: E:\STangWork\STangFiles\各省重点项目：2020年起\2021年重点项目\07宁夏自治区2021年重点项目清单\3.2021年自治区重点前期工作项目计划.xlsx(上传 GoFast: False)
2026-09-01 17:28:07,102 - E:\STangWork\PythonProjects\skp_parser\util\db_util.py - INFO - 数据库连接池已创建: 127.0.0.1:3306/suidaobig
2026-09-01 17:28:07,219 - E:\STangWork\PythonProjects\skp_parser\util\db_util.py - INFO - 数据库表初始化完成(skp_file/skp_project/skp_file_extra/skp_notice/skp_category_declared)
2026-09-01 17:28:07,317 - E:\STangWork\PythonProjects\skp_parser\run_single.py - INFO - 删除旧数据: 文件 1 条, 项目 0 条, 特有信息 0 条, 通知 0 条, 分类声明 0 条
2026-09-01 17:28:07,398 - E:\STangWork\PythonProjects\skp_parser\parser\base_parser.py - INFO - 合并表头修正: project_name 列 1 → 2
2026-09-01 17:28:07,517 - E:\STangWork\PythonProjects\skp_parser\run_single.py - INFO - OK: 3.2021年自治区重点前期工作项目计划.xlsx (file_id=1421, 项目 40 条)
2026-09-01 17:28:07,517 - E:\STangWork\PythonProjects\skp_parser\util\db_util.py - INFO - 数据库连接池已关闭
2026-09-01 17:28:17,598 - E:\STangWork\PythonProjects\skp_parser\run_single.py - INFO - 单文件处理: E:\STangWork\STangFiles\各省重点项目：2020年起\2022年重点项目\05广西自治区2022年重点项目清单\1、2022年广西第一批\附件1 2022年第一批自治区层面统筹推进重大项目汇总表.xlsx.xlsx(上传 GoFast: False)
2026-09-01 17:28:17,634 - E:\STangWork\PythonProjects\skp_parser\util\db_util.py - INFO - 数据库连接池已创建: 127.0.0.1:3306/suidaobig
2026-09-01 17:28:17,747 - E:\STangWork\PythonProjects\skp_parser\util\db_util.py - INFO - 数据库表初始化完成(skp_file/skp_project/skp_file_extra/skp_notice/skp_category_declared)
2026-09-01 17:28:17,838 - E:\STangWork\PythonProjects\skp_parser\run_single.py - INFO - 删除旧数据: 文件 1 条, 项目 0 条, 特有信息 0 条, 通知 0 条, 分类声明 0 条
2026-09-01 17:28:17,913 - E:\STangWork\PythonProjects\skp_parser\run_single.py - INFO - OK: 附件1 2022年第一批自治区层面统筹推进重大项目汇总表.xlsx.xlsx (file_id=1422, 项目 0 条)
2026-09-01 17:28:17,913 - E:\STangWork\PythonProjects\skp_parser\util\db_util.py - INFO - 数据库连接池已关闭
2026-09-01 17:28:48,489 - E:\STangWork\PythonProjects\skp_parser\run_single.py - INFO - 单文件处理: E:\STangWork\STangFiles\各省重点项目：2020年起\2022年重点项目\05广西自治区2022年重点项目清单\2、2022年广西第二批\附件4 2022年第二批自治区层面统筹推进重大项目（竣工投产）进度目标责任表.xlsx(上传 GoFast: False)
2026-09-01 17:28:48,519 - E:\STangWork\PythonProjects\skp_parser\util\db_util.py - INFO - 数据库连接池已创建: 127.0.0.1:3306/suidaobig
2026-09-01 17:28:48,684 - E:\STangWork\PythonProjects\skp_parser\util\db_util.py - INFO - 数据库表初始化完成(skp_file/skp_project/skp_file_extra/skp_notice/skp_category_declared)
2026-09-01 17:28:48,792 - E:\STangWork\PythonProjects\skp_parser\run_single.py - INFO - 删除旧数据: 文件 1 条, 项目 1 条, 特有信息 1 条, 通知 0 条, 分类声明 0 条
2026-09-01 17:28:49,149 - E:\STangWork\PythonProjects\skp_parser\run_single.py - INFO - OK: 附件4 2022年第二批自治区层面统筹推进重大项目（竣工投产）进度目标责任表.xlsx (file_id=1423, 项目 1 条)
2026-09-01 17:28:49,149 - E:\STangWork\PythonProjects\skp_parser\util\db_util.py - INFO - 数据库连接池已关闭
2026-09-01 17:28:58,846 - E:\STangWork\PythonProjects\skp_parser\run_single.py - INFO - 单文件处理: E:\STangWork\STangFiles\各省重点项目：2020年起\2025年重点项目\31浙江省2025年重点项目清单\关于印发《浙江省扩大有效投资“千项万亿”工程2025年实施计划第一批重大项目》的通知.xlsx(上传 GoFast: False)
2026-09-01 17:28:58,857 - E:\STangWork\PythonProjects\skp_parser\util\db_util.py - INFO - 数据库连接池已创建: 127.0.0.1:3306/suidaobig
2026-09-01 17:28:58,974 - E:\STangWork\PythonProjects\skp_parser\util\db_util.py - INFO - 数据库表初始化完成(skp_file/skp_project/skp_file_extra/skp_notice/skp_category_declared)
2026-09-01 17:28:59,120 - E:\STangWork\PythonProjects\skp_parser\run_single.py - INFO - 删除旧数据: 文件 1 条, 项目 0 条, 特有信息 0 条, 通知 0 条, 分类声明 0 条
2026-09-01 17:29:18,146 - E:\STangWork\PythonProjects\skp_parser\parser\base_parser.py - INFO - 合并表头修正: project_name 列 3 → 4
2026-09-01 17:29:18,384 - E:\STangWork\PythonProjects\skp_parser\parser\base_parser.py - INFO - 合并表头修正: project_name 列 1 → 2
2026-09-01 17:29:18,436 - E:\STangWork\PythonProjects\skp_parser\main.py - WARNING - 通知信息解析失败 关于印发《浙江省扩大有效投资“千项万亿”工程2025年实施计划第一批重大项目》的通知.xlsx: No /Root object! - Is this really a PDF?
2026-09-01 17:29:21,892 - E:\STangWork\PythonProjects\skp_parser\run_single.py - INFO - OK: 关于印发《浙江省扩大有效投资“千项万亿”工程2025年实施计划第一批重大项目》的通知.xlsx (file_id=1424, 项目 1508 条)
2026-09-01 17:29:21,892 - E:\STangWork\PythonProjects\skp_parser\util\db_util.py - INFO - 数据库连接池已关闭
2026-09-01 17:30:49,331 - E:\STangWork\PythonProjects\skp_parser\run_single.py - INFO - 单文件处理: E:\STangWork\STangFiles\各省重点项目：2020年起\2025年重点项目\31浙江省2025年重点项目清单\关于印发《浙江省扩大有效投资“千项万亿”工程2025年实施计划第一批重大项目》的通知.xlsx(上传 GoFast: False)
2026-09-01 17:30:49,351 - E:\STangWork\PythonProjects\skp_parser\util\db_util.py - INFO - 数据库连接池已创建: 127.0.0.1:3306/suidaobig
2026-09-01 17:30:49,544 - E:\STangWork\PythonProjects\skp_parser\util\db_util.py - INFO - 数据库表初始化完成(skp_file/skp_project/skp_file_extra/skp_notice/skp_category_declared)
2026-09-01 17:30:50,540 - E:\STangWork\PythonProjects\skp_parser\run_single.py - INFO - 删除旧数据: 文件 1 条, 项目 1508 条, 特有信息 1508 条, 通知 0 条, 分类声明 0 条
2026-09-01 17:32:18,258 - E:\STangWork\PythonProjects\skp_parser\run_single.py - INFO - 单文件处理: E:\STangWork\STangFiles\各省重点项目：2020年起\2025年重点项目\31浙江省2025年重点项目清单\关于印发《浙江省扩大有效投资“千项万亿”工程2025年实施计划第一批重大项目》的通知.xlsx(上传 GoFast: False)
2026-09-01 17:32:18,279 - E:\STangWork\PythonProjects\skp_parser\util\db_util.py - INFO - 数据库连接池已创建: 127.0.0.1:3306/suidaobig
2026-09-01 17:32:18,602 - E:\STangWork\PythonProjects\skp_parser\util\db_util.py - INFO - 数据库表初始化完成(skp_file/skp_project/skp_file_extra/skp_notice/skp_category_declared)
2026-09-01 17:32:18,629 - E:\STangWork\PythonProjects\skp_parser\run_single.py - INFO - 删除旧数据: 文件 0 条, 项目 0 条, 特有信息 0 条, 通知 0 条, 分类声明 0 条
2026-09-01 17:42:08,841 - E:\STangWork\PythonProjects\skp_parser\parser\base_parser.py - INFO - 合并表头修正: project_name 列 3 → 4
2026-09-01 17:43:42,947 - E:\STangWork\PythonProjects\skp_parser\run_single.py - INFO - 单文件处理: E:\STangWork\STangFiles\各省重点项目：2020年起\2025年重点项目\31浙江省2025年重点项目清单\关于印发《浙江省扩大有效投资“千项万亿”工程2025年实施计划第一批重大项目》的通知.xlsx(上传 GoFast: False)
2026-09-01 17:43:42,968 - E:\STangWork\PythonProjects\skp_parser\util\db_util.py - INFO - 数据库连接池已创建: 127.0.0.1:3306/suidaobig
2026-09-01 17:43:43,177 - E:\STangWork\PythonProjects\skp_parser\util\db_util.py - INFO - 数据库表初始化完成(skp_file/skp_project/skp_file_extra/skp_notice/skp_category_declared)
2026-09-01 17:43:43,206 - E:\STangWork\PythonProjects\skp_parser\run_single.py - INFO - 删除旧数据: 文件 0 条, 项目 0 条, 特有信息 0 条, 通知 0 条, 分类声明 0 条
2026-09-01 17:44:46,045 - E:\STangWork\PythonProjects\skp_parser\parser\base_parser.py - INFO - 合并表头修正: project_name 列 3 → 4
2026-09-01 17:48:23,313 - E:\STangWork\PythonProjects\skp_parser\parser\base_parser.py - INFO - 合并表头修正: project_name 列 3 → 4
2026-09-01 17:48:23,554 - E:\STangWork\PythonProjects\skp_parser\parser\base_parser.py - INFO - 合并表头修正: project_name 列 1 → 2
2026-09-01 17:49:18,343 - E:\STangWork\PythonProjects\skp_parser\parser\base_parser.py - INFO - 合并表头修正: project_name 列 3 → 4
2026-09-01 17:49:18,584 - E:\STangWork\PythonProjects\skp_parser\parser\base_parser.py - INFO - 合并表头修正: project_name 列 1 → 2
2026-09-01 17:52:39,490 - E:\STangWork\PythonProjects\skp_parser\run_single.py - INFO - 单文件处理: E:\STangWork\STangFiles\各省重点项目：2020年起\2025年重点项目\31浙江省2025年重点项目清单\关于印发《浙江省扩大有效投资“千项万亿”工程2025年实施计划第一批重大项目》的通知.xlsx(上传 GoFast: False)
2026-09-01 17:52:39,500 - E:\STangWork\PythonProjects\skp_parser\util\db_util.py - INFO - 数据库连接池已创建: 127.0.0.1:3306/suidaobig
2026-09-01 17:52:39,645 - E:\STangWork\PythonProjects\skp_parser\util\db_util.py - INFO - 数据库表初始化完成(skp_file/skp_project/skp_file_extra/skp_notice/skp_category_declared)
2026-09-01 17:52:39,647 - E:\STangWork\PythonProjects\skp_parser\run_single.py - INFO - 删除旧数据: 文件 0 条, 项目 0 条, 特有信息 0 条, 通知 0 条, 分类声明 0 条
2026-09-01 17:52:58,075 - E:\STangWork\PythonProjects\skp_parser\parser\base_parser.py - INFO - 合并表头修正: project_name 列 3 → 4
2026-09-01 17:52:58,311 - E:\STangWork\PythonProjects\skp_parser\parser\base_parser.py - INFO - 合并表头修正: project_name 列 1 → 2
2026-09-01 17:52:58,359 - E:\STangWork\PythonProjects\skp_parser\main.py - WARNING - 通知信息解析失败 关于印发《浙江省扩大有效投资“千项万亿”工程2025年实施计划第一批重大项目》的通知.xlsx: No /Root object! - Is this really a PDF?
2026-09-01 17:53:01,732 - E:\STangWork\PythonProjects\skp_parser\run_single.py - INFO - OK: 关于印发《浙江省扩大有效投资“千项万亿”工程2025年实施计划第一批重大项目》的通知.xlsx (file_id=1425, 项目 1391 条)
2026-09-01 17:53:01,732 - E:\STangWork\PythonProjects\skp_parser\util\db_util.py - INFO - 数据库连接池已关闭
2026-09-01 17:57:43,537 - E:\STangWork\PythonProjects\skp_parser\run_single.py - INFO - 单文件处理: E:\STangWork\STangFiles\各省重点项目：2020年起\2026年重点项目\19湖北省2026年重点项目清单\2026年襄阳市\襄阳市2026年市级重点项目清单.xlsx(上传 GoFast: False)
2026-09-01 17:57:43,546 - E:\STangWork\PythonProjects\skp_parser\util\db_util.py - INFO - 数据库连接池已创建: 127.0.0.1:3306/suidaobig
2026-09-01 17:57:43,746 - E:\STangWork\PythonProjects\skp_parser\util\db_util.py - INFO - 数据库表初始化完成(skp_file/skp_project/skp_file_extra/skp_notice/skp_category_declared)
2026-09-01 17:57:44,120 - E:\STangWork\PythonProjects\skp_parser\run_single.py - INFO - 删除旧数据: 文件 1 条, 项目 64 条, 特有信息 0 条, 通知 0 条, 分类声明 0 条
2026-09-01 17:57:44,945 - E:\STangWork\PythonProjects\skp_parser\run_single.py - INFO - OK: 襄阳市2026年市级重点项目清单.xlsx (file_id=1426, 项目 64 条)
2026-09-01 17:57:44,946 - E:\STangWork\PythonProjects\skp_parser\util\db_util.py - INFO - 数据库连接池已关闭
2026-09-01 17:58:22,497 - E:\STangWork\PythonProjects\skp_parser\run_single.py - INFO - 单文件处理: E:\STangWork\STangFiles\各省重点项目：2020年起\2022年重点项目\05广西自治区2022年重点项目清单\2、2022年广西第二批\附件4 2022年第二批自治区层面统筹推进重大项目（竣工投产）进度目标责任表.xlsx(上传 GoFast: False)
2026-09-01 17:58:22,506 - E:\STangWork\PythonProjects\skp_parser\util\db_util.py - INFO - 数据库连接池已创建: 127.0.0.1:3306/suidaobig
2026-09-01 17:58:22,725 - E:\STangWork\PythonProjects\skp_parser\util\db_util.py - INFO - 数据库表初始化完成(skp_file/skp_project/skp_file_extra/skp_notice/skp_category_declared)
2026-09-01 17:58:23,101 - E:\STangWork\PythonProjects\skp_parser\run_single.py - INFO - 删除旧数据: 文件 1 条, 项目 1 条, 特有信息 1 条, 通知 0 条, 分类声明 0 条
2026-09-01 17:58:23,426 - E:\STangWork\PythonProjects\skp_parser\run_single.py - INFO - OK: 附件4 2022年第二批自治区层面统筹推进重大项目（竣工投产）进度目标责任表.xlsx (file_id=1427, 项目 1 条)
2026-09-01 17:58:23,426 - E:\STangWork\PythonProjects\skp_parser\util\db_util.py - INFO - 数据库连接池已关闭
