2026-08-28 09:31:46,700 - E:\STangWork\PythonProjects\skp_parser\main.py - INFO - 开始处理目录: E:\STangWork\STangFiles\各省重点项目：2020年起(上传 GoFast: False)
2026-08-28 10:25:25,182 - E:\STangWork\PythonProjects\skp_parser\util\db_util.py - INFO - 数据库连接池已创建: 127.0.0.1:3306/suidaobig
2026-08-28 10:25:25,569 - E:\STangWork\PythonProjects\skp_parser\util\db_util.py - INFO - 数据库表初始化完成(skp_file / skp_project / skp_file_extra / skp_notice)
2026-08-28 10:25:28,004 - E:\STangWork\PythonProjects\skp_parser\main.py - INFO - 跳过(已入库): 北京市2020年重点工程计划.pdf
2026-08-28 10:25:28,018 - E:\STangWork\PythonProjects\skp_parser\main.py - INFO - 跳过(已入库): 北京市2020年重点工程计划.xlsx
2026-08-28 10:25:28,039 - E:\STangWork\PythonProjects\skp_parser\main.py - INFO - 跳过(已入库): 北京市2020重点工程项目.pdf
2026-08-28 10:25:28,059 - E:\STangWork\PythonProjects\skp_parser\main.py - INFO - 跳过(已入库): 天津市2020年重点储备项目清单.pdf
2026-08-28 10:25:28,073 - E:\STangWork\PythonProjects\skp_parser\main.py - INFO - 跳过(已入库): 天津市2020年重点建设项目清单.pdf
2026-08-28 10:25:28,084 - E:\STangWork\PythonProjects\skp_parser\main.py - INFO - 跳过(已入库): 重庆2020重大基础设施项目清单.xlsx
2026-08-28 10:25:28,089 - E:\STangWork\PythonProjects\skp_parser\main.py - INFO - 跳过(已入库): 2020年内蒙古自治区重点经济合作项目.xlsx
2026-08-28 10:25:28,103 - E:\STangWork\PythonProjects\skp_parser\main.py - INFO - 跳过(已入库): 广西壮族自治区重大项目建设推进领导小组办公室关于下达2020年第四批自治区层面统筹推进重大项目计划的通知.pdf
2026-08-28 10:25:28,507 - E:\STangWork\PythonProjects\skp_parser\main.py - INFO - 跳过(已入库): 2020年宁夏全区重大项目清单（最新）.xlsx
2026-08-28 10:25:28,517 - E:\STangWork\PythonProjects\skp_parser\main.py - INFO - 跳过(已入库): 2020年宁夏自治区重点项目投资计划.xlsx
2026-08-28 10:25:28,523 - E:\STangWork\PythonProjects\skp_parser\main.py - INFO - 跳过(已入库): 附件：2020年度福建省重点项目名单(1567个).docx
2026-08-28 10:25:28,559 - E:\STangWork\PythonProjects\skp_parser\main.py - INFO - 跳过(已入库): 广东省2020重点项目.pdf
2026-08-28 10:25:28,564 - E:\STangWork\PythonProjects\skp_parser\main.py - INFO - 跳过(已入库): 海南省2020年重点预备项目投资计划.xlsx
2026-08-28 10:25:28,576 - E:\STangWork\PythonProjects\skp_parser\main.py - INFO - 跳过(已入库): 2020年河北省第二批省重点项目计划.docx
2026-08-28 10:25:28,607 - E:\STangWork\PythonProjects\skp_parser\main.py - INFO - 跳过(已入库): 关于印发2020年河北省重点项目计划的通知及附件.pdf
2026-08-28 10:25:28,624 - E:\STangWork\PythonProjects\skp_parser\main.py - INFO - 跳过(已入库): 湖北省2019年省级重点建设计划.pdf
2026-08-28 10:25:28,639 - E:\STangWork\PythonProjects\skp_parser\main.py - INFO - 跳过(已入库): 江西省2020第一批重点项目.pdf
2026-08-28 10:25:28,668 - E:\STangWork\PythonProjects\skp_parser\main.py - INFO - 跳过(已入库): 2020年山东省新旧动能转换重大项目库第一批优选项目名单（500个）.pdf
2026-08-28 10:25:28,672 - E:\STangWork\PythonProjects\skp_parser\main.py - INFO - 跳过(已入库): 2020年山东省重大准备项目名单.xlsx
2026-08-28 10:25:28,682 - E:\STangWork\PythonProjects\skp_parser\main.py - INFO - 跳过(已入库): 2020年山东省重大建设项目名单.xlsx
2026-08-28 10:25:28,703 - E:\STangWork\PythonProjects\skp_parser\main.py - INFO - 跳过(已入库): 山东省2020年省重大准备项目名单（88项）.pdf
2026-08-28 10:25:28,722 - E:\STangWork\PythonProjects\skp_parser\main.py - INFO - 跳过(已入库): 山东省2020年重大建设项目名单（223项）.pdf
2026-08-28 10:25:28,747 - E:\STangWork\PythonProjects\skp_parser\main.py - INFO - 跳过(已入库): 山东省“双招双引”重点签约项目（200个）.pdf
2026-08-28 10:25:28,764 - E:\STangWork\PythonProjects\skp_parser\main.py - INFO - 跳过(已入库): 2020年山西省级重点工程第二批项目名单.pdf
2026-08-28 10:25:28,791 - E:\STangWork\PythonProjects\skp_parser\main.py - INFO - 跳过(已入库): 山西省2020重点项目.pdf
2026-08-28 10:25:28,820 - E:\STangWork\PythonProjects\skp_parser\main.py - INFO - 跳过(已入库): 2020年陕西重点建设项目年度计划.pdf
2026-08-28 10:25:28,834 - E:\STangWork\PythonProjects\skp_parser\main.py - INFO - 跳过(已入库): 2020年四川省重点项目清单-整理版.xlsx
2026-08-28 10:25:28,890 - E:\STangWork\PythonProjects\skp_parser\main.py - INFO - 跳过(已入库): 2020年四川省重点项目清单.xlsx
2026-08-28 10:25:28,909 - E:\STangWork\PythonProjects\skp_parser\main.py - INFO - 跳过(已入库): 云发改投资〔2020〕210号.pdf
2026-08-28 10:25:28,927 - E:\STangWork\PythonProjects\skp_parser\main.py - INFO - 跳过(已入库): 云发改投资〔2020〕212号.pdf
2026-08-28 10:25:28,945 - E:\STangWork\PythonProjects\skp_parser\main.py - INFO - 跳过(已入库): 2020年各省市重点项目清单汇总：51_63万亿.pdf
2026-08-28 10:25:44,213 - E:\STangWork\PythonProjects\skp_parser\main.py - WARNING - 分类校验[北京市2021年重点工程计划.pdf] 基础设施项目: 标题声明 100 项,解析 0 项
2026-08-28 10:25:44,213 - E:\STangWork\PythonProjects\skp_parser\main.py - WARNING - 分类校验[北京市2021年重点工程计划.pdf] 基础设施项目-轨道交通: 标题声明 15 项,解析 18 项
2026-08-28 10:25:44,213 - E:\STangWork\PythonProjects\skp_parser\main.py - WARNING - 分类校验[北京市2021年重点工程计划.pdf] 基础设施项目-站城一体化交通枢纽: 标题声明 10 项,解析 11 项
2026-08-28 10:25:44,214 - E:\STangWork\PythonProjects\skp_parser\main.py - WARNING - 分类校验[北京市2021年重点工程计划.pdf] 基础设施项目-公路: 标题声明 10 项,解析 11 项
2026-08-28 10:25:44,214 - E:\STangWork\PythonProjects\skp_parser\main.py - WARNING - 分类校验[北京市2021年重点工程计划.pdf] 基础设施项目-城市道路: 标题声明 19 项,解析 21 项
2026-08-28 10:25:44,214 - E:\STangWork\PythonProjects\skp_parser\main.py - WARNING - 分类校验[北京市2021年重点工程计划.pdf] 基础设施项目-交通基础设施配套: 标题声明 10 项,解析 11 项
2026-08-28 10:25:44,214 - E:\STangWork\PythonProjects\skp_parser\main.py - WARNING - 分类校验[北京市2021年重点工程计划.pdf] 基础设施项目-水务工程: 标题声明 11 项,解析 12 项
2026-08-28 10:25:44,215 - E:\STangWork\PythonProjects\skp_parser\main.py - WARNING - 分类校验[北京市2021年重点工程计划.pdf] 基础设施项目-能源设施: 标题声明 8 项,解析 9 项
2026-08-28 10:25:44,215 - E:\STangWork\PythonProjects\skp_parser\main.py - WARNING - 分类校验[北京市2021年重点工程计划.pdf] 基础设施项目-固液态废物处理设施: 标题声明 5 项,解析 6 项
2026-08-28 10:25:44,215 - E:\STangWork\PythonProjects\skp_parser\main.py - WARNING - 分类校验[北京市2021年重点工程计划.pdf] 基础设施项目-城市应急保障设施: 标题声明 5 项,解析 6 项
2026-08-28 10:25:44,215 - E:\STangWork\PythonProjects\skp_parser\main.py - WARNING - 分类校验[北京市2021年重点工程计划.pdf] 民生改善项目: 标题声明 100 项,解析 0 项
2026-08-28 10:25:44,215 - E:\STangWork\PythonProjects\skp_parser\main.py - WARNING - 分类校验[北京市2021年重点工程计划.pdf] 民生改善项目-教育: 标题声明 22 项,解析 24 项
2026-08-28 10:25:44,216 - E:\STangWork\PythonProjects\skp_parser\main.py - WARNING - 分类校验[北京市2021年重点工程计划.pdf] 民生改善项目-医疗: 标题声明 23 项,解析 26 项
2026-08-28 10:25:44,216 - E:\STangWork\PythonProjects\skp_parser\main.py - WARNING - 分类校验[北京市2021年重点工程计划.pdf] 民生改善项目-文化: 标题声明 15 项,解析 17 项
2026-08-28 10:25:44,216 - E:\STangWork\PythonProjects\skp_parser\main.py - WARNING - 分类校验[北京市2021年重点工程计划.pdf] 民生改善项目-体育: 标题声明 11 项,解析 12 项
2026-08-28 10:25:44,216 - E:\STangWork\PythonProjects\skp_parser\main.py - WARNING - 分类校验[北京市2021年重点工程计划.pdf] 民生改善项目-绿化: 标题声明 8 项,解析 9 项
2026-08-28 10:25:44,216 - E:\STangWork\PythonProjects\skp_parser\main.py - WARNING - 分类校验[北京市2021年重点工程计划.pdf] 民生改善项目-老旧小区改造及街区更新: 标题声明 10 项,解析 12 项
2026-08-28 10:25:44,217 - E:\STangWork\PythonProjects\skp_parser\main.py - WARNING - 分类校验[北京市2021年重点工程计划.pdf] 科技创新及高精尖产业项目: 标题声明 100 项,解析 0 项
2026-08-28 10:25:44,217 - E:\STangWork\PythonProjects\skp_parser\main.py - WARNING - 分类校验[北京市2021年重点工程计划.pdf] 科技创新及高精尖产业项目-先进制造业: 标题声明 37 项,解析 41 项
2026-08-28 10:25:44,217 - E:\STangWork\PythonProjects\skp_parser\main.py - WARNING - 分类校验[北京市2021年重点工程计划.pdf] 科技创新及高精尖产业项目-服务业扩大开放: 标题声明 10 项,解析 11 项
2026-08-28 10:25:44,217 - E:\STangWork\PythonProjects\skp_parser\main.py - WARNING - 分类校验[北京市2021年重点工程计划.pdf] 科技创新及高精尖产业项目-数字经济: 标题声明 11 项,解析 13 项
2026-08-28 10:25:44,217 - E:\STangWork\PythonProjects\skp_parser\main.py - WARNING - 分类校验[北京市2021年重点工程计划.pdf] 科技创新及高精尖产业项目-科技创新空间资源: 标题声明 12 项,解析 14 项
2026-08-28 10:25:44,218 - E:\STangWork\PythonProjects\skp_parser\main.py - WARNING - 分类校验[北京市2021年重点工程计划.pdf] 科技创新及高精尖产业项目-文化旅游产业: 标题声明 16 项,解析 17 项
2026-08-28 10:25:45,133 - E:\STangWork\PythonProjects\skp_parser\main.py - INFO - OK: 北京市2021年重点工程计划.pdf (项目 333 条)
2026-08-28 10:25:45,930 - E:\STangWork\PythonProjects\skp_parser\main.py - WARNING - 分类校验[北京市2021年重点工程计划.xlsx] 基础设施项目: 标题声明 100 项,解析 0 项
2026-08-28 10:25:45,930 - E:\STangWork\PythonProjects\skp_parser\main.py - WARNING - 分类校验[北京市2021年重点工程计划.xlsx] 基础设施项目-国铁: 标题声明 4 项,解析 8 项
2026-08-28 10:25:45,930 - E:\STangWork\PythonProjects\skp_parser\main.py - WARNING - 分类校验[北京市2021年重点工程计划.xlsx] 基础设施项目-市郊铁路: 标题声明 3 项,解析 6 项
2026-08-28 10:25:45,930 - E:\STangWork\PythonProjects\skp_parser\main.py - WARNING - 分类校验[北京市2021年重点工程计划.xlsx] 基础设施项目-轨道交通: 标题声明 15 项,解析 33 项
2026-08-28 10:25:45,931 - E:\STangWork\PythonProjects\skp_parser\main.py - WARNING - 分类校验[北京市2021年重点工程计划.xlsx] 基础设施项目-站城一体化交通枢纽: 标题声明 10 项,解析 21 项
2026-08-28 10:25:45,931 - E:\STangWork\PythonProjects\skp_parser\main.py - WARNING - 分类校验[北京市2021年重点工程计划.xlsx] 基础设施项目-公路: 标题声明 10 项,解析 21 项
2026-08-28 10:25:45,931 - E:\STangWork\PythonProjects\skp_parser\main.py - WARNING - 分类校验[北京市2021年重点工程计划.xlsx] 基础设施项目-城市道路: 标题声明 19 项,解析 40 项
2026-08-28 10:25:45,931 - E:\STangWork\PythonProjects\skp_parser\main.py - WARNING - 分类校验[北京市2021年重点工程计划.xlsx] 基础设施项目-交通基础设施配套: 标题声明 10 项,解析 21 项
2026-08-28 10:25:45,931 - E:\STangWork\PythonProjects\skp_parser\main.py - WARNING - 分类校验[北京市2021年重点工程计划.xlsx] 基础设施项目-水务工程: 标题声明 11 项,解析 23 项
2026-08-28 10:25:45,932 - E:\STangWork\PythonProjects\skp_parser\main.py - WARNING - 分类校验[北京市2021年重点工程计划.xlsx] 基础设施项目-能源设施: 标题声明 8 项,解析 17 项
2026-08-28 10:25:45,932 - E:\STangWork\PythonProjects\skp_parser\main.py - WARNING - 分类校验[北京市2021年重点工程计划.xlsx] 基础设施项目-固液态废物处理设施: 标题声明 5 项,解析 11 项
2026-08-28 10:25:45,932 - E:\STangWork\PythonProjects\skp_parser\main.py - WARNING - 分类校验[北京市2021年重点工程计划.xlsx] 基础设施项目-城市应急保障设施: 标题声明 5 项,解析 10 项
2026-08-28 10:25:45,932 - E:\STangWork\PythonProjects\skp_parser\main.py - WARNING - 分类校验[北京市2021年重点工程计划.xlsx] 民生改善项目: 标题声明 100 项,解析 0 项
2026-08-28 10:25:45,933 - E:\STangWork\PythonProjects\skp_parser\main.py - WARNING - 分类校验[北京市2021年重点工程计划.xlsx] 民生改善项目-政策性住房: 标题声明 6 项,解析 12 项
2026-08-28 10:25:45,933 - E:\STangWork\PythonProjects\skp_parser\main.py - WARNING - 分类校验[北京市2021年重点工程计划.xlsx] 民生改善项目-教育: 标题声明 22 项,解析 46 项
2026-08-28 10:25:45,933 - E:\STangWork\PythonProjects\skp_parser\main.py - WARNING - 分类校验[北京市2021年重点工程计划.xlsx] 民生改善项目-医疗: 标题声明 23 项,解析 49 项
2026-08-28 10:25:45,933 - E:\STangWork\PythonProjects\skp_parser\main.py - WARNING - 分类校验[北京市2021年重点工程计划.xlsx] 民生改善项目-养老: 标题声明 5 项,解析 10 项
2026-08-28 10:25:45,933 - E:\STangWork\PythonProjects\skp_parser\main.py - WARNING - 分类校验[北京市2021年重点工程计划.xlsx] 民生改善项目-文化: 标题声明 15 项,解析 32 项
2026-08-28 10:25:45,934 - E:\STangWork\PythonProjects\skp_parser\main.py - WARNING - 分类校验[北京市2021年重点工程计划.xlsx] 民生改善项目-体育: 标题声明 11 项,解析 23 项
2026-08-28 10:25:45,934 - E:\STangWork\PythonProjects\skp_parser\main.py - WARNING - 分类校验[北京市2021年重点工程计划.xlsx] 民生改善项目-绿化: 标题声明 8 项,解析 17 项
2026-08-28 10:25:45,934 - E:\STangWork\PythonProjects\skp_parser\main.py - WARNING - 分类校验[北京市2021年重点工程计划.xlsx] 民生改善项目-老旧小区改造及街区更新: 标题声明 10 项,解析 21 项
2026-08-28 10:25:45,934 - E:\STangWork\PythonProjects\skp_parser\main.py - WARNING - 分类校验[北京市2021年重点工程计划.xlsx] 科技创新及高精尖产业项目: 标题声明 100 项,解析 0 项
2026-08-28 10:25:45,934 - E:\STangWork\PythonProjects\skp_parser\main.py - WARNING - 分类校验[北京市2021年重点工程计划.xlsx] 科技创新及高精尖产业项目-重大科技设施平台集群: 标题声明 8 项,解析 16 项
2026-08-28 10:25:45,934 - E:\STangWork\PythonProjects\skp_parser\main.py - WARNING - 分类校验[北京市2021年重点工程计划.xlsx] 科技创新及高精尖产业项目-先进制造业: 标题声明 37 项,解析 78 项
2026-08-28 10:25:45,935 - E:\STangWork\PythonProjects\skp_parser\main.py - WARNING - 分类校验[北京市2021年重点工程计划.xlsx] 科技创新及高精尖产业项目-服务业扩大开放: 标题声明 10 项,解析 21 项
2026-08-28 10:25:45,935 - E:\STangWork\PythonProjects\skp_parser\main.py - WARNING - 分类校验[北京市2021年重点工程计划.xlsx] 科技创新及高精尖产业项目-数字经济: 标题声明 11 项,解析 24 项
2026-08-28 10:25:45,935 - E:\STangWork\PythonProjects\skp_parser\main.py - WARNING - 分类校验[北京市2021年重点工程计划.xlsx] 科技创新及高精尖产业项目-金融业: 标题声明 6 项,解析 12 项
2026-08-28 10:25:45,935 - E:\STangWork\PythonProjects\skp_parser\main.py - WARNING - 分类校验[北京市2021年重点工程计划.xlsx] 科技创新及高精尖产业项目-科技创新空间资源: 标题声明 12 项,解析 26 项
2026-08-28 10:25:45,936 - E:\STangWork\PythonProjects\skp_parser\main.py - WARNING - 分类校验[北京市2021年重点工程计划.xlsx] 科技创新及高精尖产业项目-文化旅游产业: 标题声明 16 项,解析 33 项
2026-08-28 10:25:47,427 - E:\STangWork\PythonProjects\skp_parser\main.py - INFO - OK: 北京市2021年重点工程计划.xlsx (项目 631 条)
2026-08-28 10:25:47,928 - E:\STangWork\PythonProjects\skp_parser\main.py - WARNING - 分类校验[2021年上海市重大建设项目清单.xlsx] 社会民生类  29项 523656 何: 标题声明 9 项,解析 0 项
2026-08-28 10:25:47,928 - E:\STangWork\PythonProjects\skp_parser\main.py - WARNING - 分类校验[2021年上海市重大建设项目清单.xlsx] 生态文明建设类  12项 1183114 庄: 标题声明 7 项,解析 12 项
2026-08-28 10:25:47,928 - E:\STangWork\PythonProjects\skp_parser\main.py - WARNING - 分类校验[2021年上海市重大建设项目清单.xlsx] 城市基础设施类  53项 6289325 孙、王: 标题声明 7 项,解析 0 项
2026-08-28 10:25:47,928 - E:\STangWork\PythonProjects\skp_parser\main.py - WARNING - 分类校验[2021年上海市重大建设项目清单.xlsx] 城乡融合与乡村振兴类  13项 3070202 孙、王: 标题声明 7 项,解析 13 项
2026-08-28 10:25:48,452 - E:\STangWork\PythonProjects\skp_parser\main.py - INFO - OK: 2021年上海市重大建设项目清单.xlsx (项目 215 条)
2026-08-28 10:25:48,667 - E:\STangWork\PythonProjects\skp_parser\main.py - WARNING - 分类校验[天津市2021年重点储备项目清单.docx] 产业科技创新: 标题声明 88 项,解析 0 项
2026-08-28 10:25:48,668 - E:\STangWork\PythonProjects\skp_parser\main.py - WARNING - 分类校验[天津市2021年重点储备项目清单.docx] 产业科技创新-先进制造业: 标题声明 39 项,解析 38 项
2026-08-28 10:25:48,668 - E:\STangWork\PythonProjects\skp_parser\main.py - WARNING - 分类校验[天津市2021年重点储备项目清单.docx] 产业科技创新-现代服务业: 标题声明 30 项,解析 31 项
2026-08-28 10:25:48,668 - E:\STangWork\PythonProjects\skp_parser\main.py - WARNING - 分类校验[天津市2021年重点储备项目清单.docx] 基础设施: 标题声明 93 项,解析 0 项
2026-08-28 10:25:48,669 - E:\STangWork\PythonProjects\skp_parser\main.py - WARNING - 分类校验[天津市2021年重点储备项目清单.docx] 农林和生态: 标题声明 19 项,解析 0 项
2026-08-28 10:25:48,669 - E:\STangWork\PythonProjects\skp_parser\main.py - WARNING - 分类校验[天津市2021年重点储备项目清单.docx] 社会民生: 标题声明 43 项,解析 0 项
2026-08-28 10:25:49,262 - E:\STangWork\PythonProjects\skp_parser\main.py - INFO - OK: 天津市2021年重点储备项目清单.docx (项目 272 条)
2026-08-28 10:25:49,498 - E:\STangWork\PythonProjects\skp_parser\main.py - WARNING - 分类校验[天津市2021年重点建设项目清单.docx] 产业科技创新: 标题声明 163 项,解析 0 项
2026-08-28 10:25:49,498 - E:\STangWork\PythonProjects\skp_parser\main.py - WARNING - 分类校验[天津市2021年重点建设项目清单.docx] 基础设施: 标题声明 97 项,解析 0 项
2026-08-28 10:25:49,498 - E:\STangWork\PythonProjects\skp_parser\main.py - WARNING - 分类校验[天津市2021年重点建设项目清单.docx] 农林和生态: 标题声明 44 项,解析 0 项
2026-08-28 10:25:49,498 - E:\STangWork\PythonProjects\skp_parser\main.py - WARNING - 分类校验[天津市2021年重点建设项目清单.docx] 社会民生: 标题声明 88 项,解析 0 项
2026-08-28 10:25:49,937 - E:\STangWork\PythonProjects\skp_parser\main.py - INFO - OK: 天津市2021年重点建设项目清单.docx (项目 430 条)
2026-08-28 10:25:51,742 - E:\STangWork\PythonProjects\skp_parser\parser\pdf_parser.py - WARNING - E:\STangWork\STangFiles\各省重点项目：2020年起\2021年重点项目\05广西自治区2021年重点项目清单\1：2021年广西第一批\广西壮族自治区重大项目建设推进领导小组办公室关于印发2021年第一批自治区层面统筹推进重大项目方案的通知.pdf: 列式提取仅 1 条,改用文本兜底
2026-08-28 10:25:53,450 - E:\STangWork\PythonProjects\skp_parser\main.py - INFO - OK: 广西壮族自治区重大项目建设推进领导小组办公室关于印发2021年第一批自治区层面统筹推进重大项目方案的通知.pdf (项目 0 条)
2026-08-28 10:26:16,586 - E:\STangWork\PythonProjects\skp_parser\main.py - INFO - OK: 附件1 2021年第一批自治区层面统筹推进重大项目（新开工）进度目标责任表(1).pdf (项目 235 条)
2026-08-28 10:27:55,506 - E:\STangWork\PythonProjects\skp_parser\main.py - INFO - OK: 附件2 2021年第一批自治区层面统筹推进重大项目（续建）进度目标责任表.pdf (项目 1043 条)
2026-08-28 10:45:43,065 - E:\STangWork\PythonProjects\skp_parser\main.py - INFO - 开始处理目录: E:\STangWork\STangFiles\各省重点项目：2020年起\2021年重点项目\05广西自治区2021年重点项目清单\1：2021年广西第一批(上传 GoFast: False)
2026-08-28 10:45:54,705 - E:\STangWork\PythonProjects\skp_parser\util\db_util.py - INFO - 数据库连接池已创建: 127.0.0.1:3306/suidaobig
2026-08-28 10:45:54,996 - E:\STangWork\PythonProjects\skp_parser\util\db_util.py - INFO - 数据库表初始化完成(skp_file / skp_project / skp_file_extra / skp_notice)
2026-08-28 10:46:06,507 - E:\STangWork\PythonProjects\skp_parser\main.py - INFO - 跳过(已入库): 广西壮族自治区重大项目建设推进领导小组办公室关于印发2021年第一批自治区层面统筹推进重大项目方案的通知.pdf
2026-08-28 10:46:17,613 - E:\STangWork\PythonProjects\skp_parser\main.py - INFO - 跳过(已入库): 附件1 2021年第一批自治区层面统筹推进重大项目（新开工）进度目标责任表(1).pdf
2026-08-28 10:46:20,820 - E:\STangWork\PythonProjects\skp_parser\main.py - INFO - 跳过(已入库): 附件2 2021年第一批自治区层面统筹推进重大项目（续建）进度目标责任表.pdf
2026-08-28 11:33:08,836 - E:\STangWork\PythonProjects\skp_parser\util\db_util.py - INFO - 数据库连接池已创建: 127.0.0.1:3306/suidaobig
2026-08-28 11:33:47,194 - E:\STangWork\PythonProjects\skp_parser\util\db_util.py - INFO - 数据库连接池已关闭
2026-08-28 11:33:56,651 - E:\STangWork\PythonProjects\skp_parser\util\db_util.py - INFO - 数据库连接池已创建: 127.0.0.1:3306/suidaobig
2026-08-28 11:34:13,216 - E:\STangWork\PythonProjects\skp_parser\util\db_util.py - INFO - 数据库连接池已关闭
2026-08-28 11:41:01,912 - E:\STangWork\PythonProjects\skp_parser\util\db_util.py - INFO - 数据库连接池已创建: 127.0.0.1:3306/suidaobig
2026-08-28 11:41:54,846 - E:\STangWork\PythonProjects\skp_parser\util\db_util.py - INFO - 数据库连接池已关闭
2026-08-28 11:42:02,971 - E:\STangWork\PythonProjects\skp_parser\util\db_util.py - INFO - 数据库连接池已创建: 127.0.0.1:3306/suidaobig
2026-08-28 11:42:03,009 - E:\STangWork\PythonProjects\skp_parser\util\db_util.py - INFO - 数据库连接池已关闭
2026-08-28 11:42:18,676 - E:\STangWork\PythonProjects\skp_parser\util\db_util.py - INFO - 数据库连接池已创建: 127.0.0.1:3306/suidaobig
2026-08-28 11:43:48,825 - E:\STangWork\PythonProjects\skp_parser\util\db_util.py - INFO - 数据库连接池已关闭
2026-08-28 13:58:27,608 - E:\STangWork\PythonProjects\skp_parser\util\db_util.py - INFO - 数据库连接池已创建: 127.0.0.1:3306/suidaobig
2026-08-28 13:59:17,659 - E:\STangWork\PythonProjects\skp_parser\util\db_util.py - INFO - 数据库连接池已关闭
2026-08-28 13:59:26,241 - E:\STangWork\PythonProjects\skp_parser\util\db_util.py - INFO - 数据库连接池已创建: 127.0.0.1:3306/suidaobig
2026-08-28 13:59:26,243 - E:\STangWork\PythonProjects\skp_parser\util\db_util.py - INFO - 数据库连接池已关闭
2026-08-28 13:59:42,266 - E:\STangWork\PythonProjects\skp_parser\util\db_util.py - INFO - 数据库连接池已创建: 127.0.0.1:3306/suidaobig
2026-08-28 14:00:51,621 - E:\STangWork\PythonProjects\skp_parser\util\db_util.py - INFO - 数据库连接池已关闭
2026-08-28 14:01:00,748 - E:\STangWork\PythonProjects\skp_parser\util\db_util.py - INFO - 数据库连接池已创建: 127.0.0.1:3306/suidaobig
2026-08-28 14:01:00,793 - E:\STangWork\PythonProjects\skp_parser\util\db_util.py - INFO - 数据库连接池已关闭
2026-08-28 14:10:48,635 - E:\STangWork\PythonProjects\skp_parser\main.py - INFO - 开始处理目录: E:\STangWork\STangFiles\各省重点项目：2020年起(上传 GoFast: False)
2026-08-28 14:10:48,639 - E:\STangWork\PythonProjects\skp_parser\util\db_util.py - INFO - 数据库连接池已创建: 127.0.0.1:3306/suidaobig
2026-08-28 14:10:48,828 - E:\STangWork\PythonProjects\skp_parser\util\db_util.py - INFO - 数据库表初始化完成(skp_file / skp_project / skp_file_extra / skp_notice)
2026-08-28 14:10:49,309 - E:\STangWork\PythonProjects\skp_parser\main.py - INFO - 跳过(已入库): 北京市2020年重点工程计划.pdf
2026-08-28 14:10:49,310 - E:\STangWork\PythonProjects\skp_parser\main.py - INFO - 跳过(已入库): 北京市2020年重点工程计划.xlsx
2026-08-28 14:10:49,314 - E:\STangWork\PythonProjects\skp_parser\main.py - INFO - 跳过(已入库): 北京市2020重点工程项目.pdf
2026-08-28 14:10:49,317 - E:\STangWork\PythonProjects\skp_parser\main.py - INFO - 跳过(已入库): 天津市2020年重点储备项目清单.pdf
2026-08-28 14:10:49,320 - E:\STangWork\PythonProjects\skp_parser\main.py - INFO - 跳过(已入库): 天津市2020年重点建设项目清单.pdf
2026-08-28 14:10:49,321 - E:\STangWork\PythonProjects\skp_parser\main.py - INFO - 跳过(已入库): 重庆2020重大基础设施项目清单.xlsx
2026-08-28 14:10:49,323 - E:\STangWork\PythonProjects\skp_parser\main.py - INFO - 跳过(已入库): 2020年内蒙古自治区重点经济合作项目.xlsx
2026-08-28 14:10:49,325 - E:\STangWork\PythonProjects\skp_parser\main.py - INFO - 跳过(已入库): 广西壮族自治区重大项目建设推进领导小组办公室关于下达2020年第四批自治区层面统筹推进重大项目计划的通知.pdf
2026-08-28 14:10:49,429 - E:\STangWork\PythonProjects\skp_parser\main.py - INFO - 跳过(已入库): 2020年宁夏全区重大项目清单（最新）.xlsx
2026-08-28 14:10:49,433 - E:\STangWork\PythonProjects\skp_parser\main.py - INFO - 跳过(已入库): 2020年宁夏自治区重点项目投资计划.xlsx
2026-08-28 14:10:49,434 - E:\STangWork\PythonProjects\skp_parser\main.py - INFO - 跳过(已入库): 附件：2020年度福建省重点项目名单(1567个).docx
2026-08-28 14:10:49,440 - E:\STangWork\PythonProjects\skp_parser\main.py - INFO - 跳过(已入库): 广东省2020重点项目.pdf
2026-08-28 14:10:49,442 - E:\STangWork\PythonProjects\skp_parser\main.py - INFO - 跳过(已入库): 海南省2020年重点预备项目投资计划.xlsx
2026-08-28 14:10:49,443 - E:\STangWork\PythonProjects\skp_parser\main.py - INFO - 跳过(已入库): 2020年河北省第二批省重点项目计划.docx
2026-08-28 14:10:49,449 - E:\STangWork\PythonProjects\skp_parser\main.py - INFO - 跳过(已入库): 关于印发2020年河北省重点项目计划的通知及附件.pdf
2026-08-28 14:10:49,451 - E:\STangWork\PythonProjects\skp_parser\main.py - INFO - 跳过(已入库): 湖北省2019年省级重点建设计划.pdf
2026-08-28 14:10:49,454 - E:\STangWork\PythonProjects\skp_parser\main.py - INFO - 跳过(已入库): 江西省2020第一批重点项目.pdf
2026-08-28 14:10:49,459 - E:\STangWork\PythonProjects\skp_parser\main.py - INFO - 跳过(已入库): 2020年山东省新旧动能转换重大项目库第一批优选项目名单（500个）.pdf
2026-08-28 14:10:49,461 - E:\STangWork\PythonProjects\skp_parser\main.py - INFO - 跳过(已入库): 2020年山东省重大准备项目名单.xlsx
2026-08-28 14:10:49,462 - E:\STangWork\PythonProjects\skp_parser\main.py - INFO - 跳过(已入库): 2020年山东省重大建设项目名单.xlsx
2026-08-28 14:10:49,464 - E:\STangWork\PythonProjects\skp_parser\main.py - INFO - 跳过(已入库): 山东省2020年省重大准备项目名单（88项）.pdf
2026-08-28 14:10:49,466 - E:\STangWork\PythonProjects\skp_parser\main.py - INFO - 跳过(已入库): 山东省2020年重大建设项目名单（223项）.pdf
2026-08-28 14:10:49,467 - E:\STangWork\PythonProjects\skp_parser\main.py - INFO - 跳过(已入库): 山东省“双招双引”重点签约项目（200个）.pdf
2026-08-28 14:10:49,469 - E:\STangWork\PythonProjects\skp_parser\main.py - INFO - 跳过(已入库): 2020年山西省级重点工程第二批项目名单.pdf
2026-08-28 14:10:49,475 - E:\STangWork\PythonProjects\skp_parser\main.py - INFO - 跳过(已入库): 山西省2020重点项目.pdf
2026-08-28 14:10:49,477 - E:\STangWork\PythonProjects\skp_parser\main.py - INFO - 跳过(已入库): 2020年陕西重点建设项目年度计划.pdf
2026-08-28 14:10:49,479 - E:\STangWork\PythonProjects\skp_parser\main.py - INFO - 跳过(已入库): 2020年四川省重点项目清单-整理版.xlsx
2026-08-28 14:10:49,480 - E:\STangWork\PythonProjects\skp_parser\main.py - INFO - 跳过(已入库): 2020年四川省重点项目清单.xlsx
2026-08-28 14:10:49,482 - E:\STangWork\PythonProjects\skp_parser\main.py - INFO - 跳过(已入库): 云发改投资〔2020〕210号.pdf
2026-08-28 14:10:49,484 - E:\STangWork\PythonProjects\skp_parser\main.py - INFO - 跳过(已入库): 云发改投资〔2020〕212号.pdf
2026-08-28 14:10:49,485 - E:\STangWork\PythonProjects\skp_parser\main.py - INFO - 跳过(已入库): 2020年各省市重点项目清单汇总：51_63万亿.pdf
2026-08-28 14:10:49,487 - E:\STangWork\PythonProjects\skp_parser\main.py - INFO - 跳过(已入库): 北京市2021年重点工程计划.pdf
2026-08-28 14:10:49,488 - E:\STangWork\PythonProjects\skp_parser\main.py - INFO - 跳过(已入库): 北京市2021年重点工程计划.xlsx
2026-08-28 14:10:49,490 - E:\STangWork\PythonProjects\skp_parser\main.py - INFO - 跳过(已入库): 2021年上海市重大建设项目清单.xlsx
2026-08-28 14:10:49,491 - E:\STangWork\PythonProjects\skp_parser\main.py - INFO - 跳过(已入库): 天津市2021年重点储备项目清单.docx
2026-08-28 14:10:49,492 - E:\STangWork\PythonProjects\skp_parser\main.py - INFO - 跳过(已入库): 天津市2021年重点建设项目清单.docx
2026-08-28 14:10:49,494 - E:\STangWork\PythonProjects\skp_parser\main.py - INFO - 跳过(已入库): 广西壮族自治区重大项目建设推进领导小组办公室关于印发2021年第一批自治区层面统筹推进重大项目方案的通知.pdf
2026-08-28 14:10:49,502 - E:\STangWork\PythonProjects\skp_parser\main.py - INFO - 跳过(已入库): 附件1 2021年第一批自治区层面统筹推进重大项目（新开工）进度目标责任表(1).pdf
2026-08-28 14:10:49,526 - E:\STangWork\PythonProjects\skp_parser\main.py - INFO - 跳过(已入库): 附件2 2021年第一批自治区层面统筹推进重大项目（续建）进度目标责任表.pdf
2026-08-28 14:10:49,534 - E:\STangWork\PythonProjects\skp_parser\main.py - INFO - 跳过(已入库): 附件3 2021年第一批自治区层面统筹推进重大项目（竣工投产）进度目标责任表(1).pdf
2026-08-28 14:11:00,204 - E:\STangWork\PythonProjects\skp_parser\main.py - INFO - OK: 附件4 2021年第一批自治区层面统筹推进重大项目（预备）进度目标责任表.pdf (项目 434 条)
2026-08-28 14:11:00,505 - E:\STangWork\PythonProjects\skp_parser\parser\xlsx_parser.py - WARNING - E:\STangWork\STangFiles\各省重点项目：2020年起\2021年重点项目\05广西自治区2021年重点项目清单\1：2021年广西第一批（调整后）\附件2 2021年第一批自治区层面统筹推进重大项目（续建）进度目标责任表（调整后）.xlsx[Sheet1]: 前 20 行未找到表头,跳过
2026-08-28 14:11:02,990 - E:\STangWork\PythonProjects\skp_parser\main.py - INFO - OK: 附件2 2021年第一批自治区层面统筹推进重大项目（续建）进度目标责任表（调整后）.xlsx (项目 896 条)
2026-08-28 14:11:03,258 - E:\STangWork\PythonProjects\skp_parser\parser\xlsx_parser.py - WARNING - E:\STangWork\STangFiles\各省重点项目：2020年起\2021年重点项目\05广西自治区2021年重点项目清单\2：2021年广西第二批\附件2 2021年第二批自治区层面统筹推进重大项目（续建）进度目标责任表.xlsx[Sheet1]: 前 20 行未找到表头,跳过
2026-08-28 14:11:03,701 - E:\STangWork\PythonProjects\skp_parser\main.py - INFO - OK: 附件2 2021年第二批自治区层面统筹推进重大项目（续建）进度目标责任表.xlsx (项目 42 条)
2026-08-28 14:11:03,786 - E:\STangWork\PythonProjects\skp_parser\parser\xlsx_parser.py - WARNING - E:\STangWork\STangFiles\各省重点项目：2020年起\2021年重点项目\05广西自治区2021年重点项目清单\3：2021年广西第三批\附件2 2021年第三批自治区层面统筹推进重大项目（续建）进度目标责任表.xlsx[Sheet1]: 前 20 行未找到表头,跳过
2026-08-28 14:11:03,860 - E:\STangWork\PythonProjects\skp_parser\main.py - INFO - OK: 附件2 2021年第三批自治区层面统筹推进重大项目（续建）进度目标责任表.xlsx (项目 26 条)
2026-08-28 14:11:04,177 - E:\STangWork\PythonProjects\skp_parser\main.py - INFO - OK: 2.2021年第四批自治区层面统筹推进重大项目（续建）进度目标责任表.xlsx (项目 38 条)
2026-08-28 14:11:04,310 - E:\STangWork\PythonProjects\skp_parser\parser\xlsx_parser.py - WARNING - E:\STangWork\STangFiles\各省重点项目：2020年起\2021年重点项目\06内蒙古自治区2021年重点项目清单\内蒙古自治区2021年重点经济合作项目.xlsx[Sheet1]: 前 20 行未找到表头,跳过
2026-08-28 14:11:05,047 - E:\STangWork\PythonProjects\skp_parser\main.py - INFO - OK: 内蒙古自治区2021年重点经济合作项目.xlsx (项目 381 条)
2026-08-28 14:11:09,100 - E:\STangWork\PythonProjects\skp_parser\main.py - INFO - OK: 1.2021年自治区重点建设项目投资计划.pdf (项目 88 条)
2026-08-28 14:11:09,390 - E:\STangWork\PythonProjects\skp_parser\main.py - WARNING - 分类校验[1.2021年自治区重点建设项目投资计划.xlsx] 重大产业项目: 标题声明 50 项,解析 0 项
2026-08-28 14:11:09,390 - E:\STangWork\PythonProjects\skp_parser\main.py - WARNING - 分类校验[1.2021年自治区重点建设项目投资计划.xlsx] 重大产业项目-工业: 标题声明 43 项,解析 41 项
2026-08-28 14:11:09,390 - E:\STangWork\PythonProjects\skp_parser\main.py - WARNING - 分类校验[1.2021年自治区重点建设项目投资计划.xlsx] 重大产业项目-粤中宁夏同心县下马关镇200MW光伏治沙竞价项目 新建 装机20万千瓦。 2021 70000 70000 建成。 同心县粤中新能源有限公司、同心县人民政府: 标题声明 43 项,解析 0 项
2026-08-28 14:11:09,390 - E:\STangWork\PythonProjects\skp_parser\main.py - WARNING - 分类校验[1.2021年自治区重点建设项目投资计划.xlsx] 重大产业项目-中宁县中电新能源公司余丁乡金沙村150MW光伏项目 新建 装机15万千瓦。 2021 52500 52500 建成。 中宁县中电新能源有限公司、中宁县人民政府: 标题声明 43 项,解析 0 项
2026-08-28 14:11:09,390 - E:\STangWork\PythonProjects\skp_parser\main.py - WARNING - 分类校验[1.2021年自治区重点建设项目投资计划.xlsx] 重大产业项目-银川市兴庆区兵沟200MW竞价上网光伏发电项目 新建 装机20万千瓦。 2021 70000 70000 建成。 银川市京桥新能源有限公司、兴庆区人民政府: 标题声明 43 项,解析 0 项
2026-08-28 14:11:09,390 - E:\STangWork\PythonProjects\skp_parser\main.py - WARNING - 分类校验[1.2021年自治区重点建设项目投资计划.xlsx] 重大产业项目-宁夏京能临河200MW竞价上网光伏项目 新建 装机20万千瓦。 2021 70000 70000 建成。 银川京能清洁能源有限公司、兴庆区人民政府: 标题声明 43 项,解析 0 项
2026-08-28 14:11:09,390 - E:\STangWork\PythonProjects\skp_parser\main.py - WARNING - 分类校验[1.2021年自治区重点建设项目投资计划.xlsx] 重大产业项目-上海市机电设计研究院有限公司红寺堡区100MW光伏发电项目 新建 装机10万千瓦。 2021 35000 35000 建成。 宁夏上电新能源有限公司、红寺堡人民政府: 标题声明 43 项,解析 0 项
2026-08-28 14:11:09,390 - E:\STangWork\PythonProjects\skp_parser\main.py - WARNING - 分类校验[1.2021年自治区重点建设项目投资计划.xlsx] 重大产业项目-宁夏电力设计院海原甘盐池50MW光伏复合项目 新建 装机5万千瓦。 2021 17500 17500 建成。 宁夏原光新能源技术开发有限公司、海原县人民政府: 标题声明 43 项,解析 0 项
2026-08-28 14:11:09,391 - E:\STangWork\PythonProjects\skp_parser\main.py - WARNING - 分类校验[1.2021年自治区重点建设项目投资计划.xlsx] 重大产业项目-宁夏电力设计院海原双井50MW光伏复合项目 新建 装机5万千瓦。 2021 17500 17500 建成。 宁夏海光新能源技术开发有限公司、海原县人民政府: 标题声明 43 项,解析 0 项
2026-08-28 14:11:09,391 - E:\STangWork\PythonProjects\skp_parser\main.py - WARNING - 分类校验[1.2021年自治区重点建设项目投资计划.xlsx] 重大产业项目-腾晖光伏红寺堡区100MW光伏项目 新建 装机10万千瓦。 2021 35000 35000 建成。 宁夏中利春晖新能源有限公司、红寺堡区人民政府: 标题声明 43 项,解析 0 项
2026-08-28 14:11:09,391 - E:\STangWork\PythonProjects\skp_parser\main.py - WARNING - 分类校验[1.2021年自治区重点建设项目投资计划.xlsx] 重大产业项目-中船重工中宁县200MW光伏复合项目 新建 装机20万千瓦。 2021 70000 70000 建成。 中船重工海为（新疆）新能源有限公司、中宁县人民政府: 标题声明 43 项,解析 0 项
2026-08-28 14:11:09,391 - E:\STangWork\PythonProjects\skp_parser\main.py - WARNING - 分类校验[1.2021年自治区重点建设项目投资计划.xlsx] 重大产业项目-北京国电中兴灵武韩家沟100MW光伏发电项目 新建 装机10万千瓦。 2021 35000 35000 建成。 灵武市国电中心光伏发电有限公司、灵武市人民政府: 标题声明 43 项,解析 0 项
2026-08-28 14:11:09,391 - E:\STangWork\PythonProjects\skp_parser\main.py - WARNING - 分类校验[1.2021年自治区重点建设项目投资计划.xlsx] 重大产业项目-北京国电中兴盐池王乐井10万千瓦光伏发电项目 新建 装机10万千瓦。 2021 35000 35000 建成。 盐池县国电中心光伏发电有限公司、盐池县人民政府: 标题声明 43 项,解析 0 项
2026-08-28 14:11:09,391 - E:\STangWork\PythonProjects\skp_parser\main.py - WARNING - 分类校验[1.2021年自治区重点建设项目投资计划.xlsx] 重大产业项目-天合光能沙坡头区200MW光伏复合发电项目 新建 装机20万千瓦。 2021 70000 70000 建成。 中卫市合隽新能源有限公司、沙坡头区人民政府: 标题声明 43 项,解析 0 项
2026-08-28 14:11:09,391 - E:\STangWork\PythonProjects\skp_parser\main.py - WARNING - 分类校验[1.2021年自治区重点建设项目投资计划.xlsx] 重大产业项目-华润大武口长胜20MW光伏复合项目 新建 装机2万千瓦。 2021 7000 7000 建成。 华润新能源投资有限公司、大武口区人民政府: 标题声明 43 项,解析 0 项
2026-08-28 14:11:09,391 - E:\STangWork\PythonProjects\skp_parser\main.py - WARNING - 分类校验[1.2021年自治区重点建设项目投资计划.xlsx] 重大产业项目-宁夏国本能源灵武20MW光伏项目 新建 装机2万千瓦。 2021 7000 7000 建成。 宁夏国本能源有限公司、灵武市人民政府: 标题声明 43 项,解析 0 项
2026-08-28 14:11:09,391 - E:\STangWork\PythonProjects\skp_parser\main.py - WARNING - 分类校验[1.2021年自治区重点建设项目投资计划.xlsx] 重大产业项目-平罗县旭清新能源有限公司平罗高仁45MW光伏项目 新建 装机4.5万千瓦。 2021 15000 15000 建成。 平罗县旭清新能源有限公司、平罗县人民政府: 标题声明 43 项,解析 0 项
2026-08-28 14:11:09,391 - E:\STangWork\PythonProjects\skp_parser\main.py - WARNING - 分类校验[1.2021年自治区重点建设项目投资计划.xlsx] 重大产业项目-宁夏泽恺三道山风电项目 续建 装机15万千瓦。 2019-2021 90000 71499 18501 建成。 宁夏泽恺新能源有限公司、盐池县人民政府: 标题声明 43 项,解析 0 项
2026-08-28 14:11:09,391 - E:\STangWork\PythonProjects\skp_parser\main.py - WARNING - 分类校验[1.2021年自治区重点建设项目投资计划.xlsx] 重大产业项目-宁夏泽恺三道山风电项目 续建 装机15万千瓦。 2019-中核汇能同心兴隆风电项目 续建 装机10万千瓦。 2019-2021 60000 1200 58800 建成。 中核（宁夏）同心新能源有限公司、同心县人民政府: 标题声明 43 项,解析 0 项
2026-08-28 14:11:09,391 - E:\STangWork\PythonProjects\skp_parser\main.py - WARNING - 分类校验[1.2021年自治区重点建设项目投资计划.xlsx] 重大产业项目-宁夏泽恺三道山风电项目 续建 装机15万千瓦。 2019-中核汇能同心兴隆风电项目 续建 装机10万千瓦。 2019-三峡新能源利通区五里坡风电项目 新建 装机7万千瓦。 2021 51000 51000 建成。 三峡新能源吴忠发电有限公司、: 标题声明 43 项,解析 0 项
2026-08-28 14:11:09,391 - E:\STangWork\PythonProjects\skp_parser\main.py - WARNING - 分类校验[1.2021年自治区重点建设项目投资计划.xlsx] 重大基础设施项目: 标题声明 22 项,解析 0 项
2026-08-28 14:11:09,392 - E:\STangWork\PythonProjects\skp_parser\main.py - WARNING - 分类校验[1.2021年自治区重点建设项目投资计划.xlsx] 民生及社会事业项目: 标题声明 18 项,解析 0 项
2026-08-28 14:11:09,392 - E:\STangWork\PythonProjects\skp_parser\main.py - WARNING - 分类校验[1.2021年自治区重点建设项目投资计划.xlsx] 民生及社会事业项目-生态环保: 标题声明 8 项,解析 6 项
2026-08-28 14:11:09,392 - E:\STangWork\PythonProjects\skp_parser\main.py - WARNING - 分类校验[1.2021年自治区重点建设项目投资计划.xlsx] 民生及社会事业项目-星海湖补水水质量提升工程 续建 建设泵站2座，铺设输水管道11公里；北域潜流人工湿地有效净化面积20公顷，东域表流湿地生态修复5.8平方公里。 2020-2021 24800 10199 14601 建成。 石嘴山市人民政府: 标题声明 8 项,解析 0 项
2026-08-28 14:11:09,392 - E:\STangWork\PythonProjects\skp_parser\main.py - WARNING - 分类校验[1.2021年自治区重点建设项目投资计划.xlsx] 民生及社会事业项目-星海湖补水水质量提升工程 续建 建设泵站2座，铺设输水管道11公里；北域潜流人工湿地有效净化面积20公顷，东域表流湿地生态修复5.8平方公里。 2020-星海湖南域湿地生态修复工程 续建 实施植被修复1233亩，岛屿土壤改良5.8万立方: 标题声明 8 项,解析 0 项
2026-08-28 14:11:09,393 - E:\STangWork\PythonProjects\skp_parser\main.py - WARNING - 分类校验[1.2021年自治区重点建设项目投资计划.xlsx] 民生及社会事业项目-星海湖补水水质量提升工程 续建 建设泵站2座，铺设输水管道11公里；北域潜流人工湿地有效净化面积20公顷，东域表流湿地生态修复5.8平方公里。 2020-星海湖内循环工程 续建 建设泵站3座，铺设输水管道8.89公里，连通闸1座等。 2: 标题声明 8 项,解析 2 项
2026-08-28 14:11:10,516 - E:\STangWork\PythonProjects\skp_parser\main.py - INFO - OK: 1.2021年自治区重点建设项目投资计划.xlsx (项目 88 条)
2026-08-28 14:11:11,418 - E:\STangWork\PythonProjects\skp_parser\parser\pdf_parser.py - WARNING - E:\STangWork\STangFiles\各省重点项目：2020年起\2021年重点项目\07宁夏自治区2021年重点项目清单\2.2021年自治区重点预备开工项目投资计划.pdf: 表格提取仅 28 条(疑似单元格截断),改用列式提取
2026-08-28 14:11:12,228 - E:\STangWork\PythonProjects\skp_parser\parser\pdf_parser.py - WARNING - E:\STangWork\STangFiles\各省重点项目：2020年起\2021年重点项目\07宁夏自治区2021年重点项目清单\2.2021年自治区重点预备开工项目投资计划.pdf: 列式提取仅 28 条,改用文本兜底
2026-08-28 14:11:12,252 - E:\STangWork\PythonProjects\skp_parser\parser\pdf_parser.py - WARNING - E:\STangWork\STangFiles\各省重点项目：2020年起\2021年重点项目\07宁夏自治区2021年重点项目清单\2.2021年自治区重点预备开工项目投资计划.pdf: 文本流错乱(碎片行占 25/59),解析结果弃用
2026-08-28 14:11:12,253 - E:\STangWork\PythonProjects\skp_parser\main.py - WARNING - 分类校验[2.2021年自治区重点预备开工项目投资计划.pdf] 产业: 标题声明 18 项,解析 0 项
2026-08-28 14:11:12,253 - E:\STangWork\PythonProjects\skp_parser\main.py - WARNING - 分类校验[2.2021年自治区重点预备开工项目投资计划.pdf] 产业-宁夏永利新材料有限公司精细化工项目 新建 新型磷系阻燃剂、1000吨4,6二氯嘧啶、2000吨2-氯 2021-2023: 标题声明 18 项,解析 0 项
2026-08-28 14:11:12,253 - E:\STangWork\PythonProjects\skp_parser\main.py - WARNING - 分类校验[2.2021年自治区重点预备开工项目投资计划.pdf] 产业-宁夏永利新材料有限公司精细化工项目 新建 新型磷系阻燃剂、1000吨4,6二氯嘧啶、2000吨2-氯 2021-宁夏海利科技有限公司年产4000吨甲萘威 建设年产4000吨甲萘威、5000吨甲基硫菌灵等系列: 标题声明 18 项,解析 0 项
2026-08-28 14:11:12,253 - E:\STangWork\PythonProjects\skp_parser\main.py - WARNING - 分类校验[2.2021年自治区重点预备开工项目投资计划.pdf] 基础设施: 标题声明 10 项,解析 0 项
2026-08-28 14:11:12,253 - E:\STangWork\PythonProjects\skp_parser\main.py - WARNING - 分类校验[2.2021年自治区重点预备开工项目投资计划.pdf] 基础设施-宁夏钢铁集团中卫热电铁路专用线项目 新建 建设32.1公里铁路专用线。 2021-2023 银行贷款 107100 24100 完成路基、桥涵施工。 投资促进办公室、中卫市人民: 标题声明 10 项,解析 0 项
2026-08-28 14:11:12,253 - E:\STangWork\PythonProjects\skp_parser\main.py - WARNING - 分类校验[2.2021年自治区重点预备开工项目投资计划.pdf] 基础设施-宁夏钢铁集团中卫热电铁路专用线项目 新建 建设32.1公里铁路专用线。 2021-宁夏宝瑞隆石化有限公司铁路专用线项目 新建 建设2.7公里铁路专用线。 2021-2023 银行贷款 7645 5000 完成路基、桥涵施工。: 标题声明 10 项,解析 0 项
2026-08-28 14:11:12,253 - E:\STangWork\PythonProjects\skp_parser\main.py - WARNING - 分类校验[2.2021年自治区重点预备开工项目投资计划.pdf] 基础设施-宁夏钢铁集团中卫热电铁路专用线项目 新建 建设32.1公里铁路专用线。 2021-宁夏宝瑞隆石化有限公司铁路专用线项目 新建 建设2.7公里铁路专用线。 2021-宁夏华平科瑞能源化工有限公司铁路专用 70000 30000 宁夏华平科瑞能源化工: 标题声明 10 项,解析 0 项
2026-08-28 14:11:12,253 - E:\STangWork\PythonProjects\skp_parser\main.py - WARNING - 分类校验[2.2021年自治区重点预备开工项目投资计划.pdf] 基础设施-宁夏钢铁集团中卫热电铁路专用线项目 新建 建设32.1公里铁路专用线。 2021-宁夏宝瑞隆石化有限公司铁路专用线项目 新建 建设2.7公里铁路专用线。 2021-宁夏德昌铁路物流有限公司铁路专用线项 41200 21200 宁夏德昌铁路物流有限: 标题声明 10 项,解析 0 项
2026-08-28 14:11:12,253 - E:\STangWork\PythonProjects\skp_parser\main.py - WARNING - 分类校验[2.2021年自治区重点预备开工项目投资计划.pdf] 基础设施-宁夏钢铁集团中卫热电铁路专用线项目 新建 建设32.1公里铁路专用线。 2021-宁夏宝瑞隆石化有限公司铁路专用线项目 新建 建设2.7公里铁路专用线。 2021-灵武临港产业园铁路专用线 新建 建设45.3公里铁路专用线。 2021-2023: 标题声明 10 项,解析 0 项
2026-08-28 14:11:12,253 - E:\STangWork\PythonProjects\skp_parser\main.py - WARNING - 分类校验[2.2021年自治区重点预备开工项目投资计划.pdf] 民生社会事业: 标题声明 2 项,解析 0 项
2026-08-28 14:11:12,309 - E:\STangWork\PythonProjects\skp_parser\main.py - INFO - OK: 2.2021年自治区重点预备开工项目投资计划.pdf (项目 0 条)
2026-08-28 14:11:12,374 - E:\STangWork\PythonProjects\skp_parser\main.py - WARNING - 分类校验[2.2021年自治区重点预备开工项目投资计划.xlsx] 产业: 标题声明 18 项,解析 3 项
2026-08-28 14:11:12,374 - E:\STangWork\PythonProjects\skp_parser\main.py - WARNING - 分类校验[2.2021年自治区重点预备开工项目投资计划.xlsx] 产业-宁夏永利新材料有限公司精细化工项目 新建 建设年产6万吨三氯氧磷、2万吨五氯化磷、8.5万吨新型磷系阻燃剂、1000吨4,6二氯嘧啶、2000吨2-氯烟酸等生产线。 2021-2023 50000 27000 建设完成新型磷系阻燃剂、2-氯烟酸、4,: 标题声明 18 项,解析 14 项
2026-08-28 14:11:12,374 - E:\STangWork\PythonProjects\skp_parser\main.py - WARNING - 分类校验[2.2021年自治区重点预备开工项目投资计划.xlsx] 基础设施: 标题声明 10 项,解析 5 项
2026-08-28 14:11:12,374 - E:\STangWork\PythonProjects\skp_parser\main.py - WARNING - 分类校验[2.2021年自治区重点预备开工项目投资计划.xlsx] 基础设施-宁夏钢铁集团中卫热电铁路专用线项目 新建 建设32.1公里铁路专用线。 2021-2023 153000 70000 完成路基、桥涵施工。 宁夏钢铁集团、中卫市口岸和投资促进办公室、中卫市人民政府: 标题声明 10 项,解析 0 项
2026-08-28 14:11:12,374 - E:\STangWork\PythonProjects\skp_parser\main.py - WARNING - 分类校验[2.2021年自治区重点预备开工项目投资计划.xlsx] 基础设施-宁夏钢铁集团中卫热电铁路专用线项目 新建 建设32.1公里铁路专用线。 2021-宁夏宝瑞隆石化有限公司铁路专用线项目 新建 建设2.7公里铁路专用线。 2021-2023 12741 8000 完成路基、桥涵施工。 宁夏宝瑞隆石化有限公司、吴忠: 标题声明 10 项,解析 0 项
2026-08-28 14:11:12,374 - E:\STangWork\PythonProjects\skp_parser\main.py - WARNING - 分类校验[2.2021年自治区重点预备开工项目投资计划.xlsx] 基础设施-宁夏钢铁集团中卫热电铁路专用线项目 新建 建设32.1公里铁路专用线。 2021-宁夏宝瑞隆石化有限公司铁路专用线项目 新建 建设2.7公里铁路专用线。 2021-宁夏华平科瑞能源化工有限公司铁路专用线项目 新建 建设4.9公里铁路专用线。 20: 标题声明 10 项,解析 0 项
2026-08-28 14:11:12,374 - E:\STangWork\PythonProjects\skp_parser\main.py - WARNING - 分类校验[2.2021年自治区重点预备开工项目投资计划.xlsx] 基础设施-宁夏钢铁集团中卫热电铁路专用线项目 新建 建设32.1公里铁路专用线。 2021-宁夏宝瑞隆石化有限公司铁路专用线项目 新建 建设2.7公里铁路专用线。 2021-宁夏德昌铁路物流有限公司铁路专用线项目（二期） 新建 建设10.6公里铁路专用线。: 标题声明 10 项,解析 0 项
2026-08-28 14:11:12,374 - E:\STangWork\PythonProjects\skp_parser\main.py - WARNING - 分类校验[2.2021年自治区重点预备开工项目投资计划.xlsx] 基础设施-宁夏钢铁集团中卫热电铁路专用线项目 新建 建设32.1公里铁路专用线。 2021-宁夏宝瑞隆石化有限公司铁路专用线项目 新建 建设2.7公里铁路专用线。 2021-灵武临港产业园铁路专用线 新建 建设45.3公里铁路专用线。 2021-2023 : 标题声明 10 项,解析 4 项
2026-08-28 14:11:12,617 - E:\STangWork\PythonProjects\skp_parser\main.py - INFO - OK: 2.2021年自治区重点预备开工项目投资计划.xlsx (项目 28 条)
2026-08-28 14:11:13,337 - E:\STangWork\PythonProjects\skp_parser\parser\pdf_parser.py - WARNING - E:\STangWork\STangFiles\各省重点项目：2020年起\2021年重点项目\07宁夏自治区2021年重点项目清单\3.2021年自治区重点前期工作项目计划.pdf: 表格提取仅 40 条(疑似单元格截断),改用列式提取
2026-08-28 14:11:14,019 - E:\STangWork\PythonProjects\skp_parser\main.py - INFO - OK: 3.2021年自治区重点前期工作项目计划.pdf (项目 37 条)
2026-08-28 14:11:14,319 - E:\STangWork\PythonProjects\skp_parser\main.py - INFO - OK: 3.2021年自治区重点前期工作项目计划.xlsx (项目 40 条)
2026-08-28 14:12:50,367 - E:\STangWork\PythonProjects\skp_parser\main.py - INFO - OK: 安徽省2021年重点项目投资计划.pdf (项目 7638 条)
2026-08-28 14:13:59,536 - E:\STangWork\PythonProjects\skp_parser\main.py - INFO - OK: 安徽省2021年重点项目投资计划.xlsx (项目 15848 条)
2026-08-28 14:13:59,921 - E:\STangWork\PythonProjects\skp_parser\parser\pdf_parser.py - WARNING - E:\STangWork\STangFiles\各省重点项目：2020年起\2021年重点项目\10安徽省2021年重点项目清单\皖政〔2021〕18号.pdf: 列式提取仅 2 条,改用文本兜底
2026-08-28 14:14:00,629 - E:\STangWork\PythonProjects\skp_parser\main.py - INFO - OK: 皖政〔2021〕18号.pdf (项目 0 条)
2026-08-28 14:14:04,619 - E:\STangWork\PythonProjects\skp_parser\main.py - INFO - OK: 2021年度福建省重点项目名单(1620个).docx (项目 1619 条)
2026-08-28 14:14:13,716 - E:\STangWork\PythonProjects\skp_parser\main.py - INFO - OK: 2021年度福建省重点项目名单(1620个).pdf (项目 1384 条)
2026-08-28 14:14:14,319 - E:\STangWork\PythonProjects\skp_parser\parser\pdf_parser.py - WARNING - E:\STangWork\STangFiles\各省重点项目：2020年起\2021年重点项目\11福建省2021年重点项目清单\厦门市2021年重点项目名单.pdf: 列式提取仅 1 条,改用文本兜底
2026-08-28 14:14:14,322 - E:\STangWork\PythonProjects\skp_parser\parser\pdf_parser.py - WARNING - E:\STangWork\STangFiles\各省重点项目：2020年起\2021年重点项目\11福建省2021年重点项目清单\厦门市2021年重点项目名单.pdf: 文本流错乱(碎片行占 7/8),解析结果弃用
2026-08-28 14:14:14,786 - E:\STangWork\PythonProjects\skp_parser\main.py - INFO - OK: 厦门市2021年重点项目名单.pdf (项目 0 条)
2026-08-28 14:14:16,429 - E:\STangWork\PythonProjects\skp_parser\parser\pdf_parser.py - WARNING - E:\STangWork\STangFiles\各省重点项目：2020年起\2021年重点项目\12甘肃省2021年重点项目清单\2021年甘肃省重大项目名单.pdf: 列式提取仅 5 条,改用文本兜底
2026-08-28 14:14:16,605 - E:\STangWork\PythonProjects\skp_parser\main.py - INFO - OK: 2021年甘肃省重大项目名单.pdf (项目 203 条)
2026-08-28 14:15:12,538 - E:\STangWork\PythonProjects\skp_parser\main.py - INFO - OK: 广东省2021年重点项目计划表.pdf (项目 2103 条)
2026-08-28 14:15:26,788 - E:\STangWork\PythonProjects\skp_parser\main.py - INFO - OK: 广东省2021年重点项目计划表.xlsx (项目 4648 条)
2026-08-28 14:15:27,790 - E:\STangWork\PythonProjects\skp_parser\main.py - INFO - OK: 附件1：中山市2021年市重点建设项目计划表.xlsx (项目 224 条)
2026-08-28 14:15:35,904 - E:\STangWork\PythonProjects\skp_parser\main.py - WARNING - 分类校验[附件1：广州市2021年重点建设项目计划.pdf] 基础设施: 标题声明 231 项,解析 30 项
2026-08-28 14:15:35,904 - E:\STangWork\PythonProjects\skp_parser\main.py - WARNING - 分类校验[附件1：广州市2021年重点建设项目计划.pdf] 基础设施-电网: 标题声明 5 项,解析 10 项
2026-08-28 14:15:35,904 - E:\STangWork\PythonProjects\skp_parser\main.py - WARNING - 分类校验[附件1：广州市2021年重点建设项目计划.pdf] 基础设施-综合管廊: 标题声明 4 项,解析 19 项
2026-08-28 14:15:35,904 - E:\STangWork\PythonProjects\skp_parser\main.py - WARNING - 分类校验[附件1：广州市2021年重点建设项目计划.pdf] 基础设施-水利防灾减灾: 标题声明 11 项,解析 10 项
2026-08-28 14:15:35,904 - E:\STangWork\PythonProjects\skp_parser\main.py - WARNING - 分类校验[附件1：广州市2021年重点建设项目计划.pdf] 产业建设: 标题声明 262 项,解析 0 项
2026-08-28 14:15:35,904 - E:\STangWork\PythonProjects\skp_parser\main.py - WARNING - 分类校验[附件1：广州市2021年重点建设项目计划.pdf] 产业建设-总部经济: 标题声明 44 项,解析 54 项
2026-08-28 14:15:36,449 - E:\STangWork\PythonProjects\skp_parser\main.py - INFO - OK: 附件1：广州市2021年重点建设项目计划.pdf (项目 665 条)
2026-08-28 14:15:37,923 - E:\STangWork\PythonProjects\skp_parser\main.py - INFO - OK: 附件2：中山市2021年市重点前期预备项目计划表.xlsx (项目 151 条)
2026-08-28 14:15:38,940 - E:\STangWork\PythonProjects\skp_parser\main.py - INFO - OK: 附件2：广州市2021年重点建设预备项目计划.pdf (项目 111 条)
2026-08-28 14:15:56,651 - E:\STangWork\PythonProjects\skp_parser\parser\pdf_parser.py - WARNING - E:\STangWork\STangFiles\各省重点项目：2020年起\2021年重点项目\14贵州省2021年重点项目清单\2021年贵州省重大工程和重点项目名单.pdf: 列式提取仅 1 条,改用文本兜底
2026-08-28 14:16:03,249 - E:\STangWork\PythonProjects\skp_parser\main.py - INFO - OK: 2021年贵州省重大工程和重点项目名单.pdf (项目 4068 条)
2026-08-28 14:16:03,989 - E:\STangWork\PythonProjects\skp_parser\main.py - INFO - OK: 2.海南省2021年重点（重大）预备项目投资计划表.xlsx (项目 50 条)
2026-08-28 14:16:07,570 - E:\STangWork\PythonProjects\skp_parser\main.py - INFO - OK: 河北2021重点项目名单.pdf (项目 526 条)
2026-08-28 14:16:08,271 - E:\STangWork\PythonProjects\skp_parser\parser\pdf_parser.py - WARNING - E:\STangWork\STangFiles\各省重点项目：2020年起\2021年重点项目\17河南省2021年重点项目清单\2021年河南省重点建设项目名单.pdf: 未提取到任何文本,疑似扫描件(需 OCR 支持)
2026-08-28 14:16:08,329 - E:\STangWork\PythonProjects\skp_parser\main.py - INFO - OK: 2021年河南省重点建设项目名单.pdf (项目 0 条)
2026-08-28 14:16:34,719 - E:\STangWork\PythonProjects\skp_parser\main.py - INFO - OK: 郑州市人民政府关于下达2021年度郑州市重点建设项目的通知.pdf (项目 452 条)
2026-08-28 14:16:38,067 - E:\STangWork\PythonProjects\skp_parser\main.py - INFO - OK: 2021年交通固定资产投资计划（第一批）.pdf (项目 403 条)
2026-08-28 14:16:40,038 - E:\STangWork\PythonProjects\skp_parser\parser\pdf_parser.py - WARNING - E:\STangWork\STangFiles\各省重点项目：2020年起\2021年重点项目\2021年各省市重点项目清单汇总.pdf: 列式提取仅 27 条,改用文本兜底
2026-08-28 14:16:40,058 - E:\STangWork\PythonProjects\skp_parser\parser\pdf_parser.py - WARNING - E:\STangWork\STangFiles\各省重点项目：2020年起\2021年重点项目\2021年各省市重点项目清单汇总.pdf: 文本流错乱(碎片行占 18/47),解析结果弃用
2026-08-28 14:16:40,113 - E:\STangWork\PythonProjects\skp_parser\main.py - INFO - OK: 2021年各省市重点项目清单汇总.pdf (项目 0 条)
2026-08-28 14:16:40,447 - E:\STangWork\PythonProjects\skp_parser\main.py - INFO - OK: 2021年各省市重点项目清单汇总（截止3月12日，持续更新中）.docx (项目 0 条)
2026-08-28 14:16:42,797 - E:\STangWork\PythonProjects\skp_parser\main.py - INFO - OK: 2021年各省市重点项目清单汇总（截止3月12日，持续更新中）.pdf (项目 28 条)
2026-08-28 14:16:45,740 - E:\STangWork\PythonProjects\skp_parser\main.py - INFO - OK: 2021年各省市重点项目清单汇总（截止3月12日，持续更新中）_加密.pdf (项目 28 条)
2026-08-28 14:16:48,633 - E:\STangWork\PythonProjects\skp_parser\main.py - INFO - OK: 2021年各省市重点项目清单汇总（截止4月1日，持续更新中）.pdf (项目 40 条)
2026-08-28 14:16:51,561 - E:\STangWork\PythonProjects\skp_parser\main.py - INFO - OK: 2021年各省市重点项目清单汇总（截止4月1日，持续更新中）_加密.pdf (项目 40 条)
2026-08-28 14:16:51,669 - E:\STangWork\PythonProjects\skp_parser\main.py - INFO - OK: 2021年各省市重点项目清单汇总（截止4月24日，持续更新中）.docx (项目 0 条)
2026-08-28 14:16:51,819 - E:\STangWork\PythonProjects\skp_parser\main.py - INFO - OK: 2021年各省市重点项目清单汇总（截止4月4日，持续更新中）.docx (项目 0 条)
2026-08-28 14:16:54,870 - E:\STangWork\PythonProjects\skp_parser\main.py - INFO - OK: 2021年各省市重点项目清单汇总（截止4月4日，持续更新中）.pdf (项目 59 条)
2026-08-28 14:16:55,165 - E:\STangWork\PythonProjects\skp_parser\main.py - INFO - OK: 2021年各省市重点项目清单汇总（截止6月10日，持续更新中）.docx (项目 0 条)
2026-08-28 14:16:56,548 - E:\STangWork\PythonProjects\skp_parser\parser\pdf_parser.py - WARNING - E:\STangWork\STangFiles\各省重点项目：2020年起\2021年重点项目\2021年各省市重点项目清单汇总（截止6月10日，持续更新中）.pdf: 列式提取仅 23 条,改用文本兜底
2026-08-28 14:16:56,704 - E:\STangWork\PythonProjects\skp_parser\main.py - INFO - OK: 2021年各省市重点项目清单汇总（截止6月10日，持续更新中）.pdf (项目 48 条)
2026-08-28 14:16:58,734 - E:\STangWork\PythonProjects\skp_parser\parser\pdf_parser.py - WARNING - E:\STangWork\STangFiles\各省重点项目：2020年起\2021年重点项目\2021年各省市重点项目清单汇总（截止7月28日，持续更新中）.pdf: 列式提取仅 27 条,改用文本兜底
2026-08-28 14:16:58,755 - E:\STangWork\PythonProjects\skp_parser\parser\pdf_parser.py - WARNING - E:\STangWork\STangFiles\各省重点项目：2020年起\2021年重点项目\2021年各省市重点项目清单汇总（截止7月28日，持续更新中）.pdf: 文本流错乱(碎片行占 18/47),解析结果弃用
2026-08-28 14:16:58,788 - E:\STangWork\PythonProjects\skp_parser\main.py - INFO - OK: 2021年各省市重点项目清单汇总（截止7月28日，持续更新中）.pdf (项目 0 条)
2026-08-28 14:17:00,958 - E:\STangWork\PythonProjects\skp_parser\parser\pdf_parser.py - WARNING - E:\STangWork\STangFiles\各省重点项目：2020年起\2021年重点项目\2021年各省市重点项目清单汇总：59.81亿元.pdf: 列式提取仅 27 条,改用文本兜底
2026-08-28 14:17:00,981 - E:\STangWork\PythonProjects\skp_parser\parser\pdf_parser.py - WARNING - E:\STangWork\STangFiles\各省重点项目：2020年起\2021年重点项目\2021年各省市重点项目清单汇总：59.81亿元.pdf: 文本流错乱(碎片行占 20/48),解析结果弃用
2026-08-28 14:17:01,039 - E:\STangWork\PythonProjects\skp_parser\main.py - INFO - OK: 2021年各省市重点项目清单汇总：59.81亿元.pdf (项目 0 条)
2026-08-28 14:17:02,867 - E:\STangWork\PythonProjects\skp_parser\main.py - INFO - OK: 湖南2021重点项目清单.docx (项目 321 条)
2026-08-28 14:17:12,681 - E:\STangWork\PythonProjects\skp_parser\main.py - INFO - OK: 湖南2021重点项目清单.pdf (项目 301 条)
2026-08-28 14:17:14,584 - E:\STangWork\PythonProjects\skp_parser\main.py - INFO - OK: 2021年江苏省重大项目名单（官方版）.pdf (项目 257 条)
2026-08-28 14:17:16,393 - E:\STangWork\PythonProjects\skp_parser\parser\pdf_parser.py - WARNING - E:\STangWork\STangFiles\各省重点项目：2020年起\2021年重点项目\22江苏省2021年重点项目清单\2021年江苏省重大项目清单.pdf: 列式提取仅 13 条,改用文本兜底
2026-08-28 14:17:16,692 - E:\STangWork\PythonProjects\skp_parser\main.py - INFO - OK: 2021年江苏省重大项目清单.pdf (项目 214 条)
2026-08-28 14:17:17,952 - E:\STangWork\PythonProjects\skp_parser\main.py - INFO - OK: 南京市2021年经济社会发展重大项目计划.docx (项目 404 条)
2026-08-28 14:17:18,480 - E:\STangWork\PythonProjects\skp_parser\parser\pdf_parser.py - WARNING - E:\STangWork\STangFiles\各省重点项目：2020年起\2021年重点项目\23江西省2021年重点项目清单\2021年江西第二批省重点项目建设计划.pdf: 列式提取仅 7 条,改用文本兜底
2026-08-28 14:17:18,489 - E:\STangWork\PythonProjects\skp_parser\main.py - WARNING - 分类校验[2021年江西第二批省重点项目建设计划.pdf] 基础设施项目: 标题声明 24 项,解析 7 项
2026-08-28 14:17:18,489 - E:\STangWork\PythonProjects\skp_parser\main.py - WARNING - 分类校验[2021年江西第二批省重点项目建设计划.pdf] 基础设施项目-九江港星子港区沙山作业区综合码头一期工程: 标题声明 24 项,解析 0 项
2026-08-28 14:17:18,489 - E:\STangWork\PythonProjects\skp_parser\main.py - WARNING - 分类校验[2021年江西第二批省重点项目建设计划.pdf] 基础设施项目-九江港彭泽港区矶山作业区泽诚公用码头工程: 标题声明 24 项,解析 0 项
2026-08-28 14:17:18,489 - E:\STangWork\PythonProjects\skp_parser\main.py - WARNING - 分类校验[2021年江西第二批省重点项目建设计划.pdf] 基础设施项目-九江港城西港区九江市城区饮用水源保护搬迁还建安信物流公: 标题声明 24 项,解析 0 项
2026-08-28 14:17:18,489 - E:\STangWork\PythonProjects\skp_parser\main.py - WARNING - 分类校验[2021年江西第二批省重点项目建设计划.pdf] 基础设施项目-吉安港中心城区港区吉州砂石码头工程: 标题声明 24 项,解析 16 项
2026-08-28 14:17:18,699 - E:\STangWork\PythonProjects\skp_parser\main.py - INFO - OK: 2021年江西第二批省重点项目建设计划.pdf (项目 70 条)
2026-08-28 14:17:21,478 - E:\STangWork\PythonProjects\skp_parser\main.py - INFO - OK: 附件：2021年江西第一批省重点项目计划名单.pdf (项目 449 条)
2026-08-28 14:17:25,787 - E:\STangWork\PythonProjects\skp_parser\main.py - INFO - OK: 2021年山东省重大项目名单.pdf (项目 481 条)
2026-08-28 14:17:28,079 - E:\STangWork\PythonProjects\skp_parser\main.py - INFO - OK: 济南市2021重点项目名单.pdf (项目 400 条)
2026-08-28 14:17:31,319 - E:\STangWork\PythonProjects\skp_parser\main.py - INFO - OK: 青岛市2021年重点建设项目名单.pdf (项目 300 条)
2026-08-28 14:17:31,527 - E:\STangWork\PythonProjects\skp_parser\parser\pdf_parser.py - WARNING - E:\STangWork\STangFiles\各省重点项目：2020年起\2021年重点项目\27山西省2021年重点项目清单\2021年山西省新开工重大基础设施项目名单.pdf: 表格提取仅 35 条(疑似单元格截断),改用列式提取
2026-08-28 14:17:31,650 - E:\STangWork\PythonProjects\skp_parser\main.py - WARNING - 分类校验[2021年山西省新开工重大基础设施项目名单.pdf] 交通: 标题声明 17 项,解析 0 项
2026-08-28 14:17:31,650 - E:\STangWork\PythonProjects\skp_parser\main.py - WARNING - 分类校验[2021年山西省新开工重大基础设施项目名单.pdf] 市政: 标题声明 5 项,解析 0 项
2026-08-28 14:17:31,650 - E:\STangWork\PythonProjects\skp_parser\main.py - WARNING - 分类校验[2021年山西省新开工重大基础设施项目名单.pdf] 水利: 标题声明 3 项,解析 0 项
2026-08-28 14:17:31,651 - E:\STangWork\PythonProjects\skp_parser\main.py - WARNING - 分类校验[2021年山西省新开工重大基础设施项目名单.pdf] 社会民生: 标题声明 6 项,解析 0 项
2026-08-28 14:17:31,651 - E:\STangWork\PythonProjects\skp_parser\main.py - WARNING - 分类校验[2021年山西省新开工重大基础设施项目名单.pdf] 物流基础设施: 标题声明 1 项,解析 0 项
2026-08-28 14:17:31,651 - E:\STangWork\PythonProjects\skp_parser\main.py - WARNING - 分类校验[2021年山西省新开工重大基础设施项目名单.pdf] 新型基础设施: 标题声明 3 项,解析 35 项
2026-08-28 14:17:31,736 - E:\STangWork\PythonProjects\skp_parser\main.py - INFO - OK: 2021年山西省新开工重大基础设施项目名单.pdf (项目 35 条)
2026-08-28 14:17:33,123 - E:\STangWork\PythonProjects\skp_parser\main.py - WARNING - 分类校验[2021年山西省级重点工程（第一批）项目名单.pdf] 新基建领域: 标题声明 33 项,解析 0 项
2026-08-28 14:17:33,123 - E:\STangWork\PythonProjects\skp_parser\main.py - WARNING - 分类校验[2021年山西省级重点工程（第一批）项目名单.pdf] 新技术领域: 标题声明 44 项,解析 0 项
2026-08-28 14:17:33,123 - E:\STangWork\PythonProjects\skp_parser\main.py - WARNING - 分类校验[2021年山西省级重点工程（第一批）项目名单.pdf] 新材料领域: 标题声明 71 项,解析 0 项
2026-08-28 14:17:33,123 - E:\STangWork\PythonProjects\skp_parser\main.py - WARNING - 分类校验[2021年山西省级重点工程（第一批）项目名单.pdf] 新装备领域: 标题声明 60 项,解析 0 项
2026-08-28 14:17:33,123 - E:\STangWork\PythonProjects\skp_parser\main.py - WARNING - 分类校验[2021年山西省级重点工程（第一批）项目名单.pdf] 新产品领域: 标题声明 60 项,解析 0 项
2026-08-28 14:17:33,123 - E:\STangWork\PythonProjects\skp_parser\main.py - WARNING - 分类校验[2021年山西省级重点工程（第一批）项目名单.pdf] 新业态领域: 标题声明 73 项,解析 0 项
2026-08-28 14:17:33,123 - E:\STangWork\PythonProjects\skp_parser\main.py - WARNING - 分类校验[2021年山西省级重点工程（第一批）项目名单.pdf] 新型城镇化领域: 标题声明 73 项,解析 0 项
2026-08-28 14:17:33,123 - E:\STangWork\PythonProjects\skp_parser\main.py - WARNING - 分类校验[2021年山西省级重点工程（第一批）项目名单.pdf] 重大传统基础设施领域: 标题声明 76 项,解析 0 项
2026-08-28 14:17:33,124 - E:\STangWork\PythonProjects\skp_parser\main.py - WARNING - 分类校验[2021年山西省级重点工程（第一批）项目名单.pdf] 其他产业领域: 标题声明 22 项,解析 0 项
2026-08-28 14:17:34,675 - E:\STangWork\PythonProjects\skp_parser\main.py - INFO - OK: 2021年山西省级重点工程（第一批）项目名单.pdf (项目 512 条)
2026-08-28 14:17:35,067 - E:\STangWork\PythonProjects\skp_parser\parser\pdf_parser.py - WARNING - E:\STangWork\STangFiles\各省重点项目：2020年起\2021年重点项目\27山西省2021年重点项目清单\山西省人民政府办公厅关于印发2021年省级重点工程(第一批)和新开工重大基础设施项目名单的通知.pdf: 列式提取仅 2 条,改用文本兜底
2026-08-28 14:17:35,069 - E:\STangWork\PythonProjects\skp_parser\parser\pdf_parser.py - WARNING - E:\STangWork\STangFiles\各省重点项目：2020年起\2021年重点项目\27山西省2021年重点项目清单\山西省人民政府办公厅关于印发2021年省级重点工程(第一批)和新开工重大基础设施项目名单的通知.pdf: 文本流错乱(碎片行占 5/5),解析结果弃用
2026-08-28 14:17:36,033 - E:\STangWork\PythonProjects\skp_parser\main.py - INFO - OK: 山西省人民政府办公厅关于印发2021年省级重点工程(第一批)和新开工重大基础设施项目名单的通知.pdf (项目 0 条)
2026-08-28 14:17:36,262 - E:\STangWork\PythonProjects\skp_parser\main.py - INFO - OK: 陕西省 2021 年重点建设项目计划 - 副本.docx (项目 4 条)
2026-08-28 14:17:38,605 - E:\STangWork\PythonProjects\skp_parser\parser\pdf_parser.py - WARNING - E:\STangWork\STangFiles\各省重点项目：2020年起\2021年重点项目\28陕西省2021年重点项目清单\陕西省 2021 年重点建设项目计划.pdf: 列式提取仅 13 条,改用文本兜底
2026-08-28 14:17:39,106 - E:\STangWork\PythonProjects\skp_parser\main.py - INFO - OK: 陕西省 2021 年重点建设项目计划.pdf (项目 511 条)
2026-08-28 14:17:41,574 - E:\STangWork\PythonProjects\skp_parser\parser\pdf_parser.py - WARNING - E:\STangWork\STangFiles\各省重点项目：2020年起\2021年重点项目\28陕西省2021年重点项目清单\陕西省 2021 年重点建设项目计划（修正后） - 副本.pdf: 列式提取仅 15 条,改用文本兜底
2026-08-28 14:17:42,128 - E:\STangWork\PythonProjects\skp_parser\main.py - INFO - OK: 陕西省 2021 年重点建设项目计划（修正后） - 副本.pdf (项目 511 条)
2026-08-28 14:17:44,653 - E:\STangWork\PythonProjects\skp_parser\parser\pdf_parser.py - WARNING - E:\STangWork\STangFiles\各省重点项目：2020年起\2021年重点项目\28陕西省2021年重点项目清单\陕西省 2021 年重点建设项目计划（修正后）.pdf: 列式提取仅 15 条,改用文本兜底
2026-08-28 14:17:44,968 - E:\STangWork\PythonProjects\skp_parser\main.py - INFO - OK: 陕西省 2021 年重点建设项目计划（修正后）.pdf (项目 511 条)
2026-08-28 14:17:47,198 - E:\STangWork\PythonProjects\skp_parser\parser\pdf_parser.py - WARNING - E:\STangWork\STangFiles\各省重点项目：2020年起\2021年重点项目\31浙江省2021年重点项目清单\2021年杭州市\2021年杭州市重点实施项目名单.pdf: 列式提取仅 5 条,改用文本兜底
2026-08-28 14:17:47,698 - E:\STangWork\PythonProjects\skp_parser\main.py - INFO - OK: 2021年杭州市重点实施项目名单.pdf (项目 481 条)
2026-08-28 14:17:49,299 - E:\STangWork\PythonProjects\skp_parser\main.py - INFO - OK: 附件1．2021年省重点建设项目增补名单.docx (项目 141 条)
2026-08-28 14:17:50,097 - E:\STangWork\PythonProjects\skp_parser\main.py - INFO - OK: 附件2．2021年省重点建设预安排项目增补名单.docx (项目 38 条)
2026-08-28 14:17:50,323 - E:\STangWork\PythonProjects\skp_parser\main.py - INFO - OK: 附件3．2021年省重点建设项目退库名单.docx (项目 6 条)
2026-08-28 14:17:50,432 - E:\STangWork\PythonProjects\skp_parser\main.py - INFO - OK: 附件4．浙江500千伏及以下输变电工程相关子项目件.docx (项目 9 条)
2026-08-28 14:18:13,450 - E:\STangWork\PythonProjects\skp_parser\main.py - INFO - OK: 附件：1．2021年省重点建设项目形象进度计划.pdf (项目 618 条)
2026-08-28 14:18:21,069 - E:\STangWork\PythonProjects\skp_parser\main.py - INFO - OK: 附件：1．2021年省重点建设项目形象进度计划.xlsx (项目 1236 条)
2026-08-28 14:18:21,545 - E:\STangWork\PythonProjects\skp_parser\parser\pdf_parser.py - WARNING - E:\STangWork\STangFiles\各省重点项目：2020年起\2021年重点项目\31浙江省2021年重点项目清单\附件：2．2021年省重点建设预安排项目计划.pdf: 列式提取仅 1 条,改用文本兜底
2026-08-28 14:18:21,682 - E:\STangWork\PythonProjects\skp_parser\main.py - INFO - OK: 附件：2．2021年省重点建设预安排项目计划.pdf (项目 81 条)
2026-08-28 14:18:21,806 - E:\STangWork\PythonProjects\skp_parser\main.py - WARNING - 分类校验[2022年北京市“3个100”重点工程（清单）.xlsx] 基础设施: 标题声明 11 项,解析 0 项
2026-08-28 14:18:21,806 - E:\STangWork\PythonProjects\skp_parser\main.py - WARNING - 分类校验[2022年北京市“3个100”重点工程（清单）.xlsx] 民生改善项目: 标题声明 6 项,解析 0 项
2026-08-28 14:18:24,672 - E:\STangWork\PythonProjects\skp_parser\main.py - INFO - OK: 2022年北京市“3个100”重点工程（清单）.xlsx (项目 300 条)
2026-08-28 14:18:25,935 - E:\STangWork\PythonProjects\skp_parser\main.py - INFO - OK: 附件：延庆区2022年重点工程计划.pdf (项目 60 条)
2026-08-28 14:18:41,712 - E:\STangWork\PythonProjects\skp_parser\main.py - INFO - OK: 2022年度青浦区重大项目建设计划表.xlsx (项目 171 条)
2026-08-28 14:18:43,312 - E:\STangWork\PythonProjects\skp_parser\main.py - INFO - OK: 1.天津市2022年重点建设项目清单.docx (项目 452 条)
2026-08-28 14:18:43,626 - E:\STangWork\PythonProjects\skp_parser\main.py - INFO - OK: 2.天津市2022年重点储备项目清单.docx (项目 224 条)
2026-08-28 14:18:43,684 - E:\STangWork\PythonProjects\skp_parser\main.py - WARNING - 通知信息解析失败 天津市蓟州区人民政府办公室关于印发蓟州区2022年重点项目安排计划的通知 .docx.docx: No /Root object! - Is this really a PDF?
2026-08-28 14:18:43,852 - E:\STangWork\PythonProjects\skp_parser\main.py - INFO - OK: 天津市蓟州区人民政府办公室关于印发蓟州区2022年重点项目安排计划的通知 .docx.docx (项目 5 条)
2026-08-28 14:18:44,098 - E:\STangWork\PythonProjects\skp_parser\parser\pdf_parser.py - WARNING - E:\STangWork\STangFiles\各省重点项目：2020年起\2022年重点项目\03天津市2022年重点项目清单\西青区2022年\西青区推出2022年重点项目 总投资2919亿元.pdf: 文本流错乱(碎片行占 1/2),解析结果弃用
2026-08-28 14:18:44,615 - E:\STangWork\PythonProjects\skp_parser\main.py - INFO - OK: 西青区推出2022年重点项目 总投资2919亿元.pdf (项目 0 条)
2026-08-28 14:18:48,734 - E:\STangWork\PythonProjects\skp_parser\main.py - WARNING - 通知信息解析失败 重庆市开州区人民政府办公室关于下达开州区2022—2026年重点建设项目五年滚动规划和2022年第一批重点建设项目计划的通知附件.xlsx: No /Root object! - Is this really a PDF?
2026-08-28 14:18:49,914 - E:\STangWork\PythonProjects\skp_parser\main.py - INFO - OK: 重庆市开州区人民政府办公室关于下达开州区2022—2026年重点建设项目五年滚动规划和2022年第一批重点建设项目计划的通知附件.xlsx (项目 745 条)
2026-08-28 14:18:50,306 - E:\STangWork\PythonProjects\skp_parser\main.py - WARNING - 通知信息解析失败 重庆市永川区人民政府办公室关于做好2022年区级重点项目有关工作的通知.docx: No /Root object! - Is this really a PDF?
2026-08-28 14:18:52,897 - E:\STangWork\PythonProjects\skp_parser\main.py - INFO - OK: 重庆市永川区人民政府办公室关于做好2022年区级重点项目有关工作的通知.docx (项目 285 条)
2026-08-28 14:18:52,949 - E:\STangWork\PythonProjects\skp_parser\parser\xlsx_parser.py - WARNING - E:\STangWork\STangFiles\各省重点项目：2020年起\2022年重点项目\04重庆市2022年重点项目清单\江北区2022年\附件3：2022年区级政府投资重点前期项目.xlsx[Sheet2]: 前 20 行未找到表头,跳过
2026-08-28 14:18:53,211 - E:\STangWork\PythonProjects\skp_parser\main.py - INFO - OK: 附件3：2022年区级政府投资重点前期项目.xlsx (项目 76 条)
2026-08-28 14:18:53,383 - E:\STangWork\PythonProjects\skp_parser\parser\xlsx_parser.py - WARNING - E:\STangWork\STangFiles\各省重点项目：2020年起\2022年重点项目\04重庆市2022年重点项目清单\江北区2022年\附件4：2022年区级政府投资一般项目.xlsx[Sheet2]: 前 20 行未找到表头,跳过
2026-08-28 14:18:53,912 - E:\STangWork\PythonProjects\skp_parser\main.py - INFO - OK: 附件4：2022年区级政府投资一般项目.xlsx (项目 197 条)
2026-08-28 14:18:56,046 - E:\STangWork\PythonProjects\skp_parser\main.py - INFO - OK: 沙坪坝区2022年重点项目名单.pdf (项目 110 条)
2026-08-28 14:18:56,397 - E:\STangWork\PythonProjects\skp_parser\main.py - INFO - OK: 附件1 2022年第一批自治区层面统筹推进重大项目汇总表.xlsx.xlsx (项目 0 条)
2026-08-28 14:18:57,943 - E:\STangWork\PythonProjects\skp_parser\main.py - INFO - OK: 附件2 2022年第一批自治区层面统筹推进重大项目（新开工）进度目标责任表.xlsx.xlsx (项目 190 条)
2026-08-28 14:19:03,576 - E:\STangWork\PythonProjects\skp_parser\main.py - INFO - OK: 附件3 2022年第一批自治区层面统筹推进重大项目（续建）进度目标责任表.xlsx.xlsx (项目 1065 条)
2026-08-28 14:19:04,214 - E:\STangWork\PythonProjects\skp_parser\main.py - INFO - OK: 附件4 2022年第一批自治区层面统筹推进重大项目（竣工投产）进度目标责任表.xlsx.xlsx (项目 217 条)
2026-08-28 14:19:04,276 - E:\STangWork\PythonProjects\skp_parser\main.py - WARNING - 通知信息解析失败 柳发改重大〔2022〕9号附件1：2022年第一批自治区层面统筹推进重大项目（新开工）进度目标责任表.xlsx.xlsx: No /Root object! - Is this really a PDF?
2026-08-28 14:19:04,440 - E:\STangWork\PythonProjects\skp_parser\main.py - INFO - OK: 柳发改重大〔2022〕9号附件1：2022年第一批自治区层面统筹推进重大项目（新开工）进度目标责任表.xlsx.xlsx (项目 7 条)
2026-08-28 14:19:04,518 - E:\STangWork\PythonProjects\skp_parser\main.py - WARNING - 通知信息解析失败 柳发改重大〔2022〕9号附件2：2022年第一批自治区层面统筹推进重大项目（续建）进度目标责任表.xlsx.xlsx: No /Root object! - Is this really a PDF?
2026-08-28 14:19:04,657 - E:\STangWork\PythonProjects\skp_parser\main.py - INFO - OK: 柳发改重大〔2022〕9号附件2：2022年第一批自治区层面统筹推进重大项目（续建）进度目标责任表.xlsx.xlsx (项目 57 条)
2026-08-28 14:19:04,801 - E:\STangWork\PythonProjects\skp_parser\main.py - WARNING - 通知信息解析失败 柳发改重大〔2022〕9号附件3：2022年第一批自治区层面统筹推进重大项目（竣工投产）进度目标责任表.xlsx: No /Root object! - Is this really a PDF?
2026-08-28 14:19:05,200 - E:\STangWork\PythonProjects\skp_parser\main.py - INFO - OK: 柳发改重大〔2022〕9号附件3：2022年第一批自治区层面统筹推进重大项目（竣工投产）进度目标责任表.xlsx (项目 31 条)
2026-08-28 14:19:05,510 - E:\STangWork\PythonProjects\skp_parser\main.py - WARNING - 通知信息解析失败 市政办〔2022〕7号附件1.xlsx: No /Root object! - Is this really a PDF?
2026-08-28 14:19:06,858 - E:\STangWork\PythonProjects\skp_parser\main.py - INFO - OK: 市政办〔2022〕7号附件1.xlsx (项目 269 条)
2026-08-28 14:19:07,020 - E:\STangWork\PythonProjects\skp_parser\main.py - WARNING - 通知信息解析失败 市政办〔2022〕7号附件2.xlsx: No /Root object! - Is this really a PDF?
2026-08-28 14:19:07,674 - E:\STangWork\PythonProjects\skp_parser\main.py - INFO - OK: 市政办〔2022〕7号附件2.xlsx (项目 213 条)
2026-08-28 14:19:07,851 - E:\STangWork\PythonProjects\skp_parser\main.py - WARNING - 通知信息解析失败 市政办〔2022〕7号附件3.xlsx: No /Root object! - Is this really a PDF?
2026-08-28 14:19:09,311 - E:\STangWork\PythonProjects\skp_parser\main.py - INFO - OK: 市政办〔2022〕7号附件3.xlsx (项目 542 条)
2026-08-28 14:19:09,420 - E:\STangWork\PythonProjects\skp_parser\main.py - WARNING - 通知信息解析失败 市政办〔2022〕7号附件4.xlsx: No /Root object! - Is this really a PDF?
2026-08-28 14:19:10,661 - E:\STangWork\PythonProjects\skp_parser\main.py - INFO - OK: 市政办〔2022〕7号附件4.xlsx (项目 132 条)
2026-08-28 14:19:10,849 - E:\STangWork\PythonProjects\skp_parser\parser\xlsx_parser.py - WARNING - E:\STangWork\STangFiles\各省重点项目：2020年起\2022年重点项目\05广西自治区2022年重点项目清单\2、2022年广西第二批\附件2 2022年第二批自治区层面统筹推进重大项目（新开工）进度目标责任表.xlsx[Sheet1]: 前 20 行未找到表头,跳过
2026-08-28 14:19:11,084 - E:\STangWork\PythonProjects\skp_parser\main.py - INFO - OK: 附件2 2022年第二批自治区层面统筹推进重大项目（新开工）进度目标责任表.xlsx (项目 82 条)
2026-08-28 14:19:11,216 - E:\STangWork\PythonProjects\skp_parser\parser\xlsx_parser.py - WARNING - E:\STangWork\STangFiles\各省重点项目：2020年起\2022年重点项目\05广西自治区2022年重点项目清单\2、2022年广西第二批\附件3 2022年第二批自治区层面统筹推进重大项目（续建）进度目标责任表.xlsx[Sheet1]: 前 20 行未找到表头,跳过
2026-08-28 14:19:11,953 - E:\STangWork\PythonProjects\skp_parser\main.py - INFO - OK: 附件3 2022年第二批自治区层面统筹推进重大项目（续建）进度目标责任表.xlsx (项目 27 条)
2026-08-28 14:19:12,293 - E:\STangWork\PythonProjects\skp_parser\main.py - INFO - OK: 附件4 2022年第二批自治区层面统筹推进重大项目（竣工投产）进度目标责任表.xlsx (项目 1 条)
2026-08-28 14:19:12,601 - E:\STangWork\PythonProjects\skp_parser\parser\xlsx_parser.py - WARNING - E:\STangWork\STangFiles\各省重点项目：2020年起\2022年重点项目\05广西自治区2022年重点项目清单\2、2022年广西第二批\附件5 2022年第二批自治区层面统筹推进重大项目（预备）进度目标责任表.xlsx[Sheet1]: 前 20 行未找到表头,跳过
2026-08-28 14:19:13,064 - E:\STangWork\PythonProjects\skp_parser\main.py - INFO - OK: 附件5 2022年第二批自治区层面统筹推进重大项目（预备）进度目标责任表.xlsx (项目 200 条)
2026-08-28 14:19:13,183 - E:\STangWork\PythonProjects\skp_parser\parser\xlsx_parser.py - WARNING - E:\STangWork\STangFiles\各省重点项目：2020年起\2022年重点项目\05广西自治区2022年重点项目清单\3、2022年广西第三批\附件2：2022年第三批自治区层面统筹推进重大项目（新开工）进度目标责任表.xlsx[Sheet1]: 前 20 行未找到表头,跳过
2026-08-28 14:19:13,416 - E:\STangWork\PythonProjects\skp_parser\main.py - INFO - OK: 附件2：2022年第三批自治区层面统筹推进重大项目（新开工）进度目标责任表.xlsx (项目 60 条)
2026-08-28 14:19:13,703 - E:\STangWork\PythonProjects\skp_parser\parser\xlsx_parser.py - WARNING - E:\STangWork\STangFiles\各省重点项目：2020年起\2022年重点项目\05广西自治区2022年重点项目清单\3、2022年广西第三批\附件3：2022年第三批自治区层面统筹推进重大项目（续建）进度目标责任表.xlsx[Sheet1]: 前 20 行未找到表头,跳过
2026-08-28 14:19:13,944 - E:\STangWork\PythonProjects\skp_parser\main.py - INFO - OK: 附件3：2022年第三批自治区层面统筹推进重大项目（续建）进度目标责任表.xlsx (项目 17 条)
2026-08-28 14:19:14,199 - E:\STangWork\PythonProjects\skp_parser\main.py - INFO - OK: 附件4：2022年第三批自治区层面统筹推进重大项目（竣工投产）进度目标责任表.xlsx (项目 2 条)
2026-08-28 14:19:14,372 - E:\STangWork\PythonProjects\skp_parser\parser\xlsx_parser.py - WARNING - E:\STangWork\STangFiles\各省重点项目：2020年起\2022年重点项目\05广西自治区2022年重点项目清单\3、2022年广西第三批\附件5：2022年第三批自治区层面统筹推进重大项目（预备）进度目标责任表.xlsx[Sheet1]: 前 20 行未找到表头,跳过
2026-08-28 14:19:15,341 - E:\STangWork\PythonProjects\skp_parser\main.py - INFO - OK: 附件5：2022年第三批自治区层面统筹推进重大项目（预备）进度目标责任表.xlsx (项目 428 条)
2026-08-28 14:19:15,917 - E:\STangWork\PythonProjects\skp_parser\main.py - INFO - OK: 附件2：2022年第四批自治区层面统筹推进重大项目（新开工）进度目标责任表.xlsx (项目 22 条)
2026-08-28 14:19:16,378 - E:\STangWork\PythonProjects\skp_parser\main.py - INFO - OK: 附件3：2022年第四批自治区层面统筹推进重大项目（续建）进度目标责任表.xlsx (项目 21 条)
2026-08-28 14:19:16,564 - E:\STangWork\PythonProjects\skp_parser\parser\xlsx_parser.py - WARNING - E:\STangWork\STangFiles\各省重点项目：2020年起\2022年重点项目\05广西自治区2022年重点项目清单\4、2022年广西第四批\附件4：2022年第四批自治区层面统筹推进重大项目（预备）进度目标责任表.xlsx[Sheet1]: 前 20 行未找到表头,跳过
2026-08-28 14:19:17,288 - E:\STangWork\PythonProjects\skp_parser\main.py - INFO - OK: 附件4：2022年第四批自治区层面统筹推进重大项目（预备）进度目标责任表.xlsx (项目 111 条)
2026-08-28 14:19:17,359 - E:\STangWork\PythonProjects\skp_parser\parser\xlsx_parser.py - WARNING - E:\STangWork\STangFiles\各省重点项目：2020年起\2022年重点项目\05广西自治区2022年重点项目清单\附件 2022年上半年自治区层面统筹推进重大项目退出项目清单.xlsx[Sheet2]: 前 20 行未找到表头,跳过
2026-08-28 14:19:17,614 - E:\STangWork\PythonProjects\skp_parser\main.py - INFO - OK: 附件 2022年上半年自治区层面统筹推进重大项目退出项目清单.xlsx (项目 90 条)
2026-08-28 14:19:21,486 - E:\STangWork\PythonProjects\skp_parser\main.py - INFO - OK: 内蒙古自治区2022年重点经济合作项目.xlsx (项目 688 条)
2026-08-28 14:19:21,939 - E:\STangWork\PythonProjects\skp_parser\main.py - INFO - OK: 阿拉善左旗2022年重大项目清单.xlsx (项目 49 条)
2026-08-28 14:19:23,698 - E:\STangWork\PythonProjects\skp_parser\main.py - INFO - OK: 银川市2022年重点建设项目投资计划.xlsx (项目 69 条)
2026-08-28 14:19:43,379 - E:\STangWork\PythonProjects\skp_parser\main.py - WARNING - 分类校验[附件-1 2022年自治区重点建设项目投资计划.xlsx] 重大产业项目: 标题声明 68 项,解析 0 项
2026-08-28 14:19:43,379 - E:\STangWork\PythonProjects\skp_parser\main.py - WARNING - 分类校验[附件-1 2022年自治区重点建设项目投资计划.xlsx] 重大产业项目-工业项目: 标题声明 54 项,解析 51 项
2026-08-28 14:19:43,379 - E:\STangWork\PythonProjects\skp_parser\main.py - WARNING - 分类校验[附件-1 2022年自治区重点建设项目投资计划.xlsx] 重大产业项目-中环灵武马家滩300兆瓦光伏复合项目 新建 建设30万千瓦光伏电站项目。 2021-2023 120000 25000 土建工程及设备安装。 灵武市环聚新能源有限公司、银川市人民政府: 标题声明 54 项,解析 0 项
2026-08-28 14:19:43,379 - E:\STangWork\PythonProjects\skp_parser\main.py - WARNING - 分类校验[附件-1 2022年自治区重点建设项目投资计划.xlsx] 重大产业项目-中环灵武马家滩300兆瓦光伏复合项目 新建 建设30万千瓦光伏电站项目。 2021-华能灵武马家滩170兆瓦集中式光伏复合项目 新建 建设17万千瓦光伏电站项目。 2021-2023 72950 18000 土建工程及设备安装。 华能灵武新能: 标题声明 54 项,解析 0 项
2026-08-28 14:19:43,379 - E:\STangWork\PythonProjects\skp_parser\main.py - WARNING - 分类校验[附件-1 2022年自治区重点建设项目投资计划.xlsx] 重大产业项目-中环灵武马家滩300兆瓦光伏复合项目 新建 建设30万千瓦光伏电站项目。 2021-华能灵武马家滩170兆瓦集中式光伏复合项目 新建 建设17万千瓦光伏电站项目。 2021-石嘴山市然尔特新能源有限公司惠农区200MWp光储一体化新能源复合项: 标题声明 54 项,解析 0 项
2026-08-28 14:19:43,379 - E:\STangWork\PythonProjects\skp_parser\main.py - WARNING - 分类校验[附件-1 2022年自治区重点建设项目投资计划.xlsx] 重大产业项目-中环灵武马家滩300兆瓦光伏复合项目 新建 建设30万千瓦光伏电站项目。 2021-华能灵武马家滩170兆瓦集中式光伏复合项目 新建 建设17万千瓦光伏电站项目。 2021-国阳石嘴山简泉农场50MWp农光互补复合光伏发电项目 新建 建设5万: 标题声明 54 项,解析 0 项
2026-08-28 14:19:43,380 - E:\STangWork\PythonProjects\skp_parser\main.py - WARNING - 分类校验[附件-1 2022年自治区重点建设项目投资计划.xlsx] 重大产业项目-中环灵武马家滩300兆瓦光伏复合项目 新建 建设30万千瓦光伏电站项目。 2021-华能灵武马家滩170兆瓦集中式光伏复合项目 新建 建设17万千瓦光伏电站项目。 2021-惠农明德鑫200MW“光伏+高蛋白菌草”复合种植项目 新建 建设20: 标题声明 54 项,解析 0 项
2026-08-28 14:19:43,380 - E:\STangWork\PythonProjects\skp_parser\main.py - WARNING - 分类校验[附件-1 2022年自治区重点建设项目投资计划.xlsx] 重大产业项目-中环灵武马家滩300兆瓦光伏复合项目 新建 建设30万千瓦光伏电站项目。 2021-华能灵武马家滩170兆瓦集中式光伏复合项目 新建 建设17万千瓦光伏电站项目。 2021-江苏润阳平罗红崖子 100MW 光伏复合发电项目 新建 建设10万千: 标题声明 54 项,解析 0 项
2026-08-28 14:19:43,380 - E:\STangWork\PythonProjects\skp_parser\main.py - WARNING - 分类校验[附件-1 2022年自治区重点建设项目投资计划.xlsx] 重大产业项目-中环灵武马家滩300兆瓦光伏复合项目 新建 建设30万千瓦光伏电站项目。 2021-华能灵武马家滩170兆瓦集中式光伏复合项目 新建 建设17万千瓦光伏电站项目。 2021-中核同心韦州镇170MW牧光互补光伏发电项目 新建 建设17万千瓦光: 标题声明 54 项,解析 0 项
2026-08-28 14:19:43,380 - E:\STangWork\PythonProjects\skp_parser\main.py - WARNING - 分类校验[附件-1 2022年自治区重点建设项目投资计划.xlsx] 重大产业项目-中环灵武马家滩300兆瓦光伏复合项目 新建 建设30万千瓦光伏电站项目。 2021-华能灵武马家滩170兆瓦集中式光伏复合项目 新建 建设17万千瓦光伏电站项目。 2021-吴忠市红寺堡区晶盛浩海100MW“光伏+牧草”复合发电项目 新建 建: 标题声明 54 项,解析 0 项
2026-08-28 14:19:43,381 - E:\STangWork\PythonProjects\skp_parser\main.py - WARNING - 分类校验[附件-1 2022年自治区重点建设项目投资计划.xlsx] 重大产业项目-中环灵武马家滩300兆瓦光伏复合项目 新建 建设30万千瓦光伏电站项目。 2021-华能灵武马家滩170兆瓦集中式光伏复合项目 新建 建设17万千瓦光伏电站项目。 2021-粤盛宁夏同心县100MW光伏治沙复合发电项目 新建 建设10万千瓦光: 标题声明 54 项,解析 0 项
2026-08-28 14:19:43,381 - E:\STangWork\PythonProjects\skp_parser\main.py - WARNING - 分类校验[附件-1 2022年自治区重点建设项目投资计划.xlsx] 重大产业项目-中环灵武马家滩300兆瓦光伏复合项目 新建 建设30万千瓦光伏电站项目。 2021-华能灵武马家滩170兆瓦集中式光伏复合项目 新建 建设17万千瓦光伏电站项目。 2021-宁夏佳洋能源200MWp光伏发电复合项目 新建 建设20万千瓦光伏电: 标题声明 54 项,解析 0 项
2026-08-28 14:19:43,381 - E:\STangWork\PythonProjects\skp_parser\main.py - WARNING - 分类校验[附件-1 2022年自治区重点建设项目投资计划.xlsx] 重大产业项目-中环灵武马家滩300兆瓦光伏复合项目 新建 建设30万千瓦光伏电站项目。 2021-华能灵武马家滩170兆瓦集中式光伏复合项目 新建 建设17万千瓦光伏电站项目。 2021-华润海原金桥湾100MWp光伏复合项目 新建 建设10万千瓦光伏电站: 标题声明 54 项,解析 0 项
2026-08-28 14:19:43,381 - E:\STangWork\PythonProjects\skp_parser\main.py - WARNING - 分类校验[附件-1 2022年自治区重点建设项目投资计划.xlsx] 重大产业项目-中环灵武马家滩300兆瓦光伏复合项目 新建 建设30万千瓦光伏电站项目。 2021-华能灵武马家滩170兆瓦集中式光伏复合项目 新建 建设17万千瓦光伏电站项目。 2021-明阳中宁喊叫水200MWp光伏复合项目 新建 建设20万千瓦光伏电站: 标题声明 54 项,解析 0 项
2026-08-28 14:19:43,381 - E:\STangWork\PythonProjects\skp_parser\main.py - WARNING - 分类校验[附件-1 2022年自治区重点建设项目投资计划.xlsx] 重大产业项目-中环灵武马家滩300兆瓦光伏复合项目 新建 建设30万千瓦光伏电站项目。 2021-华能灵武马家滩170兆瓦集中式光伏复合项目 新建 建设17万千瓦光伏电站项目。 2021-宁国运沙坡头区100MW复合光伏项目 新建 建设10万千瓦光伏电站项: 标题声明 54 项,解析 0 项
2026-08-28 14:19:43,381 - E:\STangWork\PythonProjects\skp_parser\main.py - WARNING - 分类校验[附件-1 2022年自治区重点建设项目投资计划.xlsx] 重大产业项目-中环灵武马家滩300兆瓦光伏复合项目 新建 建设30万千瓦光伏电站项目。 2021-华能灵武马家滩170兆瓦集中式光伏复合项目 新建 建设17万千瓦光伏电站项目。 2021-宁夏百中绿电300MW光伏+牧草复合项目 新建 建设30万千瓦光伏电: 标题声明 54 项,解析 1 项
2026-08-28 14:19:43,382 - E:\STangWork\PythonProjects\skp_parser\main.py - WARNING - 分类校验[附件-1 2022年自治区重点建设项目投资计划.xlsx] 重大产业项目-中环灵武马家滩300兆瓦光伏复合项目 新建 建设30万千瓦光伏电站项目。 2021-华能灵武马家滩170兆瓦集中式光伏复合项目 新建 建设17万千瓦光伏电站项目。 2021-宁电入湘工程-宁夏至湖南±800千伏特高压输变电工程 新建 新建天都: 标题声明 54 项,解析 0 项
2026-08-28 14:19:43,382 - E:\STangWork\PythonProjects\skp_parser\main.py - WARNING - 分类校验[附件-1 2022年自治区重点建设项目投资计划.xlsx] 重大产业项目-中环灵武马家滩300兆瓦光伏复合项目 新建 建设30万千瓦光伏电站项目。 2021-华能灵武马家滩170兆瓦集中式光伏复合项目 新建 建设17万千瓦光伏电站项目。 2021-宁电入湘工程-宁夏宁东青山750kV输变电工程 续建 建设变电站1座: 标题声明 54 项,解析 0 项
2026-08-28 14:19:43,382 - E:\STangWork\PythonProjects\skp_parser\main.py - WARNING - 分类校验[附件-1 2022年自治区重点建设项目投资计划.xlsx] 重大产业项目-中环灵武马家滩300兆瓦光伏复合项目 新建 建设30万千瓦光伏电站项目。 2021-华能灵武马家滩170兆瓦集中式光伏复合项目 新建 建设17万千瓦光伏电站项目。 2021-宁电入湘工程-宁夏桃山330kV输变电工程 续建 建设变电站1座，容: 标题声明 54 项,解析 0 项
2026-08-28 14:19:43,383 - E:\STangWork\PythonProjects\skp_parser\main.py - WARNING - 分类校验[附件-1 2022年自治区重点建设项目投资计划.xlsx] 重大产业项目-中环灵武马家滩300兆瓦光伏复合项目 新建 建设30万千瓦光伏电站项目。 2021-华能灵武马家滩170兆瓦集中式光伏复合项目 新建 建设17万千瓦光伏电站项目。 2021-宁电入湘工程-宁夏银川典农（艾依）220kV输变电工程 续建 建设变: 标题声明 54 项,解析 0 项
2026-08-28 14:19:43,383 - E:\STangWork\PythonProjects\skp_parser\main.py - WARNING - 分类校验[附件-1 2022年自治区重点建设项目投资计划.xlsx] 重大产业项目-中环灵武马家滩300兆瓦光伏复合项目 新建 建设30万千瓦光伏电站项目。 2021-华能灵武马家滩170兆瓦集中式光伏复合项目 新建 建设17万千瓦光伏电站项目。 2021-宁电入湘工程-国网宁夏电力主网架升级工程 续建 建设750千伏杞乡开: 标题声明 54 项,解析 0 项
2026-08-28 14:19:43,383 - E:\STangWork\PythonProjects\skp_parser\main.py - WARNING - 分类校验[附件-1 2022年自治区重点建设项目投资计划.xlsx] 重大产业项目-中环灵武马家滩300兆瓦光伏复合项目 新建 建设30万千瓦光伏电站项目。 2021-华能灵武马家滩170兆瓦集中式光伏复合项目 新建 建设17万千瓦光伏电站项目。 2021-宁电入湘工程-国网宁夏电力配电网升级工程 续建 建设110千伏及以下: 标题声明 54 项,解析 0 项
2026-08-28 14:19:43,383 - E:\STangWork\PythonProjects\skp_parser\main.py - WARNING - 分类校验[附件-1 2022年自治区重点建设项目投资计划.xlsx] 重大产业项目-中环灵武马家滩300兆瓦光伏复合项目 新建 建设30万千瓦光伏电站项目。 2021-华能灵武马家滩170兆瓦集中式光伏复合项目 新建 建设17万千瓦光伏电站项目。 2021-宁电入湘工程-国网宁夏电力技术改造工程 新建 建设电网信息化新建及改: 标题声明 54 项,解析 0 项
2026-08-28 14:19:43,383 - E:\STangWork\PythonProjects\skp_parser\main.py - WARNING - 分类校验[附件-1 2022年自治区重点建设项目投资计划.xlsx] 重大产业项目-中环灵武马家滩300兆瓦光伏复合项目 新建 建设30万千瓦光伏电站项目。 2021-华能灵武马家滩170兆瓦集中式光伏复合项目 新建 建设17万千瓦光伏电站项目。 2021-宁电入湘工程-中央预算内农网巩固提升工程 新建 新建和改造10千伏配: 标题声明 54 项,解析 0 项
2026-08-28 14:19:43,383 - E:\STangWork\PythonProjects\skp_parser\main.py - WARNING - 分类校验[附件-1 2022年自治区重点建设项目投资计划.xlsx] 重大基础设施体系建设项目: 标题声明 21 项,解析 0 项
2026-08-28 14:19:43,384 - E:\STangWork\PythonProjects\skp_parser\main.py - WARNING - 分类校验[附件-1 2022年自治区重点建设项目投资计划.xlsx] 社会事业与民生改善工程: 标题声明 11 项,解析 0 项
2026-08-28 14:19:44,189 - E:\STangWork\PythonProjects\skp_parser\main.py - INFO - OK: 附件-1 2022年自治区重点建设项目投资计划.xlsx (项目 126 条)
2026-08-28 14:19:51,642 - E:\STangWork\PythonProjects\skp_parser\main.py - INFO - OK: 附件-2 2022年自治区重点预备开工项目投资计划.xlsx (项目 58 条)
2026-08-28 14:19:52,184 - E:\STangWork\PythonProjects\skp_parser\main.py - INFO - OK: 附件-3 2022年自治区重点前期工作项目投资计划.xlsx (项目 58 条)
2026-08-28 14:19:55,007 - E:\STangWork\PythonProjects\skp_parser\main.py - INFO - OK: 2021西藏自治区招商引资项目WORD.docx (项目 1353 条)
2026-08-28 14:25:23,222 - E:\STangWork\PythonProjects\skp_parser\parser\pdf_parser.py - WARNING - E:\STangWork\STangFiles\各省重点项目：2020年起\2022年重点项目\08西藏自治区2022年重点项目清单\2022年西藏自治区招商引资项目.pdf: 未提取到任何文本,疑似扫描件(需 OCR 支持)
2026-08-28 14:25:24,123 - E:\STangWork\PythonProjects\skp_parser\main.py - INFO - OK: 2022年西藏自治区招商引资项目.pdf (项目 0 条)
2026-08-28 14:25:54,897 - E:\STangWork\PythonProjects\skp_parser\main.py - INFO - OK: 安徽省明光市2022年重点项目投资计划名单(共440个).pdf (项目 439 条)
2026-08-28 14:26:02,219 - E:\STangWork\PythonProjects\skp_parser\main.py - INFO - OK: 2022年市政府投资项目计划表.pdf (项目 204 条)
2026-08-28 14:26:02,373 - E:\STangWork\PythonProjects\skp_parser\parser\pdf_parser.py - WARNING - E:\STangWork\STangFiles\各省重点项目：2020年起\2022年重点项目\10安徽省2022年重点项目清单\皖政〔2022〕14号.pdf: 列式提取仅 2 条,改用文本兜底
2026-08-28 14:26:02,802 - E:\STangWork\PythonProjects\skp_parser\main.py - INFO - OK: 皖政〔2022〕14号.pdf (项目 0 条)
2026-08-28 14:26:13,791 - E:\STangWork\PythonProjects\skp_parser\main.py - INFO - OK: 南平市人民政府关于印发2022年度市重点项目名单的通知.pdf (项目 113 条)
2026-08-28 14:26:14,350 - E:\STangWork\PythonProjects\skp_parser\parser\pdf_parser.py - WARNING - E:\STangWork\STangFiles\各省重点项目：2020年起\2022年重点项目\11福建省2022年重点项目清单\2022年厦门市\厦门市人民政府关于公布2022年市重点项目名单的通知.pdf: 列式提取仅 2 条,改用文本兜底
2026-08-28 14:26:14,353 - E:\STangWork\PythonProjects\skp_parser\parser\pdf_parser.py - WARNING - E:\STangWork\STangFiles\各省重点项目：2020年起\2022年重点项目\11福建省2022年重点项目清单\2022年厦门市\厦门市人民政府关于公布2022年市重点项目名单的通知.pdf: 文本流错乱(碎片行占 7/8),解析结果弃用
2026-08-28 14:26:15,224 - E:\STangWork\PythonProjects\skp_parser\main.py - INFO - OK: 厦门市人民政府关于公布2022年市重点项目名单的通知.pdf (项目 0 条)
2026-08-28 14:26:18,401 - E:\STangWork\PythonProjects\skp_parser\main.py - WARNING - 分类校验[福建省宁德市2022年市级重点项目名单(共304个).pdf] 在建重点项目（255个）-工业: 标题声明 98 项,解析 0 项
2026-08-28 14:26:18,401 - E:\STangWork\PythonProjects\skp_parser\main.py - WARNING - 分类校验[福建省宁德市2022年市级重点项目名单(共304个).pdf] 在建重点项目（255个）-交通（26个）: 标题声明 98 项,解析 25 项
2026-08-28 14:26:18,401 - E:\STangWork\PythonProjects\skp_parser\main.py - WARNING - 分类校验[福建省宁德市2022年市级重点项目名单(共304个).pdf] 在建重点项目（255个）-能源（9个）: 标题声明 98 项,解析 9 项
2026-08-28 14:26:18,402 - E:\STangWork\PythonProjects\skp_parser\main.py - WARNING - 分类校验[福建省宁德市2022年市级重点项目名单(共304个).pdf] 在建重点项目（255个）-城乡建设与生态环保（25个）: 标题声明 98 项,解析 25 项
2026-08-28 14:26:18,402 - E:\STangWork\PythonProjects\skp_parser\main.py - WARNING - 分类校验[福建省宁德市2022年市级重点项目名单(共304个).pdf] 在建重点项目（255个）-社会事业（44个）: 标题声明 98 项,解析 44 项
2026-08-28 14:26:18,402 - E:\STangWork\PythonProjects\skp_parser\main.py - WARNING - 分类校验[福建省宁德市2022年市级重点项目名单(共304个).pdf] 在建重点项目（255个）-服务业（27个）: 标题声明 98 项,解析 27 项
2026-08-28 14:26:18,402 - E:\STangWork\PythonProjects\skp_parser\main.py - WARNING - 分类校验[福建省宁德市2022年市级重点项目名单(共304个).pdf] 在建重点项目（255个）-农林水利（26个）: 标题声明 98 项,解析 26 项
2026-08-28 14:26:18,402 - E:\STangWork\PythonProjects\skp_parser\main.py - WARNING - 分类校验[福建省宁德市2022年市级重点项目名单(共304个).pdf] 预备重点项目（49个）: 标题声明 98 项,解析 0 项
2026-08-28 14:26:18,402 - E:\STangWork\PythonProjects\skp_parser\main.py - WARNING - 分类校验[福建省宁德市2022年市级重点项目名单(共304个).pdf] 预备重点项目（49个）-工业（11个）: 标题声明 98 项,解析 0 项
2026-08-28 14:26:18,402 - E:\STangWork\PythonProjects\skp_parser\main.py - WARNING - 分类校验[福建省宁德市2022年市级重点项目名单(共304个).pdf] 预备重点项目（49个）-交通（5个）: 标题声明 98 项,解析 0 项
2026-08-28 14:26:18,402 - E:\STangWork\PythonProjects\skp_parser\main.py - WARNING - 分类校验[福建省宁德市2022年市级重点项目名单(共304个).pdf] 预备重点项目（49个）-能源（3个）: 标题声明 98 项,解析 0 项
2026-08-28 14:26:18,402 - E:\STangWork\PythonProjects\skp_parser\main.py - WARNING - 分类校验[福建省宁德市2022年市级重点项目名单(共304个).pdf] 预备重点项目（49个）-城乡建设与生态环保（10个）: 标题声明 98 项,解析 0 项
2026-08-28 14:26:18,402 - E:\STangWork\PythonProjects\skp_parser\main.py - WARNING - 分类校验[福建省宁德市2022年市级重点项目名单(共304个).pdf] 预备重点项目（49个）-社会事业（8个）: 标题声明 98 项,解析 0 项
2026-08-28 14:26:18,402 - E:\STangWork\PythonProjects\skp_parser\main.py - WARNING - 分类校验[福建省宁德市2022年市级重点项目名单(共304个).pdf] 预备重点项目（49个）-服务业（5个）: 标题声明 98 项,解析 0 项
2026-08-28 14:26:18,402 - E:\STangWork\PythonProjects\skp_parser\main.py - WARNING - 分类校验[福建省宁德市2022年市级重点项目名单(共304个).pdf] 预备重点项目（49个）-农林水利（7个）: 标题声明 98 项,解析 0 项
2026-08-28 14:26:19,009 - E:\STangWork\PythonProjects\skp_parser\main.py - INFO - OK: 福建省宁德市2022年市级重点项目名单(共304个).pdf (项目 156 条)
2026-08-28 14:26:19,117 - E:\STangWork\PythonProjects\skp_parser\parser\pdf_parser.py - WARNING - E:\STangWork\STangFiles\各省重点项目：2020年起\2022年重点项目\11福建省2022年重点项目清单\2022年晋江市\晋江市2022年度重点项目名单.pdf: 未提取到任何文本,疑似扫描件(需 OCR 支持)
2026-08-28 14:26:19,301 - E:\STangWork\PythonProjects\skp_parser\main.py - INFO - OK: 晋江市2022年度重点项目名单.pdf (项目 0 条)
2026-08-28 14:26:39,078 - E:\STangWork\PythonProjects\skp_parser\main.py - INFO - OK: 福州市：2022年度市重点项目目标责任表.xlsx (项目 1797 条)
2026-08-28 14:26:46,623 - E:\STangWork\PythonProjects\skp_parser\main.py - INFO - OK: 附件：2022年度省重点项目名单（1587个）.docx (项目 1586 条)
2026-08-28 14:26:46,846 - E:\STangWork\PythonProjects\skp_parser\parser\pdf_parser.py - WARNING - E:\STangWork\STangFiles\各省重点项目：2020年起\2022年重点项目\13广东省2022年重点项目清单\东莞市2022年\东莞市人民政府办公室关于印发2022年东莞市重大项目计划的通知.pdf: 文本流错乱(碎片行占 2/2),解析结果弃用
2026-08-28 14:26:49,226 - E:\STangWork\PythonProjects\skp_parser\main.py - INFO - OK: 东莞市人民政府办公室关于印发2022年东莞市重大项目计划的通知.pdf (项目 0 条)
2026-08-28 14:27:10,367 - E:\STangWork\PythonProjects\skp_parser\main.py - WARNING - 分类校验[附件1：东莞市2022年重大建设项目计划.pdf] 基础设施工程(共90项) 18283232 2557692: 标题声明 90 项,解析 0 项
2026-08-28 14:27:10,367 - E:\STangWork\PythonProjects\skp_parser\main.py - WARNING - 分类校验[附件1：东莞市2022年重大建设项目计划.pdf] 基础设施工程(共90项) 18283232 2557692-水利工程(共10项) 2204120 262292: 标题声明 10 项,解析 9 项
2026-08-28 14:27:10,367 - E:\STangWork\PythonProjects\skp_parser\main.py - WARNING - 分类校验[附件1：东莞市2022年重大建设项目计划.pdf] 基础设施工程(共90项) 18283232 2557692-城市建设工程(共31项) 7183345 845303: 标题声明 31 项,解析 32 项
2026-08-28 14:27:10,367 - E:\STangWork\PythonProjects\skp_parser\main.py - WARNING - 分类校验[附件1：东莞市2022年重大建设项目计划.pdf] 基础设施工程(共90项) 18283232 2557692-环保工程(共15项) 470614 171561: 标题声明 15 项,解析 14 项
2026-08-28 14:27:10,367 - E:\STangWork\PythonProjects\skp_parser\main.py - WARNING - 分类校验[附件1：东莞市2022年重大建设项目计划.pdf] 产业工程(共373项) 36929929 4915690: 标题声明 373 项,解析 0 项
2026-08-28 14:27:10,367 - E:\STangWork\PythonProjects\skp_parser\main.py - WARNING - 分类校验[附件1：东莞市2022年重大建设项目计划.pdf] 产业工程(共373项) 36929929 4915690-新一代信息技术工程(共120项) 16824684 2034242: 标题声明 120 项,解析 121 项
2026-08-28 14:27:10,367 - E:\STangWork\PythonProjects\skp_parser\main.py - WARNING - 分类校验[附件1：东莞市2022年重大建设项目计划.pdf] 产业工程(共373项) 36929929 4915690-现代服务业工程(共48项) 5849144 844061: 标题声明 48 项,解析 49 项
2026-08-28 14:27:10,367 - E:\STangWork\PythonProjects\skp_parser\main.py - WARNING - 分类校验[附件1：东莞市2022年重大建设项目计划.pdf] 民生保障工程(共70项) 4340274 873587: 标题声明 70 项,解析 0 项
2026-08-28 14:27:10,367 - E:\STangWork\PythonProjects\skp_parser\main.py - WARNING - 分类校验[附件1：东莞市2022年重大建设项目计划.pdf] 城市更新项目(共13项) 3279419 322228: 标题声明 13 项,解析 0 项
2026-08-28 14:27:16,417 - E:\STangWork\PythonProjects\skp_parser\main.py - INFO - OK: 附件1：东莞市2022年重大建设项目计划.pdf (项目 547 条)
2026-08-28 14:27:19,235 - E:\STangWork\PythonProjects\skp_parser\main.py - WARNING - 分类校验[附件2：东莞市2022年重大预备项目计划.pdf] 基础设施工程（共58项） 8388735: 标题声明 58 项,解析 0 项
2026-08-28 14:27:19,235 - E:\STangWork\PythonProjects\skp_parser\main.py - WARNING - 分类校验[附件2：东莞市2022年重大预备项目计划.pdf] 产业工程（共117项） 12370698: 标题声明 117 项,解析 0 项
2026-08-28 14:27:19,235 - E:\STangWork\PythonProjects\skp_parser\main.py - WARNING - 分类校验[附件2：东莞市2022年重大预备项目计划.pdf] 产业工程（共117项） 12370698-高端装备制造工程（共43项） 3536730: 标题声明 43 项,解析 42 项
2026-08-28 14:27:19,235 - E:\STangWork\PythonProjects\skp_parser\main.py - WARNING - 分类校验[附件2：东莞市2022年重大预备项目计划.pdf] 民生保障工程（共31项） 1771185: 标题声明 31 项,解析 0 项
2026-08-28 14:27:19,235 - E:\STangWork\PythonProjects\skp_parser\main.py - WARNING - 分类校验[附件2：东莞市2022年重大预备项目计划.pdf] 民生保障工程（共31项） 1771185-医疗卫生项目（共6项） 265837: 标题声明 6 项,解析 5 项
2026-08-28 14:27:19,235 - E:\STangWork\PythonProjects\skp_parser\main.py - WARNING - 分类校验[附件2：东莞市2022年重大预备项目计划.pdf] 城市更新项目（共10项） 8544676: 标题声明 10 项,解析 0 项
2026-08-28 14:27:24,150 - E:\STangWork\PythonProjects\skp_parser\main.py - INFO - OK: 附件2：东莞市2022年重大预备项目计划.pdf (项目 214 条)
2026-08-28 14:27:26,021 - E:\STangWork\PythonProjects\skp_parser\main.py - WARNING - 分类校验[中山市2022年市重点建设项目计划表.pdf] 基础设施工程（49个） 28398604 3733500-环保工程: 标题声明 5 项,解析 19 项
2026-08-28 14:27:26,021 - E:\STangWork\PythonProjects\skp_parser\main.py - WARNING - 分类校验[中山市2022年市重点建设项目计划表.pdf] 产业工程: 标题声明 151 项,解析 0 项
2026-08-28 14:27:26,021 - E:\STangWork\PythonProjects\skp_parser\main.py - WARNING - 分类校验[中山市2022年市重点建设项目计划表.pdf] 民生保障工程: 标题声明 15 项,解析 0 项
2026-08-28 14:27:26,699 - E:\STangWork\PythonProjects\skp_parser\main.py - INFO - OK: 中山市2022年市重点建设项目计划表.pdf (项目 247 条)
2026-08-28 14:27:52,421 - E:\STangWork\PythonProjects\skp_parser\main.py - INFO - OK: 云浮市2022年重点建设项目计划表.pdf (项目 242 条)
2026-08-28 14:27:58,938 - E:\STangWork\PythonProjects\skp_parser\main.py - WARNING - 分类校验[附件：佛山市2022年重点建设项目计划.pdf] 基础设施工程: 标题声明 37 项,解析 0 项
2026-08-28 14:27:58,938 - E:\STangWork\PythonProjects\skp_parser\main.py - WARNING - 分类校验[附件：佛山市2022年重点建设项目计划.pdf] 产业工程: 标题声明 29 项,解析 0 项
2026-08-28 14:27:58,939 - E:\STangWork\PythonProjects\skp_parser\main.py - WARNING - 分类校验[附件：佛山市2022年重点建设项目计划.pdf] 民生保障工程: 标题声明 11 项,解析 0 项
2026-08-28 14:27:59,692 - E:\STangWork\PythonProjects\skp_parser\main.py - INFO - OK: 附件：佛山市2022年重点建设项目计划.pdf (项目 339 条)
2026-08-28 14:28:02,676 - E:\STangWork\PythonProjects\skp_parser\main.py - WARNING - 分类校验[附件1：广州市2022年重点建设项目计划+.pdf] 基础设施: 标题声明 227 项,解析 224 项
2026-08-28 14:28:02,676 - E:\STangWork\PythonProjects\skp_parser\main.py - WARNING - 分类校验[附件1：广州市2022年重点建设项目计划+.pdf] 产业建设: 标题声明 278 项,解析 270 项
2026-08-28 14:28:06,953 - E:\STangWork\PythonProjects\skp_parser\main.py - INFO - OK: 附件1：广州市2022年重点建设项目计划+.pdf (项目 639 条)
2026-08-28 14:28:07,505 - E:\STangWork\PythonProjects\skp_parser\main.py - WARNING - 分类校验[附件2：广州市2022年重点建设预备项目计划+.pdf] 产业建设: 标题声明 54 项,解析 44 项
2026-08-28 14:28:07,872 - E:\STangWork\PythonProjects\skp_parser\main.py - INFO - OK: 附件2：广州市2022年重点建设预备项目计划+.pdf (项目 120 条)
2026-08-28 14:28:13,351 - E:\STangWork\PythonProjects\skp_parser\main.py - WARNING - 分类校验[惠州市2022年重点建设项目计划.pdf] 基础设施工程: 标题声明 64 项,解析 0 项
2026-08-28 14:28:13,352 - E:\STangWork\PythonProjects\skp_parser\main.py - WARNING - 分类校验[惠州市2022年重点建设项目计划.pdf] 产业工程: 标题声明 114 项,解析 0 项
2026-08-28 14:28:13,352 - E:\STangWork\PythonProjects\skp_parser\main.py - WARNING - 分类校验[惠州市2022年重点建设项目计划.pdf] 民生保障工程: 标题声明 15 项,解析 0 项
2026-08-28 14:28:13,564 - E:\STangWork\PythonProjects\skp_parser\main.py - INFO - OK: 惠州市2022年重点建设项目计划.pdf (项目 193 条)
2026-08-28 14:28:13,644 - E:\STangWork\PythonProjects\skp_parser\parser\pdf_parser.py - WARNING - E:\STangWork\STangFiles\各省重点项目：2020年起\2022年重点项目\13广东省2022年重点项目清单\揭阳市2022年\广东省2022年重点建设项目计划(揭阳市).pdf: 未提取到任何文本,疑似扫描件(需 OCR 支持)
2026-08-28 14:28:13,697 - E:\STangWork\PythonProjects\skp_parser\main.py - INFO - OK: 广东省2022年重点建设项目计划(揭阳市).pdf (项目 0 条)
2026-08-28 14:28:25,998 - E:\STangWork\PythonProjects\skp_parser\main.py - WARNING - 分类校验[附件1：江门市2022年重点建设正式项目计划.pdf] 基础设施工程( 共197项） 29258731 7289980 3540616: 标题声明 197 项,解析 0 项
2026-08-28 14:28:25,998 - E:\STangWork\PythonProjects\skp_parser\main.py - WARNING - 分类校验[附件1：江门市2022年重点建设正式项目计划.pdf] 产业工程( 共349项） 25204227 6084494 4524856: 标题声明 349 项,解析 0 项
2026-08-28 14:28:25,998 - E:\STangWork\PythonProjects\skp_parser\main.py - WARNING - 分类校验[附件1：江门市2022年重点建设正式项目计划.pdf] 产业工程( 共349项） 25204227 6084494 4524856-高端装备制造工程( 共97项） 6744100 2384423 1179237: 标题声明 97 项,解析 96 项
2026-08-28 14:28:25,998 - E:\STangWork\PythonProjects\skp_parser\main.py - WARNING - 分类校验[附件1：江门市2022年重点建设正式项目计划.pdf] 民生保障工程( 共133项） 24142019 8535130 3520077: 标题声明 133 项,解析 0 项
2026-08-28 14:28:27,132 - E:\STangWork\PythonProjects\skp_parser\main.py - INFO - OK: 附件1：江门市2022年重点建设正式项目计划.pdf (项目 678 条)
2026-08-28 14:28:29,051 - E:\STangWork\PythonProjects\skp_parser\main.py - WARNING - 分类校验[附件2：江门市2022年重点建设预备项目计划 .pdf] 基础设施工程(共36项) 15735587: 标题声明 36 项,解析 0 项
2026-08-28 14:28:29,051 - E:\STangWork\PythonProjects\skp_parser\main.py - WARNING - 分类校验[附件2：江门市2022年重点建设预备项目计划 .pdf] 产业工程(共50项) 4963537: 标题声明 50 项,解析 0 项
2026-08-28 14:28:29,051 - E:\STangWork\PythonProjects\skp_parser\main.py - WARNING - 分类校验[附件2：江门市2022年重点建设预备项目计划 .pdf] 民生保障工程(共17项) 1451076: 标题声明 17 项,解析 0 项
2026-08-28 14:28:29,754 - E:\STangWork\PythonProjects\skp_parser\main.py - INFO - OK: 附件2：江门市2022年重点建设预备项目计划 .pdf (项目 103 条)
2026-08-28 14:28:36,091 - E:\STangWork\PythonProjects\skp_parser\main.py - INFO - OK: 附件：清远市2022年重点建设项目计划表.pdf (项目 359 条)
2026-08-28 14:28:50,303 - E:\STangWork\PythonProjects\skp_parser\main.py - INFO - OK: 《珠海市2022年重点建设项目计划》.pdf (项目 476 条)
2026-08-28 14:29:28,368 - E:\STangWork\PythonProjects\skp_parser\main.py - INFO - OK: 附件：广东省2022年重点建设项目计划表.pdf (项目 2680 条)
2026-08-28 14:29:32,243 - E:\STangWork\PythonProjects\skp_parser\parser\pdf_parser.py - WARNING - E:\STangWork\STangFiles\各省重点项目：2020年起\2022年重点项目\14贵州省2022年重点项目清单\2022年黔西南州\1.黔西南州2022年重大工程和重点项目名单.pdf: 列式提取仅 17 条,改用文本兜底
2026-08-28 14:29:34,522 - E:\STangWork\PythonProjects\skp_parser\main.py - INFO - OK: 1.黔西南州2022年重大工程和重点项目名单.pdf (项目 340 条)
2026-08-28 14:29:38,610 - E:\STangWork\PythonProjects\skp_parser\parser\pdf_parser.py - WARNING - E:\STangWork\STangFiles\各省重点项目：2020年起\2022年重点项目\14贵州省2022年重点项目清单\2022年黔西南州\2.黔西南州2022年重大工程和重点项目推进计划.pdf: 列式提取仅 4 条,改用文本兜底
2026-08-28 14:29:39,491 - E:\STangWork\PythonProjects\skp_parser\main.py - INFO - OK: 2.黔西南州2022年重大工程和重点项目推进计划.pdf (项目 331 条)
2026-08-28 14:29:45,083 - E:\STangWork\PythonProjects\skp_parser\main.py - INFO - OK: 唐山市2022年重点项目名单.pdf (项目 520 条)
2026-08-28 14:29:45,408 - E:\STangWork\PythonProjects\skp_parser\parser\pdf_parser.py - WARNING - E:\STangWork\STangFiles\各省重点项目：2020年起\2022年重点项目\16河北省2022年重点项目清单\2022年石家庄市\石家庄市2022年市重点项目名单-石重办（2022）1号.pdf: 未提取到任何文本,疑似扫描件(需 OCR 支持)
2026-08-28 14:29:45,859 - E:\STangWork\PythonProjects\skp_parser\main.py - INFO - OK: 石家庄市2022年市重点项目名单-石重办（2022）1号.pdf (项目 0 条)
2026-08-28 14:29:45,868 - E:\STangWork\PythonProjects\skp_parser\main.py - ERROR - 解析失败 2022年省市重点项目名单.xlsx: File is not a zip file
Traceback (most recent call last):
  File "E:\STangWork\PythonProjects\skp_parser\main.py", line 108, in process_file
    projects = await asyncio.to_thread(parser.parse, str(file_path))
               ^^^^^^^^^^^^^^^^^^^^^^^^^^^^^^^^^^^^^^^^^^^^^^^^^^^^^
  File "E:\miniconda3\envs\py312_stc\Lib\asyncio\threads.py", line 25, in to_thread
    return await loop.run_in_executor(None, func_call)
           ^^^^^^^^^^^^^^^^^^^^^^^^^^^^^^^^^^^^^^^^^^^
  File "E:\miniconda3\envs\py312_stc\Lib\concurrent\futures\thread.py", line 59, in run
    result = self.fn(*self.args, **self.kwargs)
             ^^^^^^^^^^^^^^^^^^^^^^^^^^^^^^^^^^
  File "E:\STangWork\PythonProjects\skp_parser\parser\xlsx_parser.py", line 29, in parse
    workbook = openpyxl.load_workbook(file_path, data_only=True, read_only=True)
               ^^^^^^^^^^^^^^^^^^^^^^^^^^^^^^^^^^^^^^^^^^^^^^^^^^^^^^^^^^^^^^^^^
  File "E:\miniconda3\envs\py312_stc\Lib\site-packages\openpyxl\reader\excel.py", line 346, in load_workbook
    reader = ExcelReader(filename, read_only, keep_vba,
             ^^^^^^^^^^^^^^^^^^^^^^^^^^^^^^^^^^^^^^^^^^
  File "E:\miniconda3\envs\py312_stc\Lib\site-packages\openpyxl\reader\excel.py", line 123, in __init__
    self.archive = _validate_archive(fn)
                   ^^^^^^^^^^^^^^^^^^^^^
  File "E:\miniconda3\envs\py312_stc\Lib\site-packages\openpyxl\reader\excel.py", line 95, in _validate_archive
    archive = ZipFile(filename, 'r')
              ^^^^^^^^^^^^^^^^^^^^^^
  File "E:\miniconda3\envs\py312_stc\Lib\zipfile\__init__.py", line 1371, in __init__
    self._RealGetContents()
  File "E:\miniconda3\envs\py312_stc\Lib\zipfile\__init__.py", line 1438, in _RealGetContents
    raise BadZipFile("File is not a zip file")
zipfile.BadZipFile: File is not a zip file
2026-08-28 14:29:45,998 - E:\STangWork\PythonProjects\skp_parser\main.py - ERROR - FAIL: 2022年省市重点项目名单.xlsx - 解析失败: File is not a zip file
2026-08-28 14:29:46,218 - E:\STangWork\PythonProjects\skp_parser\main.py - INFO - OK: 《河北省2022年省重点建设项目名单》.docx.docx (项目 0 条)
2026-08-28 14:29:46,373 - E:\STangWork\PythonProjects\skp_parser\main.py - WARNING - 分类校验[河北省2022年省重点建设项目名单.docx] 新开工项目: 标题声明 356 项,解析 0 项
2026-08-28 14:29:46,373 - E:\STangWork\PythonProjects\skp_parser\main.py - WARNING - 分类校验[河北省2022年省重点建设项目名单.docx] 续建项目: 标题声明 243 项,解析 0 项
2026-08-28 14:29:46,373 - E:\STangWork\PythonProjects\skp_parser\main.py - WARNING - 分类校验[河北省2022年省重点建设项目名单.docx] 续建项目-产业链现代化提升: 标题声明 42 项,解析 43 项
2026-08-28 14:29:46,373 - E:\STangWork\PythonProjects\skp_parser\main.py - WARNING - 分类校验[河北省2022年省重点建设项目名单.docx] 续建项目-现代服务业: 标题声明 61 项,解析 60 项
2026-08-28 14:29:46,373 - E:\STangWork\PythonProjects\skp_parser\main.py - WARNING - 分类校验[河北省2022年省重点建设项目名单.docx] 建成投产项目: 标题声明 96 项,解析 0 项
2026-08-28 14:29:48,184 - E:\STangWork\PythonProjects\skp_parser\main.py - INFO - OK: 河北省2022年省重点建设项目名单.docx (项目 695 条)
2026-08-28 14:30:24,285 - E:\STangWork\PythonProjects\skp_parser\main.py - INFO - OK: 附件：2022年省重点建设项目通知+附件-1.pdf (项目 634 条)
2026-08-28 14:30:38,786 - E:\STangWork\PythonProjects\skp_parser\main.py - INFO - OK: 2022年三门峡市重点建设项目名单.xlsx (项目 487 条)
2026-08-28 14:30:53,759 - E:\STangWork\PythonProjects\skp_parser\main.py - INFO - OK: 2022年南阳市重点建设项目名单.pdf (项目 893 条)
2026-08-28 14:30:53,847 - E:\STangWork\PythonProjects\skp_parser\parser\pdf_parser.py - WARNING - E:\STangWork\STangFiles\各省重点项目：2020年起\2022年重点项目\17河南省2022年重点项目清单\2022年商丘市\2022年商丘市重点建设项目名单.pdf: 未提取到任何文本,疑似扫描件(需 OCR 支持)
2026-08-28 14:30:53,910 - E:\STangWork\PythonProjects\skp_parser\main.py - INFO - OK: 2022年商丘市重点建设项目名单.pdf (项目 0 条)
2026-08-28 14:30:54,404 - E:\STangWork\PythonProjects\skp_parser\parser\pdf_parser.py - WARNING - E:\STangWork\STangFiles\各省重点项目：2020年起\2022年重点项目\17河南省2022年重点项目清单\2022年安阳市\1、安阳市2022年省重点建设项目名单.pdf: 未提取到任何文本,疑似扫描件(需 OCR 支持)
2026-08-28 14:30:54,504 - E:\STangWork\PythonProjects\skp_parser\main.py - INFO - OK: 1、安阳市2022年省重点建设项目名单.pdf (项目 0 条)
2026-08-28 14:30:54,830 - E:\STangWork\PythonProjects\skp_parser\main.py - INFO - 跳过(已入库): 2、安阳市2022年市重点建设项目名单.pdf
2026-08-28 14:30:55,197 - E:\STangWork\PythonProjects\skp_parser\main.py - INFO - 跳过(已入库): 安政重点【2022】9号关于印发安阳市2022年重点建设项目名单的通知.pdf
2026-08-28 14:30:59,856 - E:\STangWork\PythonProjects\skp_parser\main.py - INFO - OK: 附件：2022年 平顶山市第一批重点建设项目名单.pdf (项目 365 条)
2026-08-28 14:31:00,331 - E:\STangWork\PythonProjects\skp_parser\main.py - INFO - OK: 廊坊市2022年市重点建设项目名单.docx (项目 294 条)
2026-08-28 14:31:22,923 - E:\STangWork\PythonProjects\skp_parser\main.py - INFO - OK: 新乡市发展和改革委员会关于印发 2022 年新乡市省市重点建设项目名单的通知.pdf (项目 32 条)
2026-08-28 14:31:24,827 - E:\STangWork\PythonProjects\skp_parser\parser\xlsx_parser.py - WARNING - E:\STangWork\STangFiles\各省重点项目：2020年起\2022年重点项目\17河南省2022年重点项目清单\2022年河南省重点建设项目名单.xlsx[Sheet1]: 前 20 行未找到表头,跳过
2026-08-28 14:31:31,606 - E:\STangWork\PythonProjects\skp_parser\main.py - INFO - OK: 2022年河南省重点建设项目名单.xlsx (项目 3586 条)
2026-08-28 14:31:46,471 - E:\STangWork\PythonProjects\skp_parser\main.py - INFO - OK: 洛阳市2022年度第一批重点项目名单.pdf (项目 237 条)
2026-08-28 14:31:46,930 - E:\STangWork\PythonProjects\skp_parser\parser\pdf_parser.py - WARNING - E:\STangWork\STangFiles\各省重点项目：2020年起\2022年重点项目\17河南省2022年重点项目清单\2022年漯河市\3-31关于印发2022年漯河市第一批重点建设项目名单的通知.pdf: 未提取到任何文本,疑似扫描件(需 OCR 支持)
2026-08-28 14:31:47,720 - E:\STangWork\PythonProjects\skp_parser\main.py - INFO - OK: 3-31关于印发2022年漯河市第一批重点建设项目名单的通知.pdf (项目 0 条)
2026-08-28 14:31:54,823 - E:\STangWork\PythonProjects\skp_parser\main.py - INFO - OK: 濮阳市重点建设项目名单.pdf (项目 308 条)
2026-08-28 14:32:02,027 - E:\STangWork\PythonProjects\skp_parser\main.py - INFO - OK: 2022年度郑州市重点建设项目名单.pdf (项目 445 条)
2026-08-28 14:32:02,450 - E:\STangWork\PythonProjects\skp_parser\parser\pdf_parser.py - WARNING - E:\STangWork\STangFiles\各省重点项目：2020年起\2022年重点项目\17河南省2022年重点项目清单\附件：2022年河南省重点建设项目打捆项目分项名单.pdf: 未提取到任何文本,疑似扫描件(需 OCR 支持)
2026-08-28 14:32:02,527 - E:\STangWork\PythonProjects\skp_parser\main.py - INFO - OK: 附件：2022年河南省重点建设项目打捆项目分项名单.pdf (项目 0 条)
2026-08-28 14:32:04,636 - E:\STangWork\PythonProjects\skp_parser\main.py - INFO - OK: 武汉市2022年市级重大项目清单.pdf (项目 440 条)
2026-08-28 14:32:05,644 - E:\STangWork\PythonProjects\skp_parser\main.py - INFO - OK: 附件：湖北省2022年省级重点项目.xlsx (项目 545 条)
2026-08-28 14:32:07,107 - E:\STangWork\PythonProjects\skp_parser\parser\pdf_parser.py - WARNING - E:\STangWork\STangFiles\各省重点项目：2020年起\2022年重点项目\2022年各省市重点项目清单汇总（25.4万亿）.pdf: 列式提取仅 5 条,改用文本兜底
2026-08-28 14:32:07,117 - E:\STangWork\PythonProjects\skp_parser\parser\pdf_parser.py - WARNING - E:\STangWork\STangFiles\各省重点项目：2020年起\2022年重点项目\2022年各省市重点项目清单汇总（25.4万亿）.pdf: 文本流错乱(碎片行占 12/21),解析结果弃用
2026-08-28 14:32:07,262 - E:\STangWork\PythonProjects\skp_parser\main.py - INFO - OK: 2022年各省市重点项目清单汇总（25.4万亿）.pdf (项目 0 条)
2026-08-28 14:32:09,432 - E:\STangWork\PythonProjects\skp_parser\parser\pdf_parser.py - WARNING - E:\STangWork\STangFiles\各省重点项目：2020年起\2022年重点项目\2022年各省市重点项目清单汇总（45.72万亿）.pdf: 列式提取仅 12 条,改用文本兜底
2026-08-28 14:32:09,447 - E:\STangWork\PythonProjects\skp_parser\parser\pdf_parser.py - WARNING - E:\STangWork\STangFiles\各省重点项目：2020年起\2022年重点项目\2022年各省市重点项目清单汇总（45.72万亿）.pdf: 文本流错乱(碎片行占 23/34),解析结果弃用
2026-08-28 14:32:09,496 - E:\STangWork\PythonProjects\skp_parser\main.py - INFO - OK: 2022年各省市重点项目清单汇总（45.72万亿）.pdf (项目 0 条)
2026-08-28 14:32:12,227 - E:\STangWork\PythonProjects\skp_parser\parser\pdf_parser.py - WARNING - E:\STangWork\STangFiles\各省重点项目：2020年起\2022年重点项目\2022年各省市重点项目清单汇总（51.73万亿）.pdf: 列式提取仅 22 条,改用文本兜底
2026-08-28 14:32:12,247 - E:\STangWork\PythonProjects\skp_parser\parser\pdf_parser.py - WARNING - E:\STangWork\STangFiles\各省重点项目：2020年起\2022年重点项目\2022年各省市重点项目清单汇总（51.73万亿）.pdf: 文本流错乱(碎片行占 29/42),解析结果弃用
2026-08-28 14:32:12,296 - E:\STangWork\PythonProjects\skp_parser\main.py - INFO - OK: 2022年各省市重点项目清单汇总（51.73万亿）.pdf (项目 0 条)
2026-08-28 14:32:15,524 - E:\STangWork\PythonProjects\skp_parser\parser\pdf_parser.py - WARNING - E:\STangWork\STangFiles\各省重点项目：2020年起\2022年重点项目\2022年各省市重点项目清单汇总（57.4万亿）.pdf: 列式提取仅 21 条,改用文本兜底
2026-08-28 14:32:15,619 - E:\STangWork\PythonProjects\skp_parser\parser\pdf_parser.py - WARNING - E:\STangWork\STangFiles\各省重点项目：2020年起\2022年重点项目\2022年各省市重点项目清单汇总（57.4万亿）.pdf: 文本流错乱(碎片行占 33/47),解析结果弃用
2026-08-28 14:32:15,740 - E:\STangWork\PythonProjects\skp_parser\main.py - INFO - OK: 2022年各省市重点项目清单汇总（57.4万亿）.pdf (项目 0 条)
2026-08-28 14:32:19,529 - E:\STangWork\PythonProjects\skp_parser\parser\pdf_parser.py - WARNING - E:\STangWork\STangFiles\各省重点项目：2020年起\2022年重点项目\2022年各省市重点项目清单汇总（59.62万亿）.pdf: 列式提取仅 20 条,改用文本兜底
2026-08-28 14:32:19,556 - E:\STangWork\PythonProjects\skp_parser\parser\pdf_parser.py - WARNING - E:\STangWork\STangFiles\各省重点项目：2020年起\2022年重点项目\2022年各省市重点项目清单汇总（59.62万亿）.pdf: 文本流错乱(碎片行占 31/49),解析结果弃用
2026-08-28 14:32:19,633 - E:\STangWork\PythonProjects\skp_parser\main.py - INFO - OK: 2022年各省市重点项目清单汇总（59.62万亿）.pdf (项目 0 条)
2026-08-28 14:32:23,486 - E:\STangWork\PythonProjects\skp_parser\parser\pdf_parser.py - WARNING - E:\STangWork\STangFiles\各省重点项目：2020年起\2022年重点项目\2022年各省市重点项目清单汇总（59.84万亿）.pdf: 列式提取仅 20 条,改用文本兜底
2026-08-28 14:32:23,513 - E:\STangWork\PythonProjects\skp_parser\parser\pdf_parser.py - WARNING - E:\STangWork\STangFiles\各省重点项目：2020年起\2022年重点项目\2022年各省市重点项目清单汇总（59.84万亿）.pdf: 文本流错乱(碎片行占 33/49),解析结果弃用
2026-08-28 14:32:23,593 - E:\STangWork\PythonProjects\skp_parser\main.py - INFO - OK: 2022年各省市重点项目清单汇总（59.84万亿）.pdf (项目 0 条)
2026-08-28 14:32:27,485 - E:\STangWork\PythonProjects\skp_parser\parser\pdf_parser.py - WARNING - E:\STangWork\STangFiles\各省重点项目：2020年起\2022年重点项目\2022年各省市重点项目清单汇总（60.86万亿）.pdf: 列式提取仅 21 条,改用文本兜底
2026-08-28 14:32:27,512 - E:\STangWork\PythonProjects\skp_parser\parser\pdf_parser.py - WARNING - E:\STangWork\STangFiles\各省重点项目：2020年起\2022年重点项目\2022年各省市重点项目清单汇总（60.86万亿）.pdf: 文本流错乱(碎片行占 34/50),解析结果弃用
2026-08-28 14:32:27,595 - E:\STangWork\PythonProjects\skp_parser\main.py - INFO - OK: 2022年各省市重点项目清单汇总（60.86万亿）.pdf (项目 0 条)
2026-08-28 14:48:29,179 - E:\STangWork\PythonProjects\skp_parser\util\db_util.py - INFO - 数据库连接池已创建: 127.0.0.1:3306/suidaobig
2026-08-28 14:48:29,780 - E:\STangWork\PythonProjects\skp_parser\main.py - WARNING - 分类校验[1.2021年自治区重点建设项目投资计划.xlsx] 重大产业项目: 标题声明 50 项,解析 0 项
2026-08-28 14:48:29,781 - E:\STangWork\PythonProjects\skp_parser\main.py - WARNING - 分类校验[1.2021年自治区重点建设项目投资计划.xlsx] 重大产业项目-工业: 标题声明 43 项,解析 41 项
2026-08-28 14:48:29,781 - E:\STangWork\PythonProjects\skp_parser\main.py - WARNING - 分类校验[1.2021年自治区重点建设项目投资计划.xlsx] 重大基础设施项目: 标题声明 22 项,解析 0 项
2026-08-28 14:48:29,782 - E:\STangWork\PythonProjects\skp_parser\main.py - WARNING - 分类校验[1.2021年自治区重点建设项目投资计划.xlsx] 民生及社会事业项目: 标题声明 18 项,解析 0 项
2026-08-28 14:48:29,782 - E:\STangWork\PythonProjects\skp_parser\main.py - WARNING - 分类校验[1.2021年自治区重点建设项目投资计划.xlsx] 民生及社会事业项目-生态环保: 标题声明 8 项,解析 11 项
2026-08-28 14:48:30,908 - E:\STangWork\PythonProjects\skp_parser\util\db_util.py - INFO - 数据库连接池已关闭
2026-08-28 14:48:47,812 - E:\STangWork\PythonProjects\skp_parser\util\db_util.py - INFO - 数据库连接池已创建: 127.0.0.1:3306/suidaobig
2026-08-28 14:48:48,131 - E:\STangWork\PythonProjects\skp_parser\main.py - WARNING - 分类校验[1.2021年自治区重点建设项目投资计划.xlsx] 重大产业项目: 标题声明 50 项,解析 68 项
2026-08-28 14:48:48,131 - E:\STangWork\PythonProjects\skp_parser\main.py - WARNING - 分类校验[1.2021年自治区重点建设项目投资计划.xlsx] 重大产业项目-工业: 标题声明 43 项,解析 41 项
2026-08-28 14:48:48,132 - E:\STangWork\PythonProjects\skp_parser\main.py - WARNING - 分类校验[1.2021年自治区重点建设项目投资计划.xlsx] 民生及社会事业项目: 标题声明 18 项,解析 21 项
2026-08-28 14:48:48,133 - E:\STangWork\PythonProjects\skp_parser\main.py - WARNING - 分类校验[1.2021年自治区重点建设项目投资计划.xlsx] 民生及社会事业项目-生态环保: 标题声明 8 项,解析 11 项
2026-08-28 14:48:48,397 - E:\STangWork\PythonProjects\skp_parser\util\db_util.py - INFO - 数据库连接池已关闭
2026-08-28 14:54:43,430 - E:\STangWork\PythonProjects\skp_parser\main.py - INFO - 开始处理目录: E:\STangWork\STangFiles\各省重点项目：2020年起\2021年重点项目\07宁夏自治区2021年重点项目清单(上传 GoFast: False)
2026-08-28 14:54:43,439 - E:\STangWork\PythonProjects\skp_parser\util\db_util.py - INFO - 数据库连接池已创建: 127.0.0.1:3306/suidaobig
2026-08-28 14:54:43,854 - E:\STangWork\PythonProjects\skp_parser\util\db_util.py - INFO - 数据库表初始化完成(skp_file / skp_project / skp_file_extra / skp_notice)
2026-08-28 14:54:50,716 - E:\STangWork\PythonProjects\skp_parser\util\db_util.py - INFO - 数据库连接池已关闭
2026-08-28 14:55:15,787 - E:\STangWork\PythonProjects\skp_parser\main.py - INFO - 开始处理目录: E:\STangWork\STangFiles\各省重点项目：2020年起\2021年重点项目\07宁夏自治区2021年重点项目清单(上传 GoFast: False)
2026-08-28 14:55:15,803 - E:\STangWork\PythonProjects\skp_parser\util\db_util.py - INFO - 数据库连接池已创建: 127.0.0.1:3306/suidaobig
2026-08-28 14:55:15,934 - E:\STangWork\PythonProjects\skp_parser\util\db_util.py - INFO - 数据库表初始化完成(skp_file / skp_project / skp_file_extra / skp_notice)
2026-08-28 15:08:00,601 - E:\STangWork\PythonProjects\skp_parser\util\db_util.py - INFO - 数据库连接池已创建: 127.0.0.1:3306/suidaobig
2026-08-28 15:08:02,393 - E:\STangWork\PythonProjects\skp_parser\util\db_util.py - INFO - 数据库表初始化完成(skp_file/skp_project/skp_file_extra/skp_notice/skp_category_declared)
2026-08-28 15:12:02,267 - E:\STangWork\PythonProjects\skp_parser\util\db_util.py - INFO - 数据库连接池已关闭
2026-08-28 15:12:49,212 - <stdin> - INFO - 全量 xlsx 开始: 325 个
2026-08-28 15:12:49,216 - E:\STangWork\PythonProjects\skp_parser\util\db_util.py - INFO - 数据库连接池已创建: 127.0.0.1:3306/suidaobig
2026-08-28 15:12:49,622 - E:\STangWork\PythonProjects\skp_parser\main.py - WARNING - 分类校验[北京市2020年重点工程计划.xlsx] 基础设施项目: 标题声明 100 项,解析 7 项
2026-08-28 15:12:56,099 - <stdin> - INFO - [ok] 北京市2020年重点工程计划.xlsx | 300 | 
2026-08-28 15:12:56,440 - E:\STangWork\PythonProjects\skp_parser\parser\xlsx_parser.py - WARNING - E:\STangWork\STangFiles\各省重点项目：2020年起\2020年重点项目\2020年各省市重点项目清单汇总：51.63万亿\04重庆市2020年重点项目清单\重庆2020重大基础设施项目清单.xlsx[Sheet1]: 前 20 行未找到表头,跳过
2026-08-28 15:13:08,698 - <stdin> - INFO - [ok] 重庆2020重大基础设施项目清单.xlsx | 1185 | 
2026-08-28 15:13:09,101 - E:\STangWork\PythonProjects\skp_parser\main.py - WARNING - 分类校验[2020年内蒙古自治区重点经济合作项目.xlsx] 战略性新兴产业: 标题声明 30 项,解析 29 项
2026-08-28 15:13:09,101 - E:\STangWork\PythonProjects\skp_parser\main.py - WARNING - 分类校验[2020年内蒙古自治区重点经济合作项目.xlsx] 冶金: 标题声明 6 项,解析 5 项
2026-08-28 15:13:09,101 - E:\STangWork\PythonProjects\skp_parser\main.py - WARNING - 分类校验[2020年内蒙古自治区重点经济合作项目.xlsx] 基础设施: 标题声明 21 项,解析 15 项
2026-08-28 15:13:12,410 - <stdin> - INFO - [ok] 2020年内蒙古自治区重点经济合作项目.xlsx | 190 | 
2026-08-28 15:15:13,367 - E:\STangWork\PythonProjects\skp_parser\main.py - WARNING - 分类校验[2020年宁夏全区重大项目清单（最新）.xlsx] 工业: 标题声明 478 项,解析 321 项
2026-08-28 15:15:13,367 - E:\STangWork\PythonProjects\skp_parser\main.py - WARNING - 分类校验[2020年宁夏全区重大项目清单（最新）.xlsx] 工业-.制造业: 标题声明 270 项,解析 0 项
2026-08-28 15:15:13,367 - E:\STangWork\PythonProjects\skp_parser\main.py - WARNING - 分类校验[2020年宁夏全区重大项目清单（最新）.xlsx] 工业-.其他: 标题声明 134 项,解析 8 项
2026-08-28 15:15:13,367 - E:\STangWork\PythonProjects\skp_parser\main.py - WARNING - 分类校验[2020年宁夏全区重大项目清单（最新）.xlsx] 工业-拟建项目: 标题声明 38 项,解析 0 项
2026-08-28 15:15:13,368 - E:\STangWork\PythonProjects\skp_parser\main.py - WARNING - 分类校验[2020年宁夏全区重大项目清单（最新）.xlsx] 现代服务业: 标题声明 235 项,解析 152 项
2026-08-28 15:15:13,368 - E:\STangWork\PythonProjects\skp_parser\main.py - WARNING - 分类校验[2020年宁夏全区重大项目清单（最新）.xlsx] 现代服务业--389 4.房地产开发: 标题声明 46 项,解析 0 项
2026-08-28 15:15:13,368 - E:\STangWork\PythonProjects\skp_parser\main.py - WARNING - 分类校验[2020年宁夏全区重大项目清单（最新）.xlsx] 现代服务业--丝路明珠塔 续建 社会投资 2020.03 2019-2022 233300 46000 63000 自治区住房城乡建设厅 银川市人民政府 市国资委、中铁丝路明珠（银川）开发运营有限公司 市县级项目 投资处 冀晓翀 2157 1.塔楼：（1）: 标题声明 46 项,解析 45 项
2026-08-28 15:15:13,368 - E:\STangWork\PythonProjects\skp_parser\main.py - WARNING - 分类校验[2020年宁夏全区重大项目清单（最新）.xlsx] 现代服务业--丝路明珠塔 续建 社会投资 2020.03 2019-.产业融合: 标题声明 56 项,解析 5 项
2026-08-28 15:15:13,368 - E:\STangWork\PythonProjects\skp_parser\main.py - WARNING - 分类校验[2020年宁夏全区重大项目清单（最新）.xlsx] 现代服务业--丝路明珠塔 续建 社会投资 2020.03 2019--拟建项目: 标题声明 20 项,解析 0 项
2026-08-28 15:15:13,368 - E:\STangWork\PythonProjects\skp_parser\main.py - WARNING - 分类校验[2020年宁夏全区重大项目清单（最新）.xlsx] 现代农业: 标题声明 59 项,解析 40 项
2026-08-28 15:15:13,368 - E:\STangWork\PythonProjects\skp_parser\main.py - WARNING - 分类校验[2020年宁夏全区重大项目清单（最新）.xlsx] 现代农业-.经果林产业: 标题声明 1 项,解析 2 项
2026-08-28 15:15:13,368 - E:\STangWork\PythonProjects\skp_parser\main.py - WARNING - 分类校验[2020年宁夏全区重大项目清单（最新）.xlsx] 现代农业-.现代畜牧业: 标题声明 47 项,解析 28 项
2026-08-28 15:15:13,368 - E:\STangWork\PythonProjects\skp_parser\main.py - WARNING - 分类校验[2020年宁夏全区重大项目清单（最新）.xlsx] 现代农业-拟建项目: 标题声明 2 项,解析 0 项
2026-08-28 15:15:13,368 - E:\STangWork\PythonProjects\skp_parser\main.py - WARNING - 分类校验[2020年宁夏全区重大项目清单（最新）.xlsx] 交通基础设施: 标题声明 43 项,解析 32 项
2026-08-28 15:15:13,368 - E:\STangWork\PythonProjects\skp_parser\main.py - WARNING - 分类校验[2020年宁夏全区重大项目清单（最新）.xlsx] 交通基础设施-.高速公路: 标题声明 5 项,解析 6 项
2026-08-28 15:15:13,368 - E:\STangWork\PythonProjects\skp_parser\main.py - WARNING - 分类校验[2020年宁夏全区重大项目清单（最新）.xlsx] 交通基础设施-.普通公路: 标题声明 13 项,解析 16 项
2026-08-28 15:15:13,368 - E:\STangWork\PythonProjects\skp_parser\main.py - WARNING - 分类校验[2020年宁夏全区重大项目清单（最新）.xlsx] 交通基础设施-.交通枢纽: 标题声明 16 项,解析 3 项
2026-08-28 15:15:13,368 - E:\STangWork\PythonProjects\skp_parser\main.py - WARNING - 分类校验[2020年宁夏全区重大项目清单（最新）.xlsx] 交通基础设施-拟建项目: 标题声明 6 项,解析 0 项
2026-08-28 15:15:13,368 - E:\STangWork\PythonProjects\skp_parser\main.py - WARNING - 分类校验[2020年宁夏全区重大项目清单（最新）.xlsx] 农林水利基础设施: 标题声明 63 项,解析 46 项
2026-08-28 15:15:13,368 - E:\STangWork\PythonProjects\skp_parser\main.py - WARNING - 分类校验[2020年宁夏全区重大项目清单（最新）.xlsx] 农林水利基础设施-.水利设施: 标题声明 18 项,解析 25 项
2026-08-28 15:15:13,369 - E:\STangWork\PythonProjects\skp_parser\main.py - WARNING - 分类校验[2020年宁夏全区重大项目清单（最新）.xlsx] 农林水利基础设施-.农业农村: 标题声明 9 项,解析 17 项
2026-08-28 15:15:13,369 - E:\STangWork\PythonProjects\skp_parser\main.py - WARNING - 分类校验[2020年宁夏全区重大项目清单（最新）.xlsx] 农林水利基础设施-.林业建设: 标题声明 23 项,解析 4 项
2026-08-28 15:15:13,369 - E:\STangWork\PythonProjects\skp_parser\main.py - WARNING - 分类校验[2020年宁夏全区重大项目清单（最新）.xlsx] 农林水利基础设施-拟建项目: 标题声明 8 项,解析 0 项
2026-08-28 15:15:13,369 - E:\STangWork\PythonProjects\skp_parser\main.py - WARNING - 分类校验[2020年宁夏全区重大项目清单（最新）.xlsx] 社会公共服务: 标题声明 81 项,解析 62 项
2026-08-28 15:15:13,369 - E:\STangWork\PythonProjects\skp_parser\main.py - WARNING - 分类校验[2020年宁夏全区重大项目清单（最新）.xlsx] 社会公共服务-.教育: 标题声明 12 项,解析 19 项
2026-08-28 15:15:13,369 - E:\STangWork\PythonProjects\skp_parser\main.py - WARNING - 分类校验[2020年宁夏全区重大项目清单（最新）.xlsx] 社会公共服务-.医疗卫生: 标题声明 11 项,解析 15 项
2026-08-28 15:15:13,369 - E:\STangWork\PythonProjects\skp_parser\main.py - WARNING - 分类校验[2020年宁夏全区重大项目清单（最新）.xlsx] 社会公共服务-.社会保障: 标题声明 27 项,解析 4 项
2026-08-28 15:15:13,369 - E:\STangWork\PythonProjects\skp_parser\main.py - WARNING - 分类校验[2020年宁夏全区重大项目清单（最新）.xlsx] 社会公共服务-拟建项目: 标题声明 20 项,解析 0 项
2026-08-28 15:15:13,369 - E:\STangWork\PythonProjects\skp_parser\main.py - WARNING - 分类校验[2020年宁夏全区重大项目清单（最新）.xlsx] 市政基础设施: 标题声明 112 项,解析 82 项
2026-08-28 15:15:13,369 - E:\STangWork\PythonProjects\skp_parser\main.py - WARNING - 分类校验[2020年宁夏全区重大项目清单（最新）.xlsx] 市政基础设施-.其他综合基础设施: 标题声明 67 项,解析 19 项
2026-08-28 15:15:13,370 - E:\STangWork\PythonProjects\skp_parser\main.py - WARNING - 分类校验[2020年宁夏全区重大项目清单（最新）.xlsx] 市政基础设施-拟建项目: 标题声明 4 项,解析 0 项
2026-08-28 15:15:13,370 - E:\STangWork\PythonProjects\skp_parser\main.py - WARNING - 分类校验[2020年宁夏全区重大项目清单（最新）.xlsx] 生态环保: 标题声明 70 项,解析 53 项
2026-08-28 15:15:13,370 - E:\STangWork\PythonProjects\skp_parser\main.py - WARNING - 分类校验[2020年宁夏全区重大项目清单（最新）.xlsx] 生态环保-.污水垃圾处理: 标题声明 56 项,解析 29 项
2026-08-28 15:15:13,370 - E:\STangWork\PythonProjects\skp_parser\main.py - WARNING - 分类校验[2020年宁夏全区重大项目清单（最新）.xlsx] 生态环保-拟建项目: 标题声明 9 项,解析 0 项
2026-08-28 15:15:13,370 - E:\STangWork\PythonProjects\skp_parser\main.py - WARNING - 分类校验[2020年宁夏全区重大项目清单（最新）.xlsx] 公共安全: 标题声明 20 项,解析 14 项
2026-08-28 15:15:13,370 - E:\STangWork\PythonProjects\skp_parser\main.py - WARNING - 分类校验[2020年宁夏全区重大项目清单（最新）.xlsx] 公共安全-拟建项目: 标题声明 2 项,解析 0 项
2026-08-28 15:15:21,428 - <stdin> - INFO - [ok] 2020年宁夏全区重大项目清单（最新）.xlsx | 830 | 
2026-08-28 15:15:23,436 - E:\STangWork\PythonProjects\skp_parser\main.py - WARNING - 分类校验[2020年宁夏自治区重点项目投资计划.xlsx] 重大产业项目: 标题声明 43 项,解析 80 项
2026-08-28 15:15:23,437 - E:\STangWork\PythonProjects\skp_parser\main.py - WARNING - 分类校验[2020年宁夏自治区重点项目投资计划.xlsx] 重大产业项目-工业: 标题声明 39 项,解析 73 项
2026-08-28 15:15:23,437 - E:\STangWork\PythonProjects\skp_parser\main.py - WARNING - 分类校验[2020年宁夏自治区重点项目投资计划.xlsx] 重大产业项目-服务业: 标题声明 2 项,解析 5 项
2026-08-28 15:15:23,437 - E:\STangWork\PythonProjects\skp_parser\main.py - WARNING - 分类校验[2020年宁夏自治区重点项目投资计划.xlsx] 重大基础设施项目: 标题声明 21 项,解析 9 项
2026-08-28 15:15:23,437 - E:\STangWork\PythonProjects\skp_parser\main.py - WARNING - 分类校验[2020年宁夏自治区重点项目投资计划.xlsx] 重大基础设施项目-铁路: 标题声明 5 项,解析 4 项
2026-08-28 15:15:23,437 - E:\STangWork\PythonProjects\skp_parser\main.py - WARNING - 分类校验[2020年宁夏自治区重点项目投资计划.xlsx] 铁路专项建设基金-市政建设: 标题声明 7 项,解析 10 项
2026-08-28 15:15:27,110 - <stdin> - INFO - [ok] 2020年宁夏自治区重点项目投资计划.xlsx | 212 | 
2026-08-28 15:15:28,200 - <stdin> - INFO - [ok] 海南省2020年重点预备项目投资计划.xlsx | 60 | 
2026-08-28 15:15:29,018 - <stdin> - INFO - [ok] 2020年山东省重大准备项目名单.xlsx | 88 | 
2026-08-28 15:15:31,554 - <stdin> - INFO - [ok] 2020年山东省重大建设项目名单.xlsx | 233 | 
2026-08-28 15:15:32,099 - E:\STangWork\PythonProjects\skp_parser\main.py - WARNING - 分类校验[2020年四川省重点项目清单-整理版.xlsx] 基础设施项目: 标题声明 266 项,解析 287 项
2026-08-28 15:15:32,099 - E:\STangWork\PythonProjects\skp_parser\main.py - WARNING - 分类校验[2020年四川省重点项目清单-整理版.xlsx] 基础设施项目-交通: 标题声明 136 项,解析 0 项
2026-08-28 15:15:32,100 - E:\STangWork\PythonProjects\skp_parser\main.py - WARNING - 分类校验[2020年四川省重点项目清单-整理版.xlsx] 基础设施项目-Ⅲ 高速公路: 标题声明 41 项,解析 45 项
2026-08-28 15:15:32,100 - E:\STangWork\PythonProjects\skp_parser\main.py - WARNING - 分类校验[2020年四川省重点项目清单-整理版.xlsx] 基础设施项目-能源基础设施: 标题声明 7 项,解析 14 项
2026-08-28 15:15:32,100 - E:\STangWork\PythonProjects\skp_parser\main.py - WARNING - 分类校验[2020年四川省重点项目清单-整理版.xlsx] 基础设施项目-水利: 标题声明 13 项,解析 30 项
2026-08-28 15:15:32,100 - E:\STangWork\PythonProjects\skp_parser\main.py - WARNING - 分类校验[2020年四川省重点项目清单-整理版.xlsx] 产业及创新平台项目-能源产业: 标题声明 35 项,解析 0 项
2026-08-28 15:15:32,100 - E:\STangWork\PythonProjects\skp_parser\main.py - WARNING - 分类校验[2020年四川省重点项目清单-整理版.xlsx] 生态建设和环境保护项目: 标题声明 35 项,解析 37 项
2026-08-28 15:15:35,067 - <stdin> - INFO - [ok] 2020年四川省重点项目清单-整理版.xlsx | 723 | 
2026-08-28 15:15:35,751 - E:\STangWork\PythonProjects\skp_parser\main.py - WARNING - 分类校验[2020年四川省重点项目清单.xlsx] 合计：484项-一 基础设施项目: 标题声明 193 项,解析 0 项
2026-08-28 15:15:35,751 - E:\STangWork\PythonProjects\skp_parser\main.py - WARNING - 分类校验[2020年四川省重点项目清单.xlsx] 合计：484项-交通: 标题声明 104 项,解析 0 项
2026-08-28 15:15:35,751 - E:\STangWork\PythonProjects\skp_parser\main.py - WARNING - 分类校验[2020年四川省重点项目清单.xlsx] 合计：484项-Ⅲ 高速公路: 标题声明 32 项,解析 36 项
2026-08-28 15:15:35,751 - E:\STangWork\PythonProjects\skp_parser\main.py - WARNING - 分类校验[2020年四川省重点项目清单.xlsx] 合计：484项-水利: 标题声明 11 项,解析 28 项
2026-08-28 15:15:35,751 - E:\STangWork\PythonProjects\skp_parser\main.py - WARNING - 分类校验[2020年四川省重点项目清单.xlsx] 产业及创新平台项目-能源产业: 标题声明 35 项,解析 0 项
2026-08-28 15:15:35,752 - E:\STangWork\PythonProjects\skp_parser\main.py - WARNING - 分类校验[2020年四川省重点项目清单.xlsx] 基础设施项目-交通: 标题声明 32 项,解析 0 项
2026-08-28 15:15:40,822 - <stdin> - INFO - [ok] 2020年四川省重点项目清单.xlsx | 721 | 
2026-08-28 15:15:41,264 - E:\STangWork\PythonProjects\skp_parser\main.py - WARNING - 分类校验[北京市2021年重点工程计划.xlsx] （三）轨道交通（15项）-站城一体化交通枢纽: 标题声明 10 项,解析 20 项
2026-08-28 15:15:41,264 - E:\STangWork\PythonProjects\skp_parser\main.py - WARNING - 分类校验[北京市2021年重点工程计划.xlsx] （六）城市道路（19项）-交通基础设施配套: 标题声明 10 项,解析 20 项
2026-08-28 15:15:41,265 - E:\STangWork\PythonProjects\skp_parser\main.py - WARNING - 分类校验[北京市2021年重点工程计划.xlsx] （九）能源设施（8项）-固液态废物处理设施: 标题声明 5 项,解析 10 项
2026-08-28 15:15:41,265 - E:\STangWork\PythonProjects\skp_parser\main.py - WARNING - 分类校验[北京市2021年重点工程计划.xlsx] （九）能源设施（8项）-城市应急保障设施: 标题声明 5 项,解析 10 项
2026-08-28 15:15:41,265 - E:\STangWork\PythonProjects\skp_parser\main.py - WARNING - 分类校验[北京市2021年重点工程计划.xlsx] （七）绿化（8项）-老旧小区改造及街区更新: 标题声明 10 项,解析 20 项
2026-08-28 15:15:41,265 - E:\STangWork\PythonProjects\skp_parser\main.py - WARNING - 分类校验[北京市2021年重点工程计划.xlsx] 科技创新及高精尖产业项目-重大科技设施平台集群: 标题声明 8 项,解析 16 项
2026-08-28 15:15:41,265 - E:\STangWork\PythonProjects\skp_parser\main.py - WARNING - 分类校验[北京市2021年重点工程计划.xlsx] 科技创新及高精尖产业项目-先进制造业: 标题声明 37 项,解析 74 项
2026-08-28 15:15:41,265 - E:\STangWork\PythonProjects\skp_parser\main.py - WARNING - 分类校验[北京市2021年重点工程计划.xlsx] 科技创新及高精尖产业项目-服务业扩大开放: 标题声明 10 项,解析 20 项
2026-08-28 15:15:41,265 - E:\STangWork\PythonProjects\skp_parser\main.py - WARNING - 分类校验[北京市2021年重点工程计划.xlsx] （五）金融业（6项）-科技创新空间资源: 标题声明 12 项,解析 24 项
2026-08-28 15:15:41,265 - E:\STangWork\PythonProjects\skp_parser\main.py - WARNING - 分类校验[北京市2021年重点工程计划.xlsx] （五）金融业（6项）-文化旅游产业: 标题声明 16 项,解析 32 项
2026-08-28 15:15:46,337 - <stdin> - INFO - [ok] 北京市2021年重点工程计划.xlsx | 600 | 
2026-08-28 15:15:46,860 - E:\STangWork\PythonProjects\skp_parser\main.py - WARNING - 分类校验[2021年上海市重大建设项目清单.xlsx] 社会民生类  29项 523656 何: 标题声明 9 项,解析 29 项
2026-08-28 15:15:46,860 - E:\STangWork\PythonProjects\skp_parser\main.py - WARNING - 分类校验[2021年上海市重大建设项目清单.xlsx] 生态文明建设类  12项 1183114 庄: 标题声明 7 项,解析 12 项
2026-08-28 15:15:46,861 - E:\STangWork\PythonProjects\skp_parser\main.py - WARNING - 分类校验[2021年上海市重大建设项目清单.xlsx] 城市基础设施类  53项 6289325 孙、王: 标题声明 7 项,解析 53 项
2026-08-28 15:15:46,861 - E:\STangWork\PythonProjects\skp_parser\main.py - WARNING - 分类校验[2021年上海市重大建设项目清单.xlsx] 城乡融合与乡村振兴类  13项 3070202 孙、王: 标题声明 7 项,解析 13 项
2026-08-28 15:15:49,887 - <stdin> - INFO - [ok] 2021年上海市重大建设项目清单.xlsx | 215 | 
2026-08-28 15:15:50,286 - E:\STangWork\PythonProjects\skp_parser\parser\xlsx_parser.py - WARNING - E:\STangWork\STangFiles\各省重点项目：2020年起\2021年重点项目\05广西自治区2021年重点项目清单\1：2021年广西第一批（调整后）\附件2 2021年第一批自治区层面统筹推进重大项目（续建）进度目标责任表（调整后）.xlsx[Sheet1]: 前 20 行未找到表头,跳过
2026-08-28 15:15:58,427 - <stdin> - INFO - [ok] 附件2 2021年第一批自治区层面统筹推进重大项目（续建）进度目标责任表（调整后）.xlsx | 896 | 
2026-08-28 15:15:58,834 - E:\STangWork\PythonProjects\skp_parser\parser\xlsx_parser.py - WARNING - E:\STangWork\STangFiles\各省重点项目：2020年起\2021年重点项目\05广西自治区2021年重点项目清单\2：2021年广西第二批\附件2 2021年第二批自治区层面统筹推进重大项目（续建）进度目标责任表.xlsx[Sheet1]: 前 20 行未找到表头,跳过
2026-08-28 15:15:59,895 - <stdin> - INFO - [ok] 附件2 2021年第二批自治区层面统筹推进重大项目（续建）进度目标责任表.xlsx | 42 | 
2026-08-28 15:16:00,115 - E:\STangWork\PythonProjects\skp_parser\parser\xlsx_parser.py - WARNING - E:\STangWork\STangFiles\各省重点项目：2020年起\2021年重点项目\05广西自治区2021年重点项目清单\3：2021年广西第三批\附件2 2021年第三批自治区层面统筹推进重大项目（续建）进度目标责任表.xlsx[Sheet1]: 前 20 行未找到表头,跳过
2026-08-28 15:16:00,337 - <stdin> - INFO - [ok] 附件2 2021年第三批自治区层面统筹推进重大项目（续建）进度目标责任表.xlsx | 26 | 
2026-08-28 15:16:01,879 - <stdin> - INFO - [ok] 2.2021年第四批自治区层面统筹推进重大项目（续建）进度目标责任表.xlsx | 38 | 
2026-08-28 15:16:01,974 - E:\STangWork\PythonProjects\skp_parser\parser\xlsx_parser.py - WARNING - E:\STangWork\STangFiles\各省重点项目：2020年起\2021年重点项目\06内蒙古自治区2021年重点项目清单\内蒙古自治区2021年重点经济合作项目.xlsx[Sheet1]: 前 20 行未找到表头,跳过
2026-08-28 15:16:03,202 - <stdin> - INFO - [ok] 内蒙古自治区2021年重点经济合作项目.xlsx | 381 | 
2026-08-28 15:16:03,402 - E:\STangWork\PythonProjects\skp_parser\main.py - WARNING - 分类校验[1.2021年自治区重点建设项目投资计划.xlsx] 重大产业项目: 标题声明 50 项,解析 68 项
2026-08-28 15:16:03,403 - E:\STangWork\PythonProjects\skp_parser\main.py - WARNING - 分类校验[1.2021年自治区重点建设项目投资计划.xlsx] 重大产业项目-工业: 标题声明 43 项,解析 41 项
2026-08-28 15:16:03,403 - E:\STangWork\PythonProjects\skp_parser\main.py - WARNING - 分类校验[1.2021年自治区重点建设项目投资计划.xlsx] 民生及社会事业项目: 标题声明 18 项,解析 21 项
2026-08-28 15:16:03,403 - E:\STangWork\PythonProjects\skp_parser\main.py - WARNING - 分类校验[1.2021年自治区重点建设项目投资计划.xlsx] 民生及社会事业项目-生态环保: 标题声明 8 项,解析 11 项
2026-08-28 15:16:06,223 - <stdin> - INFO - [ok] 1.2021年自治区重点建设项目投资计划.xlsx | 111 | 
2026-08-28 15:16:06,311 - E:\STangWork\PythonProjects\skp_parser\main.py - WARNING - 分类校验[2.2021年自治区重点预备开工项目投资计划.xlsx] 产业: 标题声明 18 项,解析 19 项
2026-08-28 15:16:06,312 - E:\STangWork\PythonProjects\skp_parser\main.py - WARNING - 分类校验[2.2021年自治区重点预备开工项目投资计划.xlsx] 产业-青铜峡市工业园区精细化工项目: 标题声明 2 项,解析 16 项
2026-08-28 15:16:06,312 - E:\STangWork\PythonProjects\skp_parser\main.py - WARNING - 分类校验[2.2021年自治区重点预备开工项目投资计划.xlsx] 基础设施: 标题声明 10 项,解析 14 项
2026-08-28 15:16:06,312 - E:\STangWork\PythonProjects\skp_parser\main.py - WARNING - 分类校验[2.2021年自治区重点预备开工项目投资计划.xlsx] 基础设施-铁路专用线项目: 标题声明 5 项,解析 9 项
2026-08-28 15:16:06,997 - <stdin> - INFO - [ok] 2.2021年自治区重点预备开工项目投资计划.xlsx | 35 | 
2026-08-28 15:16:07,539 - <stdin> - INFO - [ok] 3.2021年自治区重点前期工作项目计划.xlsx | 40 | 
2026-08-28 15:19:30,164 - <stdin> - INFO - [ok] 安徽省2021年重点项目投资计划.xlsx | 15848 | 
2026-08-28 15:19:51,973 - <stdin> - INFO - [ok] 广东省2021年重点项目计划表.xlsx | 4654 | 
2026-08-28 15:19:52,153 - E:\STangWork\PythonProjects\skp_parser\main.py - WARNING - 分类校验[附件1：中山市2021年市重点建设项目计划表.xlsx] 基础设施项目-新型基础设施建设工程: 标题声明 8 项,解析 0 项
2026-08-28 15:19:52,153 - E:\STangWork\PythonProjects\skp_parser\main.py - WARNING - 分类校验[附件1：中山市2021年市重点建设项目计划表.xlsx] 基础设施项目-交通工程: 标题声明 33 项,解析 0 项
2026-08-28 15:19:52,153 - E:\STangWork\PythonProjects\skp_parser\main.py - WARNING - 分类校验[附件1：中山市2021年市重点建设项目计划表.xlsx] 基础设施项目-能源工程: 标题声明 1 项,解析 0 项
2026-08-28 15:19:52,153 - E:\STangWork\PythonProjects\skp_parser\main.py - WARNING - 分类校验[附件1：中山市2021年市重点建设项目计划表.xlsx] 基础设施项目-市政设施工程: 标题声明 12 项,解析 0 项
2026-08-28 15:19:52,153 - E:\STangWork\PythonProjects\skp_parser\main.py - WARNING - 分类校验[附件1：中山市2021年市重点建设项目计划表.xlsx] 产业工程-新一代电子信息技术工程: 标题声明 20 项,解析 0 项
2026-08-28 15:19:52,153 - E:\STangWork\PythonProjects\skp_parser\main.py - WARNING - 分类校验[附件1：中山市2021年市重点建设项目计划表.xlsx] 产业工程-新开工项目: 标题声明 32 项,解析 43 项
2026-08-28 15:19:52,153 - E:\STangWork\PythonProjects\skp_parser\main.py - WARNING - 分类校验[附件1：中山市2021年市重点建设项目计划表.xlsx] 产业工程-续建项目: 标题声明 60 项,解析 69 项
2026-08-28 15:19:52,153 - E:\STangWork\PythonProjects\skp_parser\main.py - WARNING - 分类校验[附件1：中山市2021年市重点建设项目计划表.xlsx] 产业工程-生物医药工程: 标题声明 13 项,解析 0 项
2026-08-28 15:19:52,153 - E:\STangWork\PythonProjects\skp_parser\main.py - WARNING - 分类校验[附件1：中山市2021年市重点建设项目计划表.xlsx] 产业工程-高端装备制造工程: 标题声明 36 项,解析 0 项
2026-08-28 15:19:52,153 - E:\STangWork\PythonProjects\skp_parser\main.py - WARNING - 分类校验[附件1：中山市2021年市重点建设项目计划表.xlsx] 产业工程-传统产业升级工程: 标题声明 26 项,解析 0 项
2026-08-28 15:19:52,153 - E:\STangWork\PythonProjects\skp_parser\main.py - WARNING - 分类校验[附件1：中山市2021年市重点建设项目计划表.xlsx] 产业工程-产业园平台: 标题声明 12 项,解析 0 项
2026-08-28 15:19:52,154 - E:\STangWork\PythonProjects\skp_parser\main.py - WARNING - 分类校验[附件1：中山市2021年市重点建设项目计划表.xlsx] 产业工程-现代服务业工程: 标题声明 29 项,解析 0 项
2026-08-28 15:19:52,154 - E:\STangWork\PythonProjects\skp_parser\main.py - WARNING - 分类校验[附件1：中山市2021年市重点建设项目计划表.xlsx] 民生工程-教育项目: 标题声明 11 项,解析 0 项
2026-08-28 15:19:52,154 - E:\STangWork\PythonProjects\skp_parser\main.py - WARNING - 分类校验[附件1：中山市2021年市重点建设项目计划表.xlsx] 民生工程-医疗卫生项目: 标题声明 2 项,解析 0 项
2026-08-28 15:19:52,154 - E:\STangWork\PythonProjects\skp_parser\main.py - WARNING - 分类校验[附件1：中山市2021年市重点建设项目计划表.xlsx] 民生工程-文化体育项目: 标题声明 1 项,解析 0 项
2026-08-28 15:19:52,154 - E:\STangWork\PythonProjects\skp_parser\main.py - WARNING - 分类校验[附件1：中山市2021年市重点建设项目计划表.xlsx] 民生工程-生态保护项目: 标题声明 20 项,解析 0 项
2026-08-28 15:19:53,910 - <stdin> - INFO - [ok] 附件1：中山市2021年市重点建设项目计划表.xlsx | 224 | 
2026-08-28 15:19:55,308 - <stdin> - INFO - [ok] 附件2：中山市2021年市重点前期预备项目计划表.xlsx | 151 | 
2026-08-28 15:19:55,540 - <stdin> - INFO - [ok] 2.海南省2021年重点（重大）预备项目投资计划表.xlsx | 50 | 
2026-08-28 15:20:00,400 - <stdin> - INFO - [ok] 附件：1．2021年省重点建设项目形象进度计划.xlsx | 1236 | 
2026-08-28 15:20:00,760 - E:\STangWork\PythonProjects\skp_parser\main.py - WARNING - 分类校验[2022年北京市“3个100”重点工程（清单）.xlsx] 基础设施: 标题声明 11 项,解析 100 项
2026-08-28 15:20:00,760 - E:\STangWork\PythonProjects\skp_parser\main.py - WARNING - 分类校验[2022年北京市“3个100”重点工程（清单）.xlsx] 民生改善项目: 标题声明 6 项,解析 100 项
2026-08-28 15:20:04,467 - <stdin> - INFO - [ok] 2022年北京市“3个100”重点工程（清单）.xlsx | 300 | 
2026-08-28 15:20:20,182 - <stdin> - INFO - [ok] 2022年度青浦区重大项目建设计划表.xlsx | 171 | 
2026-08-28 15:20:24,535 - E:\STangWork\PythonProjects\skp_parser\main.py - WARNING - 通知信息解析失败 重庆市开州区人民政府办公室关于下达开州区2022—2026年重点建设项目五年滚动规划和2022年第一批重点建设项目计划的通知附件.xlsx: No /Root object! - Is this really a PDF?
2026-08-28 15:20:26,393 - <stdin> - INFO - [ok] 重庆市开州区人民政府办公室关于下达开州区2022—2026年重点建设项目五年滚动规划和2022年第一批重点建设项目计划的通知附件.xlsx | 789 | 
2026-08-28 15:20:26,504 - E:\STangWork\PythonProjects\skp_parser\parser\xlsx_parser.py - WARNING - E:\STangWork\STangFiles\各省重点项目：2020年起\2022年重点项目\04重庆市2022年重点项目清单\江北区2022年\附件3：2022年区级政府投资重点前期项目.xlsx[Sheet2]: 前 20 行未找到表头,跳过
2026-08-28 15:20:27,485 - <stdin> - INFO - [ok] 附件3：2022年区级政府投资重点前期项目.xlsx | 76 | 
2026-08-28 15:20:27,546 - E:\STangWork\PythonProjects\skp_parser\parser\xlsx_parser.py - WARNING - E:\STangWork\STangFiles\各省重点项目：2020年起\2022年重点项目\04重庆市2022年重点项目清单\江北区2022年\附件4：2022年区级政府投资一般项目.xlsx[Sheet2]: 前 20 行未找到表头,跳过
2026-08-28 15:20:29,031 - <stdin> - INFO - [ok] 附件4：2022年区级政府投资一般项目.xlsx | 197 | 
2026-08-28 15:20:29,561 - <stdin> - INFO - [ok] 附件1 2022年第一批自治区层面统筹推进重大项目汇总表.xlsx.xlsx | 0 | 
2026-08-28 15:20:31,130 - <stdin> - INFO - [ok] 附件2 2022年第一批自治区层面统筹推进重大项目（新开工）进度目标责任表.xlsx.xlsx | 190 | 
2026-08-28 15:20:34,550 - <stdin> - INFO - [ok] 附件3 2022年第一批自治区层面统筹推进重大项目（续建）进度目标责任表.xlsx.xlsx | 1065 | 
2026-08-28 15:20:35,492 - <stdin> - INFO - [ok] 附件4 2022年第一批自治区层面统筹推进重大项目（竣工投产）进度目标责任表.xlsx.xlsx | 217 | 
2026-08-28 15:20:35,557 - E:\STangWork\PythonProjects\skp_parser\main.py - WARNING - 通知信息解析失败 柳发改重大〔2022〕9号附件1：2022年第一批自治区层面统筹推进重大项目（新开工）进度目标责任表.xlsx.xlsx: No /Root object! - Is this really a PDF?
2026-08-28 15:20:35,660 - <stdin> - INFO - [ok] 柳发改重大〔2022〕9号附件1：2022年第一批自治区层面统筹推进重大项目（新开工）进度目标责任表.xlsx.xlsx | 7 | 
2026-08-28 15:20:35,751 - E:\STangWork\PythonProjects\skp_parser\main.py - WARNING - 通知信息解析失败 柳发改重大〔2022〕9号附件2：2022年第一批自治区层面统筹推进重大项目（续建）进度目标责任表.xlsx.xlsx: No /Root object! - Is this really a PDF?
2026-08-28 15:20:35,844 - <stdin> - INFO - [ok] 柳发改重大〔2022〕9号附件2：2022年第一批自治区层面统筹推进重大项目（续建）进度目标责任表.xlsx.xlsx | 57 | 
2026-08-28 15:20:35,935 - E:\STangWork\PythonProjects\skp_parser\main.py - WARNING - 通知信息解析失败 柳发改重大〔2022〕9号附件3：2022年第一批自治区层面统筹推进重大项目（竣工投产）进度目标责任表.xlsx: No /Root object! - Is this really a PDF?
2026-08-28 15:20:36,036 - <stdin> - INFO - [ok] 柳发改重大〔2022〕9号附件3：2022年第一批自治区层面统筹推进重大项目（竣工投产）进度目标责任表.xlsx | 31 | 
2026-08-28 15:20:36,166 - E:\STangWork\PythonProjects\skp_parser\main.py - WARNING - 通知信息解析失败 市政办〔2022〕7号附件1.xlsx: No /Root object! - Is this really a PDF?
2026-08-28 15:20:37,454 - <stdin> - INFO - [ok] 市政办〔2022〕7号附件1.xlsx | 271 | 
2026-08-28 15:20:37,559 - E:\STangWork\PythonProjects\skp_parser\main.py - WARNING - 通知信息解析失败 市政办〔2022〕7号附件2.xlsx: No /Root object! - Is this really a PDF?
2026-08-28 15:20:37,881 - <stdin> - INFO - [ok] 市政办〔2022〕7号附件2.xlsx | 223 | 
2026-08-28 15:20:38,075 - E:\STangWork\PythonProjects\skp_parser\main.py - WARNING - 通知信息解析失败 市政办〔2022〕7号附件3.xlsx: No /Root object! - Is this really a PDF?
2026-08-28 15:20:41,783 - <stdin> - INFO - [ok] 市政办〔2022〕7号附件3.xlsx | 553 | 
2026-08-28 15:20:41,903 - E:\STangWork\PythonProjects\skp_parser\main.py - WARNING - 通知信息解析失败 市政办〔2022〕7号附件4.xlsx: No /Root object! - Is this really a PDF?
2026-08-28 15:20:42,170 - <stdin> - INFO - [ok] 市政办〔2022〕7号附件4.xlsx | 143 | 
2026-08-28 15:20:42,305 - E:\STangWork\PythonProjects\skp_parser\parser\xlsx_parser.py - WARNING - E:\STangWork\STangFiles\各省重点项目：2020年起\2022年重点项目\05广西自治区2022年重点项目清单\2、2022年广西第二批\附件2 2022年第二批自治区层面统筹推进重大项目（新开工）进度目标责任表.xlsx[Sheet1]: 前 20 行未找到表头,跳过
2026-08-28 15:20:42,420 - <stdin> - INFO - [ok] 附件2 2022年第二批自治区层面统筹推进重大项目（新开工）进度目标责任表.xlsx | 82 | 
2026-08-28 15:20:42,549 - E:\STangWork\PythonProjects\skp_parser\parser\xlsx_parser.py - WARNING - E:\STangWork\STangFiles\各省重点项目：2020年起\2022年重点项目\05广西自治区2022年重点项目清单\2、2022年广西第二批\附件3 2022年第二批自治区层面统筹推进重大项目（续建）进度目标责任表.xlsx[Sheet1]: 前 20 行未找到表头,跳过
2026-08-28 15:20:42,637 - <stdin> - INFO - [ok] 附件3 2022年第二批自治区层面统筹推进重大项目（续建）进度目标责任表.xlsx | 27 | 
2026-08-28 15:20:42,966 - <stdin> - INFO - [ok] 附件4 2022年第二批自治区层面统筹推进重大项目（竣工投产）进度目标责任表.xlsx | 1 | 
2026-08-28 15:20:43,319 - E:\STangWork\PythonProjects\skp_parser\parser\xlsx_parser.py - WARNING - E:\STangWork\STangFiles\各省重点项目：2020年起\2022年重点项目\05广西自治区2022年重点项目清单\2、2022年广西第二批\附件5 2022年第二批自治区层面统筹推进重大项目（预备）进度目标责任表.xlsx[Sheet1]: 前 20 行未找到表头,跳过
2026-08-28 15:20:45,801 - <stdin> - INFO - [ok] 附件5 2022年第二批自治区层面统筹推进重大项目（预备）进度目标责任表.xlsx | 200 | 
2026-08-28 15:20:45,954 - E:\STangWork\PythonProjects\skp_parser\parser\xlsx_parser.py - WARNING - E:\STangWork\STangFiles\各省重点项目：2020年起\2022年重点项目\05广西自治区2022年重点项目清单\3、2022年广西第三批\附件2：2022年第三批自治区层面统筹推进重大项目（新开工）进度目标责任表.xlsx[Sheet1]: 前 20 行未找到表头,跳过
2026-08-28 15:20:47,597 - <stdin> - INFO - [ok] 附件2：2022年第三批自治区层面统筹推进重大项目（新开工）进度目标责任表.xlsx | 60 | 
2026-08-28 15:20:47,705 - E:\STangWork\PythonProjects\skp_parser\parser\xlsx_parser.py - WARNING - E:\STangWork\STangFiles\各省重点项目：2020年起\2022年重点项目\05广西自治区2022年重点项目清单\3、2022年广西第三批\附件3：2022年第三批自治区层面统筹推进重大项目（续建）进度目标责任表.xlsx[Sheet1]: 前 20 行未找到表头,跳过
2026-08-28 15:20:48,301 - <stdin> - INFO - [ok] 附件3：2022年第三批自治区层面统筹推进重大项目（续建）进度目标责任表.xlsx | 17 | 
2026-08-28 15:20:48,609 - <stdin> - INFO - [ok] 附件4：2022年第三批自治区层面统筹推进重大项目（竣工投产）进度目标责任表.xlsx | 2 | 
2026-08-28 15:20:48,759 - E:\STangWork\PythonProjects\skp_parser\parser\xlsx_parser.py - WARNING - E:\STangWork\STangFiles\各省重点项目：2020年起\2022年重点项目\05广西自治区2022年重点项目清单\3、2022年广西第三批\附件5：2022年第三批自治区层面统筹推进重大项目（预备）进度目标责任表.xlsx[Sheet1]: 前 20 行未找到表头,跳过
2026-08-28 15:20:52,155 - <stdin> - INFO - [ok] 附件5：2022年第三批自治区层面统筹推进重大项目（预备）进度目标责任表.xlsx | 428 | 
2026-08-28 15:20:52,954 - <stdin> - INFO - [ok] 附件2：2022年第四批自治区层面统筹推进重大项目（新开工）进度目标责任表.xlsx | 22 | 
2026-08-28 15:20:53,937 - <stdin> - INFO - [ok] 附件3：2022年第四批自治区层面统筹推进重大项目（续建）进度目标责任表.xlsx | 21 | 
2026-08-28 15:20:54,147 - E:\STangWork\PythonProjects\skp_parser\parser\xlsx_parser.py - WARNING - E:\STangWork\STangFiles\各省重点项目：2020年起\2022年重点项目\05广西自治区2022年重点项目清单\4、2022年广西第四批\附件4：2022年第四批自治区层面统筹推进重大项目（预备）进度目标责任表.xlsx[Sheet1]: 前 20 行未找到表头,跳过
2026-08-28 15:20:56,167 - <stdin> - INFO - [ok] 附件4：2022年第四批自治区层面统筹推进重大项目（预备）进度目标责任表.xlsx | 111 | 
2026-08-28 15:20:56,332 - E:\STangWork\PythonProjects\skp_parser\parser\xlsx_parser.py - WARNING - E:\STangWork\STangFiles\各省重点项目：2020年起\2022年重点项目\05广西自治区2022年重点项目清单\附件 2022年上半年自治区层面统筹推进重大项目退出项目清单.xlsx[Sheet2]: 前 20 行未找到表头,跳过
2026-08-28 15:20:56,864 - <stdin> - INFO - [ok] 附件 2022年上半年自治区层面统筹推进重大项目退出项目清单.xlsx | 90 | 
2026-08-28 15:20:58,498 - <stdin> - INFO - [ok] 内蒙古自治区2022年重点经济合作项目.xlsx | 688 | 
2026-08-28 15:20:59,179 - <stdin> - INFO - [ok] 阿拉善左旗2022年重大项目清单.xlsx | 49 | 
2026-08-28 15:20:59,506 - <stdin> - INFO - [ok] 银川市2022年重点建设项目投资计划.xlsx | 71 | 
2026-08-28 15:21:18,724 - E:\STangWork\PythonProjects\skp_parser\main.py - WARNING - 分类校验[附件-1 2022年自治区重点建设项目投资计划.xlsx] 重大产业项目: 标题声明 68 项,解析 88 项
2026-08-28 15:21:18,724 - E:\STangWork\PythonProjects\skp_parser\main.py - WARNING - 分类校验[附件-1 2022年自治区重点建设项目投资计划.xlsx] 重大产业项目-工业项目: 标题声明 54 项,解析 51 项
2026-08-28 15:21:18,724 - E:\STangWork\PythonProjects\skp_parser\main.py - WARNING - 分类校验[附件-1 2022年自治区重点建设项目投资计划.xlsx] 重大产业项目-2022年光伏竞争配置项目: 标题声明 14 项,解析 15 项
2026-08-28 15:21:19,786 - <stdin> - INFO - [ok] 附件-1 2022年自治区重点建设项目投资计划.xlsx | 148 | 
2026-08-28 15:21:27,387 - <stdin> - INFO - [ok] 附件-2 2022年自治区重点预备开工项目投资计划.xlsx | 58 | 
2026-08-28 15:21:27,975 - <stdin> - INFO - [ok] 附件-3 2022年自治区重点前期工作项目投资计划.xlsx | 58 | 
2026-08-28 15:21:38,008 - <stdin> - INFO - [ok] 福州市：2022年度市重点项目目标责任表.xlsx | 1797 | 
2026-08-28 15:21:38,028 - E:\STangWork\PythonProjects\skp_parser\main.py - ERROR - 解析失败 2022年省市重点项目名单.xlsx: File is not a zip file
Traceback (most recent call last):
  File "E:\STangWork\PythonProjects\skp_parser\main.py", line 110, in process_file
    projects = await asyncio.to_thread(parser.parse, str(file_path))
               ^^^^^^^^^^^^^^^^^^^^^^^^^^^^^^^^^^^^^^^^^^^^^^^^^^^^^
  File "E:\miniconda3\envs\py312_stc\Lib\asyncio\threads.py", line 25, in to_thread
    return await loop.run_in_executor(None, func_call)
           ^^^^^^^^^^^^^^^^^^^^^^^^^^^^^^^^^^^^^^^^^^^
  File "E:\miniconda3\envs\py312_stc\Lib\concurrent\futures\thread.py", line 59, in run
    result = self.fn(*self.args, **self.kwargs)
             ^^^^^^^^^^^^^^^^^^^^^^^^^^^^^^^^^^
  File "E:\STangWork\PythonProjects\skp_parser\parser\xlsx_parser.py", line 29, in parse
    workbook = openpyxl.load_workbook(file_path, data_only=True, read_only=True)
               ^^^^^^^^^^^^^^^^^^^^^^^^^^^^^^^^^^^^^^^^^^^^^^^^^^^^^^^^^^^^^^^^^
  File "E:\miniconda3\envs\py312_stc\Lib\site-packages\openpyxl\reader\excel.py", line 346, in load_workbook
    reader = ExcelReader(filename, read_only, keep_vba,
             ^^^^^^^^^^^^^^^^^^^^^^^^^^^^^^^^^^^^^^^^^^
  File "E:\miniconda3\envs\py312_stc\Lib\site-packages\openpyxl\reader\excel.py", line 123, in __init__
    self.archive = _validate_archive(fn)
                   ^^^^^^^^^^^^^^^^^^^^^
  File "E:\miniconda3\envs\py312_stc\Lib\site-packages\openpyxl\reader\excel.py", line 95, in _validate_archive
    archive = ZipFile(filename, 'r')
              ^^^^^^^^^^^^^^^^^^^^^^
  File "E:\miniconda3\envs\py312_stc\Lib\zipfile\__init__.py", line 1371, in __init__
    self._RealGetContents()
  File "E:\miniconda3\envs\py312_stc\Lib\zipfile\__init__.py", line 1438, in _RealGetContents
    raise BadZipFile("File is not a zip file")
zipfile.BadZipFile: File is not a zip file
2026-08-28 15:21:38,446 - <stdin> - INFO - [failed] 2022年省市重点项目名单.xlsx | 0 | 解析失败: File is not a zip file
2026-08-28 15:21:51,902 - <stdin> - INFO - [ok] 2022年三门峡市重点建设项目名单.xlsx | 487 | 
2026-08-28 15:21:53,445 - E:\STangWork\PythonProjects\skp_parser\parser\xlsx_parser.py - WARNING - E:\STangWork\STangFiles\各省重点项目：2020年起\2022年重点项目\17河南省2022年重点项目清单\2022年河南省重点建设项目名单.xlsx[Sheet1]: 前 20 行未找到表头,跳过
2026-08-28 15:22:03,534 - <stdin> - INFO - [ok] 2022年河南省重点建设项目名单.xlsx | 3586 | 
2026-08-28 15:22:08,323 - <stdin> - INFO - [ok] 附件：湖北省2022年省级重点项目.xlsx | 545 | 
2026-08-28 15:22:19,642 - <stdin> - INFO - [ok] 南通市2022年市级重大产业项目清单.xlsx | 231 | 
2026-08-28 15:22:21,252 - <stdin> - INFO - [ok] 太仓市2022年重点项目清单.xlsx | 176 | 
2026-08-28 15:22:23,942 - E:\STangWork\PythonProjects\skp_parser\parser\xlsx_parser.py - WARNING - E:\STangWork\STangFiles\各省重点项目：2020年起\2022年重点项目\23江西省2022年重点项目清单\2022年抚州市\抚州市2022年市重点建设项目计划.xlsx[Sheet2]: 前 20 行未找到表头,跳过
2026-08-28 15:22:23,943 - E:\STangWork\PythonProjects\skp_parser\parser\xlsx_parser.py - WARNING - E:\STangWork\STangFiles\各省重点项目：2020年起\2022年重点项目\23江西省2022年重点项目清单\2022年抚州市\抚州市2022年市重点建设项目计划.xlsx[Sheet3]: 前 20 行未找到表头,跳过
2026-08-28 15:22:23,946 - E:\STangWork\PythonProjects\skp_parser\main.py - WARNING - 分类校验[抚州市2022年市重点建设项目计划.xlsx] 市本级项目138项 13261897.53-基础设施类: 标题声明 42 项,解析 0 项
2026-08-28 15:22:23,946 - E:\STangWork\PythonProjects\skp_parser\main.py - WARNING - 分类校验[抚州市2022年市重点建设项目计划.xlsx] 市本级项目138项 13261897.53-计划建成项目: 标题声明 126 项,解析 138 项
2026-08-28 15:22:23,946 - E:\STangWork\PythonProjects\skp_parser\main.py - WARNING - 分类校验[抚州市2022年市重点建设项目计划.xlsx] 市本级项目138项 13261897.53-社会事业民生类: 标题声明 53 项,解析 0 项
2026-08-28 15:22:23,946 - E:\STangWork\PythonProjects\skp_parser\main.py - WARNING - 分类校验[抚州市2022年市重点建设项目计划.xlsx] 市本级项目138项 13261897.53-产业类: 标题声明 34 项,解析 0 项
2026-08-28 15:22:23,946 - E:\STangWork\PythonProjects\skp_parser\main.py - WARNING - 分类校验[抚州市2022年市重点建设项目计划.xlsx] 市本级项目138项 13261897.53-生态环保类: 标题声明 9 项,解析 0 项
2026-08-28 15:22:23,946 - E:\STangWork\PythonProjects\skp_parser\main.py - WARNING - 分类校验[抚州市2022年市重点建设项目计划.xlsx] 县（区）项目438项 23644703.57: 标题声明 7 项,解析 438 项
2026-08-28 15:22:23,946 - E:\STangWork\PythonProjects\skp_parser\main.py - WARNING - 分类校验[抚州市2022年市重点建设项目计划.xlsx] 县（区）项目438项 23644703.57-基础设施类: 标题声明 74 项,解析 0 项
2026-08-28 15:22:23,946 - E:\STangWork\PythonProjects\skp_parser\main.py - WARNING - 分类校验[抚州市2022年市重点建设项目计划.xlsx] 县（区）项目438项 23644703.57-计划建成项目: 标题声明 389 项,解析 438 项
2026-08-28 15:22:23,946 - E:\STangWork\PythonProjects\skp_parser\main.py - WARNING - 分类校验[抚州市2022年市重点建设项目计划.xlsx] 县（区）项目438项 23644703.57-社会事业民生类: 标题声明 94 项,解析 0 项
2026-08-28 15:22:23,946 - E:\STangWork\PythonProjects\skp_parser\main.py - WARNING - 分类校验[抚州市2022年市重点建设项目计划.xlsx] 县（区）项目438项 23644703.57-产业类: 标题声明 249 项,解析 0 项
2026-08-28 15:22:23,946 - E:\STangWork\PythonProjects\skp_parser\main.py - WARNING - 分类校验[抚州市2022年市重点建设项目计划.xlsx] 县（区）项目438项 23644703.57-生态环保类: 标题声明 21 项,解析 0 项
2026-08-28 15:22:25,437 - <stdin> - INFO - [ok] 抚州市2022年市重点建设项目计划.xlsx | 576 | 
2026-08-28 15:22:28,426 - <stdin> - INFO - [ok] 汉中市2022年重点项目计划（公开）.xlsx | 496 | 
2026-08-28 15:22:28,590 - E:\STangWork\PythonProjects\skp_parser\parser\xlsx_parser.py - WARNING - E:\STangWork\STangFiles\各省重点项目：2020年起\2022年重点项目\28陕西省2022年重点项目清单\陕西省2022年重点建设项目计划.xlsx[总项目清单]: 前 20 行未找到表头,跳过
2026-08-28 15:22:28,593 - E:\STangWork\PythonProjects\skp_parser\parser\xlsx_parser.py - WARNING - E:\STangWork\STangFiles\各省重点项目：2020年起\2022年重点项目\28陕西省2022年重点项目清单\陕西省2022年重点建设项目计划.xlsx[续建项目]: 前 20 行未找到表头,跳过
2026-08-28 15:22:28,598 - E:\STangWork\PythonProjects\skp_parser\parser\xlsx_parser.py - WARNING - E:\STangWork\STangFiles\各省重点项目：2020年起\2022年重点项目\28陕西省2022年重点项目清单\陕西省2022年重点建设项目计划.xlsx[新开工项目]: 前 20 行未找到表头,跳过
2026-08-28 15:22:28,846 - <stdin> - INFO - [ok] 陕西省2022年重点建设项目计划.xlsx | 0 | 
2026-08-28 15:22:29,062 - E:\STangWork\PythonProjects\skp_parser\parser\xlsx_parser.py - WARNING - E:\STangWork\STangFiles\各省重点项目：2020年起\2022年重点项目\29四川省2022年重点项目清单\2022年巴中市\巴中市2022年市级重点项目建设计划建议表(公示）.xlsx[1KCVGwlGx1nDPl]: 前 20 行未找到表头,跳过
2026-08-28 15:22:29,742 - <stdin> - INFO - [ok] 巴中市2022年市级重点项目建设计划建议表(公示）.xlsx | 201 | 
2026-08-28 15:22:32,811 - <stdin> - INFO - [ok] 广安市2022年省市重点项目表.xlsx | 110 | 
2026-08-28 15:22:34,862 - <stdin> - INFO - [ok] 2022年甘孜州重点项目名单.xlsx | 394 | 
2026-08-28 15:22:36,653 - <stdin> - INFO - [ok] 绵阳市2022年省市重点项目名单.xlsx | 338 | 
2026-08-28 15:22:39,714 - <stdin> - INFO - [ok] 附件1.云南省2022年度省级重大项目清单-1.xlsx | 1239 | 
2026-08-28 15:22:40,132 - <stdin> - INFO - [ok] 附件2.云南省2022年度“重中之重”项目清单.xlsx | 104 | 
2026-08-28 15:22:41,118 - <stdin> - INFO - [ok] （调整后）1.云南省2022年度省级重大项目清单.xlsx.xlsx | 1260 | 
2026-08-28 15:22:42,194 - <stdin> - INFO - [ok] （调整后）2.云南省2022年度“重中之重”项目清单.xlsx.xlsx | 114 | 
2026-08-28 15:22:46,220 - <stdin> - INFO - [ok] 附件 台州市2022年重点建设项目计划表.xlsx | 526 | 
2026-08-28 15:23:06,003 - <stdin> - INFO - [ok] 附件1：2022年度市重点建设项目计划表.xlsx | 175 | 
2026-08-28 15:23:06,111 - E:\STangWork\PythonProjects\skp_parser\main.py - WARNING - 分类校验[2023年上海市重大工程清单.xlsx] 社会民生类  27项: 标题声明 13 项,解析 27 项
2026-08-28 15:23:06,112 - E:\STangWork\PythonProjects\skp_parser\main.py - WARNING - 分类校验[2023年上海市重大工程清单.xlsx] 生态文明建设类  17项: 标题声明 1 项,解析 17 项
2026-08-28 15:23:06,112 - E:\STangWork\PythonProjects\skp_parser\main.py - WARNING - 分类校验[2023年上海市重大工程清单.xlsx] 城市基础设施类  62项: 标题声明 1 项,解析 62 项
2026-08-28 15:23:06,112 - E:\STangWork\PythonProjects\skp_parser\main.py - WARNING - 分类校验[2023年上海市重大工程清单.xlsx] 城乡融合与乡村振兴类  8项: 标题声明 7 项,解析 8 项
2026-08-28 15:23:07,560 - <stdin> - INFO - [ok] 2023年上海市重大工程清单.xlsx | 241 | 
2026-08-28 15:23:08,210 - E:\STangWork\PythonProjects\skp_parser\parser\xlsx_parser.py - WARNING - E:\STangWork\STangFiles\各省重点项目：2020年起\2023年重点项目\04重庆市2023年重点项目清单\2023年北碚区\附件：北碚区2023年重点项目工作计划.xlsx[Sheet1]: 前 20 行未找到表头,跳过
2026-08-28 15:23:08,211 - E:\STangWork\PythonProjects\skp_parser\main.py - WARNING - 分类校验[附件：北碚区2023年重点项目工作计划.xlsx] （三）轨道交通（2项）-农林水基础设施: 标题声明 5 项,解析 0 项
2026-08-28 15:23:08,211 - E:\STangWork\PythonProjects\skp_parser\main.py - WARNING - 分类校验[附件：北碚区2023年重点项目工作计划.xlsx] （三）轨道交通（2项）-北碚区金刀峡水库工程 前期 农发公司 扩建小（1）型饮用水源工农水库为中型饮用水源金刀峡水库，主要由枢纽工程和输水工程两部分组成，其中：枢纽工程大坝为C15埋石混凝土重力坝，最大坝高52.8m，总库容1381万m³；输水工程包括灌溉: 标题声明 5 项,解析 4 项
2026-08-28 15:23:09,953 - <stdin> - INFO - [ok] 附件：北碚区2023年重点项目工作计划.xlsx | 282 | 
2026-08-28 15:23:22,053 - E:\STangWork\PythonProjects\skp_parser\main.py - WARNING - 通知信息解析失败 奉节委办发〔2023〕1号附件.xlsx: No /Root object! - Is this really a PDF?
2026-08-28 15:23:22,997 - <stdin> - INFO - [ok] 奉节委办发〔2023〕1号附件.xlsx | 378 | 
2026-08-28 15:23:24,016 - <stdin> - INFO - [ok] 2023年度巴南区级重点项目.xlsx | 135 | 
2026-08-28 15:23:25,132 - <stdin> - INFO - [ok] 渝北区2023年重点项目名单.xlsx | 207 | 
2026-08-28 15:23:29,931 - <stdin> - INFO - [ok] 附件：桂林市2023年市级层面重大项目投资计划表.xlsx.xlsx | 1012 | 
2026-08-28 15:23:33,202 - <stdin> - INFO - [ok] （贵重点项目办3号附件）贵港市2023年市级层面重大项目目标责任表.xlsx.xlsx | 951 | 
2026-08-28 15:23:37,368 - <stdin> - INFO - [ok] 2023年自治区层面统筹推进重大项目（新开工）进度目标责任表.xlsx.xlsx | 606 | 
2026-08-28 15:23:40,351 - <stdin> - INFO - [ok] 2023年自治区层面统筹推进重大项目（竣工投产）进度目标责任表.xlsx.xlsx | 255 | 
2026-08-28 15:23:45,101 - <stdin> - INFO - [ok] 2023年自治区层面统筹推进重大项目（续建）进度目标责任表.xlsx.xlsx | 1283 | 
2026-08-28 15:23:46,764 - <stdin> - INFO - [ok] 2023年第二批自治区层面统筹推进重大项目（新开工）进度目标责任表.xlsx | 22 | 
2026-08-28 15:23:47,426 - <stdin> - INFO - [ok] 2023年第二批自治区层面统筹推进重大项目（续建）进度目标责任表.xlsx | 19 | 
2026-08-28 15:23:47,688 - E:\STangWork\PythonProjects\skp_parser\parser\xlsx_parser.py - WARNING - E:\STangWork\STangFiles\各省重点项目：2020年起\2023年重点项目\06内蒙古自治区2023年重点项目清单\2023年呼和浩特市\附件下载1：经开区2023年城市建设重点项目册.xlsx.xlsx[Sheet3]: 前 20 行未找到表头,跳过
2026-08-28 15:23:47,691 - E:\STangWork\PythonProjects\skp_parser\parser\xlsx_parser.py - WARNING - E:\STangWork\STangFiles\各省重点项目：2020年起\2023年重点项目\06内蒙古自治区2023年重点项目清单\2023年呼和浩特市\附件下载1：经开区2023年城市建设重点项目册.xlsx.xlsx[Sheet31]: 前 20 行未找到表头,跳过
2026-08-28 15:23:47,789 - E:\STangWork\PythonProjects\skp_parser\main.py - WARNING - 分类校验[附件下载1：经开区2023年城市建设重点项目册.xlsx.xlsx] 基础设施类（共32项） （一）供排水管网工程（共17项） 11 工农路（阳光大街至开放大街）雨水管线工程。 新建DN1500雨水重力流管道长约810m。 2023年4月-2023年6月 新建 504 504 504 开发区财政预算和专项债 开发区公用事业公: 标题声明 32 项,解析 8 项
2026-08-28 15:23:47,790 - E:\STangWork\PythonProjects\skp_parser\main.py - WARNING - 分类校验[附件下载1：经开区2023年城市建设重点项目册.xlsx.xlsx] 基础设施类（共32项） （三）强弱电设施及管线（共7项） 20 世纪大街（胜利路至209国道）电力排管工程。 电力排管12孔，长度约2380米。 2023年4月-2023年7月 新建 900 900 900 开发区财政预算 建通公司: 标题声明 32 项,解析 8 项
2026-08-28 15:23:47,790 - E:\STangWork\PythonProjects\skp_parser\main.py - WARNING - 分类校验[附件下载1：经开区2023年城市建设重点项目册.xlsx.xlsx] 基础设施类（共32项） （六）新基建工程（共4项） 29 5G基站 新建5/4G基站17座，为灯杆景观塔室外一体柜结构形式。 2023年5月-2023年9月 新建 2074 2074 2074 社会资本 建通公司: 标题声明 32 项,解析 3 项
2026-08-28 15:23:47,790 - E:\STangWork\PythonProjects\skp_parser\main.py - WARNING - 分类校验[附件下载1：经开区2023年城市建设重点项目册.xlsx.xlsx] 生态环境治理类（共2项） （一）雨水散排治理 33 沙尔沁工业区雨水散排治理工程 2022年计划对沙尔沁工业园区雨水散排问题进行集中治理改造，沿工农路出口方向新建明渠，并对现有沟渠、连心坝，进行改造修整。 2023年4月-2023年7月 新建 1934 1: 标题声明 2 项,解析 1 项
2026-08-28 15:23:47,790 - E:\STangWork\PythonProjects\skp_parser\main.py - WARNING - 分类校验[附件下载1：经开区2023年城市建设重点项目册.xlsx.xlsx] 城市更新类（共2项） 积水点改造工程 35 如意和大街（领海西路至科尔沁快速路）积水点改建工程。 单侧布置DN600至DN1000长度约1000米的雨水管，同时修建过路雨水收集管。 2023年3月-2023年4月 新建 500 500 500 开发区财政预: 标题声明 2 项,解析 30 项
2026-08-28 15:23:47,790 - E:\STangWork\PythonProjects\skp_parser\main.py - WARNING - 分类校验[附件下载1：经开区2023年城市建设重点项目册.xlsx.xlsx] 市政基础设施建设工程（共33项） （一）供排水管网工程（共13项） 60893 6400 7370 34325 48095 企业自筹及专项债 公用事业公司: 标题声明 33 项,解析 0 项
2026-08-28 15:23:47,790 - E:\STangWork\PythonProjects\skp_parser\main.py - WARNING - 分类校验[附件下载1：经开区2023年城市建设重点项目册.xlsx.xlsx] 生态环境建设工程（共2项） （一）雨水散排治理 1934 1934 1934 财政预算 公用事业公司: 标题声明 2 项,解析 0 项
2026-08-28 15:23:47,790 - E:\STangWork\PythonProjects\skp_parser\main.py - WARNING - 分类校验[附件下载1：经开区2023年城市建设重点项目册.xlsx.xlsx] 城市更新类（共2项） 积水点改造工程 500 500 500: 标题声明 2 项,解析 0 项
2026-08-28 15:23:47,790 - E:\STangWork\PythonProjects\skp_parser\main.py - WARNING - 分类校验[附件下载1：经开区2023年城市建设重点项目册.xlsx.xlsx] 市政基础设施建设工程（共33项） （一）供排水管网工程（共17项） 10 如意和大街（领海西路至科尔沁快速路）雨水管网改建工程。 单侧布置DN600至DN1000长度约1000米的雨水管，同时修建过路雨水收集管。 2023年4月-2023年6月 新建 50: 标题声明 33 项,解析 9 项
2026-08-28 15:23:47,790 - E:\STangWork\PythonProjects\skp_parser\main.py - WARNING - 分类校验[附件下载1：经开区2023年城市建设重点项目册.xlsx.xlsx] 市政基础设施建设工程（共33项） （三）强弱电设施及管线（共7项） 20 世纪大街（胜利路至209国道）电力排管工程。 电力排管12孔，长度约2380米。 2023年4月-2023年7月 新建 900 900 900 开发区财政预算 建通公司: 标题声明 33 项,解析 8 项
2026-08-28 15:23:47,790 - E:\STangWork\PythonProjects\skp_parser\main.py - WARNING - 分类校验[附件下载1：经开区2023年城市建设重点项目册.xlsx.xlsx] 市政基础设施建设工程（共33项） （六）新基建工程（共5项） 29 5G基站 新建5/4G基站22座，为灯杆景观塔室外一体柜结构形式。 2023年5月-2023年9月 新建 2684 2684 2684 社会资本 建通公司: 标题声明 33 项,解析 4 项
2026-08-28 15:23:47,790 - E:\STangWork\PythonProjects\skp_parser\main.py - WARNING - 分类校验[附件下载1：经开区2023年城市建设重点项目册.xlsx.xlsx] 市政基础设施建设工程（共33项） （一）供排水管网工程（共17项） 0: 标题声明 33 项,解析 0 项
2026-08-28 15:23:47,790 - E:\STangWork\PythonProjects\skp_parser\main.py - WARNING - 分类校验[附件下载1：经开区2023年城市建设重点项目册.xlsx.xlsx] 市政基础设施建设工程（共33项） （一）供排水管网工程（共17项） 0-污水处理设施工程（共2项） 0: 标题声明 2 项,解析 0 项
2026-08-28 15:23:47,791 - E:\STangWork\PythonProjects\skp_parser\main.py - WARNING - 分类校验[附件下载1：经开区2023年城市建设重点项目册.xlsx.xlsx] 市政基础设施建设工程（共33项） （一）供排水管网工程（共17项） 0-热源热网建设工程（共1项） 0: 标题声明 1 项,解析 0 项
2026-08-28 15:23:47,791 - E:\STangWork\PythonProjects\skp_parser\main.py - WARNING - 分类校验[附件下载1：经开区2023年城市建设重点项目册.xlsx.xlsx] 市政基础设施建设工程（共33项） （一）供排水管网工程（共17项） 0-半拉子工程（共1项） 0: 标题声明 1 项,解析 0 项
2026-08-28 15:23:47,791 - E:\STangWork\PythonProjects\skp_parser\main.py - WARNING - 分类校验[附件下载1：经开区2023年城市建设重点项目册.xlsx.xlsx] 市政基础设施建设工程（共33项） （一）供排水管网工程（共17项） 0-新基建工程（共5项） 0: 标题声明 5 项,解析 0 项
2026-08-28 15:23:48,924 - <stdin> - INFO - [ok] 附件下载1：经开区2023年城市建设重点项目册.xlsx.xlsx | 339 | 
2026-08-28 15:24:05,801 - <stdin> - INFO - [ok] 附件：内蒙古自治区2023年计划实施重点民间投资项目清单.xlsx | 2618 | 
2026-08-28 15:24:06,965 - <stdin> - INFO - [ok] 滁州市2023年城建重点项目建设计划表（续建、新建、储备）.xlsx | 237 | 
2026-08-28 15:24:11,806 - <stdin> - INFO - [ok] 2023年度市级重点项目名录.xlsx | 2034 | 
2026-08-28 15:24:13,101 - E:\STangWork\PythonProjects\skp_parser\main.py - ERROR - 解析失败 1.金昌市2023年重点投资项目清单.xlsx: Value does not match pattern ^[$]?([A-Za-z]{1,3})[$]?(\d+)(:[$]?([A-Za-z]{1,3})[$]?(\d+)?)?$|^[A-Za-z]{1,3}:[A-Za-z]{1,3}$
Traceback (most recent call last):
  File "E:\STangWork\PythonProjects\skp_parser\main.py", line 110, in process_file
    projects = await asyncio.to_thread(parser.parse, str(file_path))
               ^^^^^^^^^^^^^^^^^^^^^^^^^^^^^^^^^^^^^^^^^^^^^^^^^^^^^
  File "E:\miniconda3\envs\py312_stc\Lib\asyncio\threads.py", line 25, in to_thread
    return await loop.run_in_executor(None, func_call)
           ^^^^^^^^^^^^^^^^^^^^^^^^^^^^^^^^^^^^^^^^^^^
  File "E:\miniconda3\envs\py312_stc\Lib\concurrent\futures\thread.py", line 59, in run
    result = self.fn(*self.args, **self.kwargs)
             ^^^^^^^^^^^^^^^^^^^^^^^^^^^^^^^^^^
  File "E:\STangWork\PythonProjects\skp_parser\parser\xlsx_parser.py", line 33, in parse
    projects.extend(self._parse_sheet(file_path, sheet))
                    ^^^^^^^^^^^^^^^^^^^^^^^^^^^^^^^^^^^
  File "E:\STangWork\PythonProjects\skp_parser\parser\xlsx_parser.py", line 70, in _parse_sheet
    for row in sheet.iter_rows(min_row=header_idx + 2, values_only=True):
               ^^^^^^^^^^^^^^^^^^^^^^^^^^^^^^^^^^^^^^^^^^^^^^^^^^^^^^^^^
  File "E:\miniconda3\envs\py312_stc\Lib\site-packages\openpyxl\worksheet\_read_only.py", line 85, in _cells_by_row
    for idx, row in parser.parse():
                    ^^^^^^^^^^^^^^
  File "E:\miniconda3\envs\py312_stc\Lib\site-packages\openpyxl\worksheet\_reader.py", line 163, in parse
    obj = prop[1].from_tree(element)
          ^^^^^^^^^^^^^^^^^^^^^^^^^^
  File "E:\miniconda3\envs\py312_stc\Lib\site-packages\openpyxl\descriptors\serialisable.py", line 103, in from_tree
    return cls(**attrib)
           ^^^^^^^^^^^^^
  File "E:\miniconda3\envs\py312_stc\Lib\site-packages\openpyxl\worksheet\filters.py", line 447, in __init__
    self.ref = ref
    ^^^^^^^^
  File "E:\miniconda3\envs\py312_stc\Lib\site-packages\openpyxl\descriptors\excel.py", line 103, in __set__
    super().__set__(instance, value)
  File "E:\miniconda3\envs\py312_stc\Lib\site-packages\openpyxl\descriptors\base.py", line 257, in __set__
    raise ValueError('Value does not match pattern {0}'.format(self.pattern))
ValueError: Value does not match pattern ^[$]?([A-Za-z]{1,3})[$]?(\d+)(:[$]?([A-Za-z]{1,3})[$]?(\d+)?)?$|^[A-Za-z]{1,3}:[A-Za-z]{1,3}$
2026-08-28 15:24:13,148 - <stdin> - INFO - [failed] 1.金昌市2023年重点投资项目清单.xlsx | 0 | 解析失败: Value does not match pattern ^[$]?([A-Za-z]{1,3})[$]?(\d+)(:[$]?([A-Za-z]{1,3})[$]?(\d+)?)?$|^[A-Za-z]{1,3}:[A-Za-z]{1,3}$
2026-08-28 15:24:17,544 - <stdin> - INFO - [ok] 2.金昌市2023年重大前期项目清单.xlsx | 106 | 
2026-08-28 15:24:18,105 - E:\STangWork\PythonProjects\skp_parser\main.py - WARNING - 分类校验[附件1：中山市2023年市重点建设项目计划表.xlsx] 基础设施工程-交通工程: 标题声明 19 项,解析 0 项
2026-08-28 15:24:18,105 - E:\STangWork\PythonProjects\skp_parser\main.py - WARNING - 分类校验[附件1：中山市2023年市重点建设项目计划表.xlsx] 基础设施工程-续建项目: 标题声明 31 项,解析 45 项
2026-08-28 15:24:18,105 - E:\STangWork\PythonProjects\skp_parser\main.py - WARNING - 分类校验[附件1：中山市2023年市重点建设项目计划表.xlsx] 基础设施工程-计划投产项目: 标题声明 9 项,解析 11 项
2026-08-28 15:24:18,105 - E:\STangWork\PythonProjects\skp_parser\main.py - WARNING - 分类校验[附件1：中山市2023年市重点建设项目计划表.xlsx] 基础设施工程-能源工程: 标题声明 3 项,解析 0 项
2026-08-28 15:24:18,105 - E:\STangWork\PythonProjects\skp_parser\main.py - WARNING - 分类校验[附件1：中山市2023年市重点建设项目计划表.xlsx] 基础设施工程-水务工程: 标题声明 21 项,解析 0 项
2026-08-28 15:24:18,105 - E:\STangWork\PythonProjects\skp_parser\main.py - WARNING - 分类校验[附件1：中山市2023年市重点建设项目计划表.xlsx] 基础设施工程-城市建设工程: 标题声明 44 项,解析 0 项
2026-08-28 15:24:18,105 - E:\STangWork\PythonProjects\skp_parser\main.py - WARNING - 分类校验[附件1：中山市2023年市重点建设项目计划表.xlsx] 产业工程-工业项目: 标题声明 184 项,解析 0 项
2026-08-28 15:24:18,105 - E:\STangWork\PythonProjects\skp_parser\main.py - WARNING - 分类校验[附件1：中山市2023年市重点建设项目计划表.xlsx] 产业工程-现代服务业工程: 标题声明 31 项,解析 0 项
2026-08-28 15:24:18,105 - E:\STangWork\PythonProjects\skp_parser\main.py - WARNING - 分类校验[附件1：中山市2023年市重点建设项目计划表.xlsx] 民生保障工程-社会事业项目: 标题声明 8 项,解析 0 项
2026-08-28 15:24:18,105 - E:\STangWork\PythonProjects\skp_parser\main.py - WARNING - 分类校验[附件1：中山市2023年市重点建设项目计划表.xlsx] 民生保障工程-居民保障项目: 标题声明 19 项,解析 0 项
2026-08-28 15:24:20,125 - <stdin> - INFO - [ok] 附件1：中山市2023年市重点建设项目计划表.xlsx | 329 | 
2026-08-28 15:24:22,091 - <stdin> - INFO - [ok] 附件2：中山市2023年市重点前期预备项目计划表.xlsx | 118 | 
2026-08-28 15:24:24,481 - <stdin> - INFO - [ok] 深圳市2023年重大项目计划清单.xlsx | 830 | 
2026-08-28 15:24:24,712 - E:\STangWork\PythonProjects\skp_parser\parser\xlsx_parser.py - WARNING - E:\STangWork\STangFiles\各省重点项目：2020年起\2023年重点项目\14贵州省2023年重点项目清单\2023年贵阳贵安\2023年贵阳贵安省重大工程和重点项目信息表.xlsx[Sheet1]: 前 20 行未找到表头,跳过
2026-08-28 15:24:26,974 - <stdin> - INFO - [ok] 2023年贵阳贵安省重大工程和重点项目信息表.xlsx | 681 | 
2026-08-28 15:24:27,077 - E:\STangWork\PythonProjects\skp_parser\parser\xlsx_parser.py - WARNING - E:\STangWork\STangFiles\各省重点项目：2020年起\2023年重点项目\16河北省2023年重点项目清单\2023年邢台市\一、二、三批市本级重点项目白名单 （2023年第一次动态调整整）.xlsx.xlsx[1、2、3批共计166家]: 前 20 行未找到表头,跳过
2026-08-28 15:24:28,191 - <stdin> - INFO - [ok] 一、二、三批市本级重点项目白名单 （2023年第一次动态调整整）.xlsx.xlsx | 0 | 
2026-08-28 15:24:31,234 - <stdin> - INFO - [ok] 附件：2023年市重点项目名单.xlsx | 616 | 
2026-08-28 15:24:31,278 - E:\STangWork\PythonProjects\skp_parser\main.py - WARNING - 分类校验[1.襄阳市2023年省级重点项目建设计划.xlsx] 续建项目: 标题声明 32 项,解析 31 项
2026-08-28 15:24:31,278 - E:\STangWork\PythonProjects\skp_parser\main.py - WARNING - 分类校验[1.襄阳市2023年省级重点项目建设计划.xlsx] 续建项目-生态文明建设类: 标题声明 2 项,解析 1 项
2026-08-28 15:24:31,278 - E:\STangWork\PythonProjects\skp_parser\main.py - WARNING - 分类校验[1.襄阳市2023年省级重点项目建设计划.xlsx] 续建项目-湖北汉江新集水电站 新建 襄阳市 2018-420600-76-02-080107 项目新集水电站为Ⅱ等大(2)型工程，水库正常蓄水位76.23米，总库容4.22亿立方米，电站拟以110千伏一级电压接入系统。电站装机容量120兆瓦，设计多年平均发: 标题声明 2 项,解析 0 项
2026-08-28 15:24:31,916 - <stdin> - INFO - [ok] 1.襄阳市2023年省级重点项目建设计划.xlsx | 37 | 
2026-08-28 15:24:33,043 - <stdin> - INFO - [ok] 2.襄阳市2023年市级重点项目建设计划.xlsx | 115 | 
2026-08-28 15:24:33,453 - <stdin> - INFO - [ok] 2023年市级重点项目清单(0529).xlsx | 138 | 
2026-08-28 15:24:33,588 - E:\STangWork\PythonProjects\skp_parser\main.py - WARNING - 分类校验[2023湖北省重点项目清单.xlsx] 、续建项目: 标题声明 291 项,解析 288 项
2026-08-28 15:24:33,588 - E:\STangWork\PythonProjects\skp_parser\main.py - WARNING - 分类校验[2023湖北省重点项目清单.xlsx] 、续建项目-重大基础设施类: 标题声明 73 项,解析 58 项
2026-08-28 15:24:33,588 - E:\STangWork\PythonProjects\skp_parser\main.py - WARNING - 分类校验[2023湖北省重点项目清单.xlsx] 、续建项目-湖北长阳清江抽水蓄能电站 新建 长阳县 2204-420000-04-01-159102 清江抽水蓄能电站为一等大(1)型工程，电站初选装机容量1200MW安装4台单机容量300MW的水泵水轮机发电电动机机组，主要包括上水库、输水发电系统、地下: 标题声明 73 项,解析 2 项
2026-08-28 15:24:33,588 - E:\STangWork\PythonProjects\skp_parser\main.py - WARNING - 分类校验[2023湖北省重点项目清单.xlsx] 、续建项目-湖北长阳清江抽水蓄能电站 新建 长阳县 2204-420000-04-01-湖北紫云山抽水蓄能电站 新建 黄梅县 2204-42000004-01-976606 电站装机容量1400MW,装机4台，单机容量350MW。工程属一等大(1)型工程，: 标题声明 73 项,解析 11 项
2026-08-28 15:24:33,588 - E:\STangWork\PythonProjects\skp_parser\main.py - WARNING - 分类校验[2023湖北省重点项目清单.xlsx] 、续建项目-湖北长阳清江抽水蓄能电站 新建 长阳县 2204-420000-04-01-湖北紫云山抽水蓄能电站 新建 黄梅县 2204-42000004-01-生态文明建设类: 标题声明 17 项,解析 3 项
2026-08-28 15:24:33,588 - E:\STangWork\PythonProjects\skp_parser\main.py - WARNING - 分类校验[2023湖北省重点项目清单.xlsx] 、续建项目-湖北长阳清江抽水蓄能电站 新建 长阳县 2204-420000-04-01-湖北紫云山抽水蓄能电站 新建 黄梅县 2204-42000004-01-湖北汉江新集水电站 新建 襄阳市 2018-42060076-02-080107 新集水电站为Ⅱ: 标题声明 17 项,解析 13 项
2026-08-28 15:24:33,588 - E:\STangWork\PythonProjects\skp_parser\main.py - WARNING - 分类校验[2023湖北省重点项目清单.xlsx] 、新开工项目: 标题声明 138 项,解析 137 项
2026-08-28 15:24:33,588 - E:\STangWork\PythonProjects\skp_parser\main.py - WARNING - 分类校验[2023湖北省重点项目清单.xlsx] 、新开工项目-生态文明建设类: 标题声明 9 项,解析 8 项
2026-08-28 15:24:33,588 - E:\STangWork\PythonProjects\skp_parser\main.py - WARNING - 分类校验[2023湖北省重点项目清单.xlsx] 、新开工项目-湖北姚家平水利枢纽工程 新建 恩施市 2110-000000-04-01-969171 工程由大坝(碾压混凝土拱坝，坝高175m,坝顶高程750m,坝顶长度486m)、泄水建筑物、发电引水建筑物、发电引水隧洞、发电厂房等组成。水库设计正常蓄水: 标题声明 9 项,解析 0 项
2026-08-28 15:24:35,889 - <stdin> - INFO - [ok] 2023湖北省重点项目清单.xlsx | 498 | 
2026-08-28 15:24:36,136 - E:\STangWork\PythonProjects\skp_parser\main.py - WARNING - 分类校验[2023湖北省重点项目清单（数据）.xlsx] 、续建项目: 标题声明 291 项,解析 288 项
2026-08-28 15:24:36,136 - E:\STangWork\PythonProjects\skp_parser\main.py - WARNING - 分类校验[2023湖北省重点项目清单（数据）.xlsx] 、续建项目-重大基础设施类: 标题声明 73 项,解析 58 项
2026-08-28 15:24:36,136 - E:\STangWork\PythonProjects\skp_parser\main.py - WARNING - 分类校验[2023湖北省重点项目清单（数据）.xlsx] 、续建项目-湖北长阳清江抽水蓄能电站 新建 长阳县 2204-420000-
04-01-159102 清江抽水蓄能电站为一等大(1)型工程，电站初选装机容量1200MW
安装4台单机容量300MW的水泵水轮机发电电动机机组，主要包括上水
库、输水发电系统: 标题声明 73 项,解析 2 项
2026-08-28 15:24:36,136 - E:\STangWork\PythonProjects\skp_parser\main.py - WARNING - 分类校验[2023湖北省重点项目清单（数据）.xlsx] 、续建项目-湖北长阳清江抽水蓄能电站 新建 长阳县 2204-420000-
04-01-湖北紫云山抽水蓄能电站 新建 黄梅县 2204-420000
04-01-976606 电站装机容量1400MW,装机4台，单机容量350MW。工程属一等大
(1)型: 标题声明 73 项,解析 11 项
2026-08-28 15:24:36,136 - E:\STangWork\PythonProjects\skp_parser\main.py - WARNING - 分类校验[2023湖北省重点项目清单（数据）.xlsx] 、续建项目-湖北长阳清江抽水蓄能电站 新建 长阳县 2204-420000-
04-01-湖北紫云山抽水蓄能电站 新建 黄梅县 2204-420000
04-01-生态文明建设类: 标题声明 17 项,解析 3 项
2026-08-28 15:24:36,136 - E:\STangWork\PythonProjects\skp_parser\main.py - WARNING - 分类校验[2023湖北省重点项目清单（数据）.xlsx] 、续建项目-湖北长阳清江抽水蓄能电站 新建 长阳县 2204-420000-
04-01-湖北紫云山抽水蓄能电站 新建 黄梅县 2204-420000
04-01-湖北汉江新集水电站 新建 襄阳市 2018-420600
76-02-080107 新集水电: 标题声明 17 项,解析 13 项
2026-08-28 15:24:36,137 - E:\STangWork\PythonProjects\skp_parser\main.py - WARNING - 分类校验[2023湖北省重点项目清单（数据）.xlsx] 、新开工项目: 标题声明 138 项,解析 0 项
2026-08-28 15:24:36,137 - E:\STangWork\PythonProjects\skp_parser\main.py - WARNING - 分类校验[2023湖北省重点项目清单（数据）.xlsx] 、新开工项目-( 一 )重大产业发展类: 标题声明 53 项,解析 0 项
2026-08-28 15:24:36,137 - E:\STangWork\PythonProjects\skp_parser\main.py - WARNING - 分类校验[2023湖北省重点项目清单（数据）.xlsx] 武汉市临-生态文明建设类: 标题声明 9 项,解析 8 项
2026-08-28 15:24:36,137 - E:\STangWork\PythonProjects\skp_parser\main.py - WARNING - 分类校验[2023湖北省重点项目清单（数据）.xlsx] 武汉市临-湖北姚家平水利枢纽工程 新建 恩施市 2110-000000-
04-01-969171 工程由大坝(碾压混凝土拱坝，坝高175m,坝顶高程750m,坝顶长度
486m)、泄水建筑物、发电引水建筑物、发电引水隧洞、发电厂房等
组成。水库设计正常蓄: 标题声明 9 项,解析 0 项
2026-08-28 15:24:38,701 - <stdin> - INFO - [ok] 2023湖北省重点项目清单（数据）.xlsx | 496 | 
2026-08-28 15:24:39,485 - <stdin> - INFO - [ok] 南通市2023年市级重大产业项目清单.xlsx | 211 | 
2026-08-28 15:24:40,086 - <stdin> - INFO - [ok] 徐州市2023年度城建重点工程计划.xlsx | 110 | 
2026-08-28 15:24:44,390 - <stdin> - INFO - [ok] 2023年省级重点工程项目名单.xlsx | 619 | 
2026-08-28 15:24:50,217 - <stdin> - INFO - [ok] 汉中市2023年重点建设项目计划表（公开）.xlsx | 429 | 
2026-08-28 15:24:51,815 - <stdin> - INFO - [ok] 渭南市2023年重点建设项目计划.xlsx | 708 | 
2026-08-28 15:24:51,905 - E:\STangWork\PythonProjects\skp_parser\parser\xlsx_parser.py - WARNING - E:\STangWork\STangFiles\各省重点项目：2020年起\2023年重点项目\29四川省2023年重点项目清单\2023年内江市\2023年城区市重点项目情况表.xlsx[Sheet1]: 前 20 行未找到表头,跳过
2026-08-28 15:24:52,309 - <stdin> - INFO - [ok] 2023年城区市重点项目情况表.xlsx | 9 | 
2026-08-28 15:24:56,376 - <stdin> - INFO - [ok] 2023年市重点项目名单.xlsx | 332 | 
2026-08-28 15:25:05,950 - <stdin> - INFO - [ok] 1：云南省2023年度省级重大项目清单.xlsx | 1500 | 
2026-08-28 15:25:06,064 - E:\STangWork\PythonProjects\skp_parser\parser\xlsx_parser.py - WARNING - E:\STangWork\STangFiles\各省重点项目：2020年起\2023年重点项目\30云南省2023年重点项目清单\2023年昆明市\附件1.昆明市2023年市级重大在建项目计划表.xlsx[Sheet2]: 前 20 行未找到表头,跳过
2026-08-28 15:25:06,065 - E:\STangWork\PythonProjects\skp_parser\parser\xlsx_parser.py - WARNING - E:\STangWork\STangFiles\各省重点项目：2020年起\2023年重点项目\30云南省2023年重点项目清单\2023年昆明市\附件1.昆明市2023年市级重大在建项目计划表.xlsx[Sheet3]: 前 20 行未找到表头,跳过
2026-08-28 15:25:06,677 - <stdin> - INFO - [ok] 附件1.昆明市2023年市级重大在建项目计划表.xlsx | 453 | 
2026-08-28 15:25:06,942 - E:\STangWork\PythonProjects\skp_parser\parser\xlsx_parser.py - WARNING - E:\STangWork\STangFiles\各省重点项目：2020年起\2023年重点项目\30云南省2023年重点项目清单\2023年昆明市\附件2.昆明市2023年市级重大新开工项目计划表.xlsx[Sheet2]: 前 20 行未找到表头,跳过
2026-08-28 15:25:06,942 - E:\STangWork\PythonProjects\skp_parser\parser\xlsx_parser.py - WARNING - E:\STangWork\STangFiles\各省重点项目：2020年起\2023年重点项目\30云南省2023年重点项目清单\2023年昆明市\附件2.昆明市2023年市级重大新开工项目计划表.xlsx[Sheet3]: 前 20 行未找到表头,跳过
2026-08-28 15:25:08,595 - <stdin> - INFO - [ok] 附件2.昆明市2023年市级重大新开工项目计划表.xlsx | 353 | 
2026-08-28 15:25:08,653 - E:\STangWork\PythonProjects\skp_parser\parser\xlsx_parser.py - WARNING - E:\STangWork\STangFiles\各省重点项目：2020年起\2023年重点项目\30云南省2023年重点项目清单\2023年昆明市\附件3.昆明市2023年市级重大前期项目计划表.xlsx[Sheet2]: 前 20 行未找到表头,跳过
2026-08-28 15:25:08,655 - E:\STangWork\PythonProjects\skp_parser\parser\xlsx_parser.py - WARNING - E:\STangWork\STangFiles\各省重点项目：2020年起\2023年重点项目\30云南省2023年重点项目清单\2023年昆明市\附件3.昆明市2023年市级重大前期项目计划表.xlsx[Sheet3]: 前 20 行未找到表头,跳过
2026-08-28 15:25:08,829 - <stdin> - INFO - [ok] 附件3.昆明市2023年市级重大前期项目计划表.xlsx | 101 | 
2026-08-28 15:25:08,902 - E:\STangWork\PythonProjects\skp_parser\parser\xlsx_parser.py - WARNING - E:\STangWork\STangFiles\各省重点项目：2020年起\2023年重点项目\30云南省2023年重点项目清单\2023年昆明市\附件4.2023年市级“重中之重”项目计划表.xlsx[Sheet2]: 前 20 行未找到表头,跳过
2026-08-28 15:25:08,903 - E:\STangWork\PythonProjects\skp_parser\parser\xlsx_parser.py - WARNING - E:\STangWork\STangFiles\各省重点项目：2020年起\2023年重点项目\30云南省2023年重点项目清单\2023年昆明市\附件4.2023年市级“重中之重”项目计划表.xlsx[Sheet3]: 前 20 行未找到表头,跳过
2026-08-28 15:25:09,680 - <stdin> - INFO - [ok] 附件4.2023年市级“重中之重”项目计划表.xlsx | 113 | 
2026-08-28 15:25:10,749 - <stdin> - INFO - [ok] 2：云南省2023年度“重中之重”项目清单.xlsx | 149 | 
2026-08-28 15:25:10,807 - E:\STangWork\PythonProjects\skp_parser\main.py - ERROR - 解析失败 附件2：丽水市扩大有效投资“百千”工程2023年重大项目实施计划清单.xlsx.xlsx: File is not a zip file
Traceback (most recent call last):
  File "E:\STangWork\PythonProjects\skp_parser\main.py", line 110, in process_file
    projects = await asyncio.to_thread(parser.parse, str(file_path))
               ^^^^^^^^^^^^^^^^^^^^^^^^^^^^^^^^^^^^^^^^^^^^^^^^^^^^^
  File "E:\miniconda3\envs\py312_stc\Lib\asyncio\threads.py", line 25, in to_thread
    return await loop.run_in_executor(None, func_call)
           ^^^^^^^^^^^^^^^^^^^^^^^^^^^^^^^^^^^^^^^^^^^
  File "E:\miniconda3\envs\py312_stc\Lib\concurrent\futures\thread.py", line 59, in run
    result = self.fn(*self.args, **self.kwargs)
             ^^^^^^^^^^^^^^^^^^^^^^^^^^^^^^^^^^
  File "E:\STangWork\PythonProjects\skp_parser\parser\xlsx_parser.py", line 29, in parse
    workbook = openpyxl.load_workbook(file_path, data_only=True, read_only=True)
               ^^^^^^^^^^^^^^^^^^^^^^^^^^^^^^^^^^^^^^^^^^^^^^^^^^^^^^^^^^^^^^^^^
  File "E:\miniconda3\envs\py312_stc\Lib\site-packages\openpyxl\reader\excel.py", line 346, in load_workbook
    reader = ExcelReader(filename, read_only, keep_vba,
             ^^^^^^^^^^^^^^^^^^^^^^^^^^^^^^^^^^^^^^^^^^
  File "E:\miniconda3\envs\py312_stc\Lib\site-packages\openpyxl\reader\excel.py", line 123, in __init__
    self.archive = _validate_archive(fn)
                   ^^^^^^^^^^^^^^^^^^^^^
  File "E:\miniconda3\envs\py312_stc\Lib\site-packages\openpyxl\reader\excel.py", line 95, in _validate_archive
    archive = ZipFile(filename, 'r')
              ^^^^^^^^^^^^^^^^^^^^^^
  File "E:\miniconda3\envs\py312_stc\Lib\zipfile\__init__.py", line 1371, in __init__
    self._RealGetContents()
  File "E:\miniconda3\envs\py312_stc\Lib\zipfile\__init__.py", line 1438, in _RealGetContents
    raise BadZipFile("File is not a zip file")
zipfile.BadZipFile: File is not a zip file
2026-08-28 15:25:10,808 - <stdin> - INFO - [failed] 附件2：丽水市扩大有效投资“百千”工程2023年重大项目实施计划清单.xlsx.xlsx | 0 | 解析失败: File is not a zip file
2026-08-28 15:25:18,074 - <stdin> - INFO - [ok] 杭州.xlsx | 706 | 
2026-08-28 15:25:18,205 - E:\STangWork\PythonProjects\skp_parser\main.py - WARNING - 分类校验[2024年上海市重大工程清单.xlsx] 社会民生类  23 项: 标题声明 15 项,解析 23 项
2026-08-28 15:25:18,205 - E:\STangWork\PythonProjects\skp_parser\main.py - WARNING - 分类校验[2024年上海市重大工程清单.xlsx] 生态文明建设类  16项 庄: 标题声明 1 项,解析 16 项
2026-08-28 15:25:18,205 - E:\STangWork\PythonProjects\skp_parser\main.py - WARNING - 分类校验[2024年上海市重大工程清单.xlsx] 城市基础设施类  67项 孙、王: 标题声明 1 项,解析 67 项
2026-08-28 15:25:18,205 - E:\STangWork\PythonProjects\skp_parser\main.py - WARNING - 分类校验[2024年上海市重大工程清单.xlsx] 城乡融合与乡村振兴类  9项 孙、王: 标题声明 7 项,解析 9 项
2026-08-28 15:25:20,289 - <stdin> - INFO - [ok] 2024年上海市重大工程清单.xlsx | 219 | 
2026-08-28 15:25:21,202 - <stdin> - INFO - [ok] 东丽区2024年市级重点项目清单—建设项目.xlsx | 47 | 
2026-08-28 15:25:23,770 - <stdin> - INFO - [ok] 静海区2024年区级重点项目清单.xlsx | 52 | 
2026-08-28 15:25:24,836 - <stdin> - INFO - [ok] 1.共建成渝地区双城经济圈2024年重大项目清单.xlsx | 305 | 
2026-08-28 15:25:25,230 - E:\STangWork\PythonProjects\skp_parser\parser\xlsx_parser.py - WARNING - E:\STangWork\STangFiles\各省重点项目：2020年起\2024年重点项目\04重庆市2024年重点项目清单\北碚区2024年\北碚府办发〔2024〕22号附件：北碚区2024年重点项目工作计划.xlsx[Sheet1]: 前 20 行未找到表头,跳过
2026-08-28 15:25:25,230 - E:\STangWork\PythonProjects\skp_parser\main.py - WARNING - 分类校验[北碚府办发〔2024〕22号附件：北碚区2024年重点项目工作计划.xlsx] 重点基础设施项目-高速公路（公路）: 标题声明 6 项,解析 7 项
2026-08-28 15:25:25,230 - E:\STangWork\PythonProjects\skp_parser\main.py - WARNING - 分类校验[北碚府办发〔2024〕22号附件：北碚区2024年重点项目工作计划.xlsx] 重点基础设施项目-渝遂复线高速公路（北碚段） 续建 重庆渝遂复线高速公路有限公司 线路全长27.238km，北碚境内正线约4km，采用六车道高速公路标准，设计速度120（100）km/h 2021
-
2024 完工 区交通局: 标题声明 6 项,解析 4 项
2026-08-28 15:25:25,235 - E:\STangWork\PythonProjects\skp_parser\main.py - WARNING - 通知信息解析失败 北碚府办发〔2024〕22号附件：北碚区2024年重点项目工作计划.xlsx: No /Root object! - Is this really a PDF?
2026-08-28 15:25:28,665 - <stdin> - INFO - [ok] 北碚府办发〔2024〕22号附件：北碚区2024年重点项目工作计划.xlsx | 203 | 
2026-08-28 15:25:29,519 - <stdin> - INFO - [ok] 2024年合川区重大建设项目名单.xlsx | 228 | 
2026-08-28 15:25:31,309 - <stdin> - INFO - [ok] 重庆市垫江县2024年重点建设项目名单.xlsx | 169 | 
2026-08-28 15:25:31,382 - E:\STangWork\PythonProjects\skp_parser\parser\xlsx_parser.py - WARNING - E:\STangWork\STangFiles\各省重点项目：2020年起\2024年重点项目\04重庆市2024年重点项目清单\巫山县2024年\附件2：巫山县2024年重点建设项目计划.xlsx[Sheet2]: 前 20 行未找到表头,跳过
2026-08-28 15:25:31,661 - <stdin> - INFO - [ok] 附件2：巫山县2024年重点建设项目计划.xlsx | 40 | 
2026-08-28 15:25:32,176 - <stdin> - INFO - [ok] 2024年区级重点项目清单.xlsx | 78 | 
2026-08-28 15:25:33,185 - <stdin> - INFO - [ok] 2024年渝中区重点建设项目.xlsx | 20 | 
2026-08-28 15:25:34,278 - <stdin> - INFO - [ok] 附件1 渝北区2024年重点项目名单.xlsx | 183 | 
2026-08-28 15:25:35,036 - <stdin> - INFO - [ok] 2024年璧山区重点项目清单.xlsx | 125 | 
2026-08-28 15:25:36,915 - <stdin> - INFO - [ok] 石柱县2024年重点项目清单.xlsx | 99 | 
2026-08-28 15:25:37,798 - <stdin> - INFO - [ok] 附件2 2024年度重大建设项目清单.xlsx | 223 | 
2026-08-28 15:25:38,626 - <stdin> - INFO - [ok] 附件：2024年重庆市政府和社会资本合作推介项目清单.xlsx | 52 | 
2026-08-28 15:25:44,187 - <stdin> - INFO - [ok] 广西重点投资合作项目（第一批）.xlsx | 173 | 
2026-08-28 15:25:44,639 - <stdin> - INFO - [ok] 兴安盟2024年计划实施重大项目清单.xlsx | 224 | 
2026-08-28 15:25:46,740 - <stdin> - INFO - [ok] 公开版--安庆市2024年亿元以上重点项目清单.xlsx | 833 | 
2026-08-28 15:25:47,860 - <stdin> - INFO - [ok] 附件.xlsx | 63 | 
2026-08-28 15:25:52,147 - <stdin> - INFO - [ok] 附件1：2024年市级政府性项目投资计划表（续建）.xlsx | 12 | 
2026-08-28 15:25:55,808 - <stdin> - INFO - [ok] 附件2：2024年市级政府性项目投资计划表（新建）.xlsx | 24 | 
2026-08-28 15:26:07,734 - <stdin> - INFO - [ok] 2024年福州市重点项目目标责任表.xlsx | 1855 | 
2026-08-28 15:26:14,995 - E:\STangWork\PythonProjects\skp_parser\parser\xlsx_parser.py - WARNING - E:\STangWork\STangFiles\各省重点项目：2020年起\2024年重点项目\12甘肃省2024年重点项目清单\金昌市2024年\金政办发〔2023〕108号  附件1金昌市2024年重大前期项目清单（新建）.xlsx.xlsx[1稿没项目单位]: 前 20 行未找到表头,跳过
2026-08-28 15:26:14,996 - E:\STangWork\PythonProjects\skp_parser\parser\xlsx_parser.py - WARNING - E:\STangWork\STangFiles\各省重点项目：2020年起\2024年重点项目\12甘肃省2024年重点项目清单\金昌市2024年\金政办发〔2023〕108号  附件1金昌市2024年重大前期项目清单（新建）.xlsx.xlsx[二类单位]: 前 20 行未找到表头,跳过
2026-08-28 15:26:14,999 - E:\STangWork\PythonProjects\skp_parser\parser\xlsx_parser.py - WARNING - E:\STangWork\STangFiles\各省重点项目：2020年起\2024年重点项目\12甘肃省2024年重点项目清单\金昌市2024年\金政办发〔2023〕108号  附件1金昌市2024年重大前期项目清单（新建）.xlsx.xlsx[Sheet1]: 前 20 行未找到表头,跳过
2026-08-28 15:26:15,001 - E:\STangWork\PythonProjects\skp_parser\parser\xlsx_parser.py - WARNING - E:\STangWork\STangFiles\各省重点项目：2020年起\2024年重点项目\12甘肃省2024年重点项目清单\金昌市2024年\金政办发〔2023〕108号  附件1金昌市2024年重大前期项目清单（新建）.xlsx.xlsx[Sheet2]: 前 20 行未找到表头,跳过
2026-08-28 15:26:15,003 - E:\STangWork\PythonProjects\skp_parser\main.py - WARNING - 分类校验[金政办发〔2023〕108号  附件1金昌市2024年重大前期项目清单（新建）.xlsx.xlsx] 工业创新驱动和转型升级: 标题声明 81 项,解析 82 项
2026-08-28 15:26:15,003 - E:\STangWork\PythonProjects\skp_parser\main.py - WARNING - 分类校验[金政办发〔2023〕108号  附件1金昌市2024年重大前期项目清单（新建）.xlsx.xlsx] 工业创新驱动和转型升级-化工: 标题声明 22 项,解析 23 项
2026-08-28 15:26:15,003 - E:\STangWork\PythonProjects\skp_parser\main.py - WARNING - 分类校验[金政办发〔2023〕108号  附件1金昌市2024年重大前期项目清单（新建）.xlsx.xlsx] 工业创新驱动和转型升级-节能降耗及技术提升改造: 标题声明 7 项,解析 14 项
2026-08-28 15:26:15,003 - E:\STangWork\PythonProjects\skp_parser\main.py - WARNING - 分类校验[金政办发〔2023〕108号  附件1金昌市2024年重大前期项目清单（新建）.xlsx.xlsx] 农业农村-种植业: 标题声明 7 项,解析 3 项
2026-08-28 15:26:15,003 - E:\STangWork\PythonProjects\skp_parser\main.py - WARNING - 分类校验[金政办发〔2023〕108号  附件1金昌市2024年重大前期项目清单（新建）.xlsx.xlsx] 农业农村-草产业: 标题声明 1 项,解析 0 项
2026-08-28 15:26:15,003 - E:\STangWork\PythonProjects\skp_parser\main.py - WARNING - 分类校验[金政办发〔2023〕108号  附件1金昌市2024年重大前期项目清单（新建）.xlsx.xlsx] 社会事业: 标题声明 14 项,解析 29 项
2026-08-28 15:26:15,003 - E:\STangWork\PythonProjects\skp_parser\main.py - WARNING - 分类校验[金政办发〔2023〕108号  附件1金昌市2024年重大前期项目清单（新建）.xlsx.xlsx] 社会事业-体育: 标题声明 1 项,解析 2 项
2026-08-28 15:26:15,004 - E:\STangWork\PythonProjects\skp_parser\main.py - WARNING - 分类校验[金政办发〔2023〕108号  附件1金昌市2024年重大前期项目清单（新建）.xlsx.xlsx] 基础设施补短板-园区基础设施: 标题声明 4 项,解析 8 项
2026-08-28 15:26:15,004 - E:\STangWork\PythonProjects\skp_parser\main.py - WARNING - 分类校验[金政办发〔2023〕108号  附件1金昌市2024年重大前期项目清单（新建）.xlsx.xlsx] 能源-分布式光伏: 标题声明 4 项,解析 1 项
2026-08-28 15:26:15,004 - E:\STangWork\PythonProjects\skp_parser\main.py - WARNING - 分类校验[金政办发〔2023〕108号  附件1金昌市2024年重大前期项目清单（新建）.xlsx.xlsx] 经贸物流: 标题声明 10 项,解析 9 项
2026-08-28 15:26:15,004 - E:\STangWork\PythonProjects\skp_parser\main.py - WARNING - 分类校验[金政办发〔2023〕108号  附件1金昌市2024年重大前期项目清单（新建）.xlsx.xlsx] 生态环保-城镇污水垃圾处理: 标题声明 8 项,解析 5 项
2026-08-28 15:26:15,004 - E:\STangWork\PythonProjects\skp_parser\main.py - WARNING - 分类校验[金政办发〔2023〕108号  附件1金昌市2024年重大前期项目清单（新建）.xlsx.xlsx] 农业农村-草产业 0 0 0 0 0 0: 标题声明 4 项,解析 0 项
2026-08-28 15:26:15,004 - E:\STangWork\PythonProjects\skp_parser\main.py - WARNING - 分类校验[金政办发〔2023〕108号  附件1金昌市2024年重大前期项目清单（新建）.xlsx.xlsx] 社会事业-体育 0 0 0 0 0 0: 标题声明 2 项,解析 0 项
2026-08-28 15:26:15,084 - E:\STangWork\PythonProjects\skp_parser\main.py - WARNING - 通知信息解析失败 金政办发〔2023〕108号  附件1金昌市2024年重大前期项目清单（新建）.xlsx.xlsx: No /Root object! - Is this really a PDF?
2026-08-28 15:26:16,512 - <stdin> - INFO - [ok] 金政办发〔2023〕108号  附件1金昌市2024年重大前期项目清单（新建）.xlsx.xlsx | 293 | 
2026-08-28 15:26:16,685 - E:\STangWork\PythonProjects\skp_parser\main.py - WARNING - 通知信息解析失败 金政办发〔2023〕108号  附件2+金昌市2024年重大前期项目清单.xlsx.xlsx: No /Root object! - Is this really a PDF?
2026-08-28 15:26:17,663 - <stdin> - INFO - [ok] 金政办发〔2023〕108号  附件2+金昌市2024年重大前期项目清单.xlsx.xlsx | 148 | 
2026-08-28 15:26:19,913 - E:\STangWork\PythonProjects\skp_parser\main.py - WARNING - 通知信息解析失败 金政办发〔2023〕109号  金昌市2024年招商引资投资机会清单（市委常委会印刷）(1).xlsx.xlsx: No /Root object! - Is this really a PDF?
2026-08-28 15:26:20,613 - <stdin> - INFO - [ok] 金政办发〔2023〕109号  金昌市2024年招商引资投资机会清单（市委常委会印刷）(1).xlsx.xlsx | 162 | 
2026-08-28 15:26:20,986 - E:\STangWork\PythonProjects\skp_parser\main.py - WARNING - 分类校验[附件1：中山市2024年市重点建设项目计划表.xlsx] 基础设施工程: 标题声明 82 项,解析 104 项
2026-08-28 15:26:24,709 - <stdin> - INFO - [ok] 附件1：中山市2024年市重点建设项目计划表.xlsx | 402 | 
2026-08-28 15:26:24,792 - E:\STangWork\PythonProjects\skp_parser\main.py - WARNING - 分类校验[附件2：中山市2024年重点前期预备项目计划表.xlsx] 产业工程: 标题声明 45 项,解析 46 项
2026-08-28 15:26:25,777 - <stdin> - INFO - [ok] 附件2：中山市2024年重点前期预备项目计划表.xlsx | 87 | 
2026-08-28 15:26:26,548 - <stdin> - INFO - [ok] 潮州市2024年重点建设项目计划表.xlsx | 238 | 
2026-08-28 15:26:28,124 - <stdin> - INFO - [ok] 2024年贵阳贵安省级重大工程项目信息表.xlsx | 510 | 
2026-08-28 15:27:02,367 - <stdin> - INFO - [ok] 附件：1.海南省2024年重大项目投资计划表.xlsx | 295 | 
2026-08-28 15:27:02,683 - <stdin> - INFO - [ok] 附件：2.海南省2024年预备重大项目投资计划表.xlsx | 112 | 
2026-08-28 15:27:02,792 - E:\STangWork\PythonProjects\skp_parser\main.py - WARNING - 分类校验[1.襄阳市2024年省级重点项目建设计划.xlsx] 续建项目: 标题声明 33 项,解析 32 项
2026-08-28 15:27:02,793 - E:\STangWork\PythonProjects\skp_parser\main.py - WARNING - 分类校验[1.襄阳市2024年省级重点项目建设计划.xlsx] 续建项目-（二）重大基础设施类: 标题声明 11 项,解析 8 项
2026-08-28 15:27:02,793 - E:\STangWork\PythonProjects\skp_parser\main.py - WARNING - 分类校验[1.襄阳市2024年省级重点项目建设计划.xlsx] 续建项目-湖北汉江新集水电站 新建 襄城区 2018-420600-76-02-080107 项目新集水电站为Ⅱ等大（2）型工程，水库正常蓄水位76.23米，总库容4.22亿立方米，电站拟以110千伏一级电压接入系统。电站装机容量120兆瓦，设计多年平均发: 标题声明 11 项,解析 2 项
2026-08-28 15:27:03,622 - <stdin> - INFO - [ok] 1.襄阳市2024年省级重点项目建设计划.xlsx | 52 | 
2026-08-28 15:27:04,822 - <stdin> - INFO - [ok] 2.襄阳市2024年市级重点项目建设计划.xlsx | 90 | 
2026-08-28 15:27:04,892 - E:\STangWork\PythonProjects\skp_parser\parser\xlsx_parser.py - WARNING - E:\STangWork\STangFiles\各省重点项目：2020年起\2024年重点项目\20湖南省2024年重点项目清单\湘潭市2024年\附件：2024年湘潭市重点建设项目名单.xlsx[Sheet3]: 前 20 行未找到表头,跳过
2026-08-28 15:27:05,781 - <stdin> - INFO - [ok] 附件：2024年湘潭市重点建设项目名单.xlsx | 548 | 
2026-08-28 15:27:06,825 - <stdin> - INFO - [ok] 2024年宜兴市重大产业项目清单.xlsx | 204 | 
2026-08-28 15:27:09,857 - <stdin> - INFO - [ok] 2024年省级重点工程项目名单.xlsx | 946 | 
2026-08-28 15:27:12,652 - <stdin> - INFO - [ok] 渭南市2024年重点建设项目建设计划表(新建).xlsx | 221 | 
2026-08-28 15:27:14,154 - <stdin> - INFO - [ok] 渭南市2024年重点建设项目建设计划表(续建).xlsx | 194 | 
2026-08-28 15:27:14,243 - <stdin> - INFO - [skipped_existing] 1.共建成渝地区双城经济圈2024年重大项目清单.xlsx | 0 | 
2026-08-28 15:27:14,485 - E:\STangWork\PythonProjects\skp_parser\parser\xlsx_parser.py - WARNING - E:\STangWork\STangFiles\各省重点项目：2020年起\2024年重点项目\29四川省2024年重点项目清单\内江市2024年\内江市2024年重点项目清单.xlsx[封面]: 前 20 行未找到表头,跳过
2026-08-28 15:27:15,267 - <stdin> - INFO - [ok] 内江市2024年重点项目清单.xlsx | 381 | 
2026-08-28 15:27:15,884 - <stdin> - INFO - [ok] 2024年阿坝州重点项目名单.xlsx | 94 | 
2026-08-28 15:27:16,921 - <stdin> - INFO - [ok] 附件1.昆明市2024年市级重大项目计划表(在建项目).xlsx | 278 | 
2026-08-28 15:27:18,039 - <stdin> - INFO - [ok] 附件2.昆明市2024年市级重大项目计划表(新开工项目).xlsx | 216 | 
2026-08-28 15:27:18,637 - <stdin> - INFO - [ok] 附件3.昆明市2024年市级重大项目计划表(前期项目).xlsx | 43 | 
2026-08-28 15:27:18,872 - <stdin> - INFO - [ok] 附件4.昆明市2024年市级重大项目计划表(重中之重项目).xlsx | 51 | 
2026-08-28 15:27:44,900 - <stdin> - INFO - [ok] 普洱市2024年市级重点项目清单.xlsx | 199 | 
2026-08-28 15:27:46,109 - <stdin> - INFO - [ok] 附件：迪庆藏族自治州 2024年重点建设项目计划及责任分解表.xlsx | 211 | 
2026-08-28 15:27:51,282 - <stdin> - INFO - [ok] 附件：1.云南省2024年度省级重大项目清单.xlsx | 1650 | 
2026-08-28 15:27:52,225 - <stdin> - INFO - [ok] 附件：2.云南省2024年度“重中之重”项目清单.xlsx | 115 | 
2026-08-28 15:27:52,919 - E:\STangWork\PythonProjects\skp_parser\parser\xlsx_parser.py - WARNING - E:\STangWork\STangFiles\各省重点项目：2020年起\2024年重点项目\31浙江省2024年重点项目清单\台州市2024年\台州市2024年度重大项目计划.xlsx[Sheet2]: 前 20 行未找到表头,跳过
2026-08-28 15:27:52,920 - E:\STangWork\PythonProjects\skp_parser\parser\xlsx_parser.py - WARNING - E:\STangWork\STangFiles\各省重点项目：2020年起\2024年重点项目\31浙江省2024年重点项目清单\台州市2024年\台州市2024年度重大项目计划.xlsx[Sheet3]: 前 20 行未找到表头,跳过
2026-08-28 15:27:55,469 - <stdin> - INFO - [ok] 台州市2024年度重大项目计划.xlsx | 763 | 
2026-08-28 15:27:56,415 - <stdin> - INFO - [ok] 附件 《2024年宁波市重点工程建设计划（公开征求意见稿）》.xlsx | 359 | 
2026-08-28 15:27:56,644 - E:\STangWork\PythonProjects\skp_parser\main.py - WARNING - 分类校验[2025年上海市重大工程清单.xlsx] 社会民生类 27项: 标题声明 12 项,解析 27 项
2026-08-28 15:27:56,644 - E:\STangWork\PythonProjects\skp_parser\main.py - WARNING - 分类校验[2025年上海市重大工程清单.xlsx] 生态文明建设类 15项: 标题声明 3 项,解析 15 项
2026-08-28 15:27:56,644 - E:\STangWork\PythonProjects\skp_parser\main.py - WARNING - 分类校验[2025年上海市重大工程清单.xlsx] 城市基础设施类 65项: 标题声明 3 项,解析 65 项
2026-08-28 15:27:56,644 - E:\STangWork\PythonProjects\skp_parser\main.py - WARNING - 分类校验[2025年上海市重大工程清单.xlsx] 城乡融合与乡村振兴类 13项: 标题声明 8 项,解析 13 项
2026-08-28 15:27:59,134 - <stdin> - INFO - [ok] 2025年上海市重大工程清单.xlsx | 223 | 
2026-08-28 15:28:00,462 - <stdin> - INFO - [ok] 2025年区重大工程项目清单.xlsx | 97 | 
2026-08-28 15:28:01,202 - <stdin> - INFO - [ok] 2025年东丽区市级重点储备项目清单.xlsx | 6 | 
2026-08-28 15:28:01,593 - <stdin> - INFO - [ok] 2025年东丽区市级重点建设项目清单.xlsx | 50 | 
2026-08-28 15:28:03,668 - <stdin> - INFO - [ok] 《2025年滨海新区市级重点建设、储备项目清单》原文下载.xlsx | 347 | 
2026-08-28 15:28:03,970 - <stdin> - INFO - [ok] 2025年静海区区级重点项目清单.xlsx | 52 | 
2026-08-28 15:28:05,410 - <stdin> - INFO - [ok] 万州区2025年“四个一批”项目计划.xlsx | 421 | 
2026-08-28 15:28:05,880 - <stdin> - INFO - [ok] 万盛2025年重点项目清单.xlsx | 76 | 
2026-08-28 15:28:06,439 - <stdin> - INFO - [ok] 2025年九龙坡区区级重点项目清单.xlsx | 177 | 
2026-08-28 15:28:07,323 - <stdin> - INFO - [ok] 重庆市垫江县2025年重点前期项目清单.xlsx | 156 | 
2026-08-28 15:28:08,275 - <stdin> - INFO - [ok] 重庆市垫江县2025年重点建设项目清单.xlsx | 181 | 
2026-08-28 15:28:08,805 - <stdin> - INFO - [ok] 城口县2025年重点项目投资计划表.xlsx | 120 | 
2026-08-28 15:28:11,498 - <stdin> - INFO - [ok] 附件 大足区2025年度项目“三张清单”（删减）.xlsx | 839 | 
2026-08-28 15:28:12,025 - E:\STangWork\PythonProjects\skp_parser\main.py - WARNING - 通知信息解析失败 奉节府办发〔2025〕10号附件1-3.xlsx: No /Root object! - Is this really a PDF?
2026-08-28 15:28:13,957 - <stdin> - INFO - [ok] 奉节府办发〔2025〕10号附件1-3.xlsx | 228 | 
2026-08-28 15:28:14,390 - E:\STangWork\PythonProjects\skp_parser\main.py - WARNING - 通知信息解析失败 忠府发〔2025〕4号 附件.xlsx: No /Root object! - Is this really a PDF?
2026-08-28 15:28:18,667 - <stdin> - INFO - [ok] 忠府发〔2025〕4号 附件.xlsx | 305 | 
2026-08-28 15:28:19,083 - <stdin> - INFO - [ok] 渝中区2025年重大建设项目清单.xlsx | 28 | 
2026-08-28 15:28:19,874 - <stdin> - INFO - [ok] 渝北区2025年重点项目建设名单.xlsx | 246 | 
2026-08-28 15:28:20,545 - <stdin> - INFO - [ok] 2025年璧山区重点项目清单.xlsx | 101 | 
2026-08-28 15:28:21,833 - <stdin> - INFO - [ok] 附件 石柱县2025年固定资产投资项目清单.xlsx | 329 | 
2026-08-28 15:28:23,131 - <stdin> - INFO - [ok] 重庆市綦江区2025年度重大项目建设清单.xlsx | 98 | 
2026-08-28 15:28:29,891 - <stdin> - INFO - [ok] 重庆市2025年市级重点项目.xlsx | 1568 | 
2026-08-28 15:28:33,653 - <stdin> - INFO - [ok] 附件1.长寿区2025年度新开工项目工作计划.xlsx | 187 | 
2026-08-28 15:28:33,977 - <stdin> - INFO - [ok] 附件2.长寿区2025年在建项目工作计划.xlsx | 56 | 
2026-08-28 15:28:34,135 - <stdin> - INFO - [ok] 附件3.长寿区2025年完工项目工作计划.xlsx | 55 | 
2026-08-28 15:28:34,428 - <stdin> - INFO - [ok] 附件4.长寿区2025年储备项目工作计划.xlsx | 152 | 
2026-08-28 15:28:36,563 - <stdin> - INFO - [ok] 附件5.长寿区2025年谋划项目工作计划.xlsx | 231 | 
2026-08-28 15:28:36,815 - <stdin> - INFO - [ok] 【责任分解】市重点工程处2025年度重点工程项目实施计划.xlsx | 20 | 
2026-08-28 15:28:37,094 - E:\STangWork\PythonProjects\skp_parser\parser\xlsx_parser.py - WARNING - E:\STangWork\STangFiles\各省重点项目：2020年起\2025年重点项目\10安徽省2025年重点项目清单\池州市2025年\附件1：池州市2025年重点项目清单（分县区汇总表）(附件).xlsx[房地产删除]: 前 20 行未找到表头,跳过
2026-08-28 15:28:39,566 - <stdin> - INFO - [ok] 附件1：池州市2025年重点项目清单（分县区汇总表）(附件).xlsx | 492 | 
2026-08-28 15:28:39,932 - E:\STangWork\PythonProjects\skp_parser\parser\xlsx_parser.py - WARNING - E:\STangWork\STangFiles\各省重点项目：2020年起\2025年重点项目\10安徽省2025年重点项目清单\池州市2025年\附件2：池州市2025年重点项目清单（分行业汇总表）(附件).xlsx[房地产删除]: 前 20 行未找到表头,跳过
2026-08-28 15:28:42,461 - <stdin> - INFO - [ok] 附件2：池州市2025年重点项目清单（分行业汇总表）(附件).xlsx | 492 | 
2026-08-28 15:28:42,813 - E:\STangWork\PythonProjects\skp_parser\parser\xlsx_parser.py - WARNING - E:\STangWork\STangFiles\各省重点项目：2020年起\2025年重点项目\10安徽省2025年重点项目清单\池州市2025年\附件3：池州市2025年重点项目清单（分投资规模汇总表）(附件).xlsx[房地产删除]: 前 20 行未找到表头,跳过
2026-08-28 15:28:43,714 - <stdin> - INFO - [ok] 附件3：池州市2025年重点项目清单（分投资规模汇总表）(附件).xlsx | 492 | 
2026-08-28 15:28:44,027 - E:\STangWork\PythonProjects\skp_parser\parser\xlsx_parser.py - WARNING - E:\STangWork\STangFiles\各省重点项目：2020年起\2025年重点项目\10安徽省2025年重点项目清单\池州市2025年\附件4：池州市2025年重点项目清单(附件).xlsx[房地产删除]: 前 20 行未找到表头,跳过
2026-08-28 15:28:51,114 - <stdin> - INFO - [ok] 附件4：池州市2025年重点项目清单(附件).xlsx | 1023 | 
2026-08-28 15:28:51,678 - E:\STangWork\PythonProjects\skp_parser\parser\xlsx_parser.py - WARNING - E:\STangWork\STangFiles\各省重点项目：2020年起\2025年重点项目\10安徽省2025年重点项目清单\池州市2025年\附件5：池州市2025年重点储备项目清单（汇总表）(附件).xlsx[房地产删除]: 前 20 行未找到表头,跳过
2026-08-28 15:28:54,705 - <stdin> - INFO - [ok] 附件5：池州市2025年重点储备项目清单（汇总表）(附件).xlsx | 492 | 
2026-08-28 15:28:55,348 - E:\STangWork\PythonProjects\skp_parser\parser\xlsx_parser.py - WARNING - E:\STangWork\STangFiles\各省重点项目：2020年起\2025年重点项目\10安徽省2025年重点项目清单\池州市2025年\附件6：池州市2025年重点储备项目清单.xlsx[房地产删除]: 前 20 行未找到表头,跳过
2026-08-28 15:29:00,492 - <stdin> - INFO - [ok] 附件6：池州市2025年重点储备项目清单.xlsx | 810 | 
2026-08-28 15:29:00,768 - E:\STangWork\PythonProjects\skp_parser\main.py - WARNING - 分类校验[芜重建财〔2025〕24号附件—2025年市政府投资计划分解表.xlsx] 续建及新开工项目: 标题声明 25 项,解析 2 项
2026-08-28 15:29:00,768 - E:\STangWork\PythonProjects\skp_parser\main.py - WARNING - 分类校验[芜重建财〔2025〕24号附件—2025年市政府投资计划分解表.xlsx] 后备项目: 标题声明 28 项,解析 0 项
2026-08-28 15:29:00,769 - E:\STangWork\PythonProjects\skp_parser\main.py - WARNING - 分类校验[芜重建财〔2025〕24号附件—2025年市政府投资计划分解表.xlsx] 后备项目-安徽省机器人及智能装备产业计量测试中心项目 创新创业平台建设 （1）“三全一前”测试科研实验中心1900m²（专用大空间实验室）；（2）超大尺寸基线标准实验室约600m²（地下）；（3）关键计量精密标准仪器设备（如大尺寸长导轨装置、大力值标准机等: 标题声明 28 项,解析 0 项
2026-08-28 15:29:00,770 - E:\STangWork\PythonProjects\skp_parser\main.py - WARNING - 通知信息解析失败 芜重建财〔2025〕24号附件—2025年市政府投资计划分解表.xlsx: No /Root object! - Is this really a PDF?
2026-08-28 15:29:01,133 - <stdin> - INFO - [ok] 芜重建财〔2025〕24号附件—2025年市政府投资计划分解表.xlsx | 2 | 
2026-08-28 15:29:01,434 - <stdin> - INFO - [ok] 附件：2025年第二批市重点项目名单（简版).xlsx | 33 | 
2026-08-28 15:29:01,491 - E:\STangWork\PythonProjects\skp_parser\parser\xlsx_parser.py - WARNING - E:\STangWork\STangFiles\各省重点项目：2020年起\2025年重点项目\12甘肃省2025年重点项目清单\2025年甘肃省省列重大建设项目名单.xlsx[Sheet1]: 前 20 行未找到表头,跳过
2026-08-28 15:29:01,750 - <stdin> - INFO - [ok] 2025年甘肃省省列重大建设项目名单.xlsx | 0 | 
2026-08-28 15:29:02,803 - <stdin> - INFO - [ok] 潮州市2025年重点建设项目计划表.xlsx | 227 | 
2026-08-28 15:29:04,393 - <stdin> - INFO - [ok] 六盘水市2025年重大工程和重点项目清单.xlsx | 442 | 
2026-08-28 15:29:04,802 - <stdin> - INFO - [ok] 兴仁市2025年省级重大工程和重点项目.xlsx | 34 | 
2026-08-28 15:29:04,859 - E:\STangWork\PythonProjects\skp_parser\parser\xlsx_parser.py - WARNING - E:\STangWork\STangFiles\各省重点项目：2020年起\2025年重点项目\14贵州省2025年重点项目清单\安顺市2025年\附件：安顺市2025年重大工程和重点项目名单.xlsx[Sheet2]: 前 20 行未找到表头,跳过
2026-08-28 15:29:04,932 - E:\STangWork\PythonProjects\skp_parser\parser\xlsx_parser.py - WARNING - E:\STangWork\STangFiles\各省重点项目：2020年起\2025年重点项目\14贵州省2025年重点项目清单\安顺市2025年\附件：安顺市2025年重大工程和重点项目名单.xlsx[Sheet3]: 前 20 行未找到表头,跳过
2026-08-28 15:29:07,195 - <stdin> - INFO - [ok] 附件：安顺市2025年重大工程和重点项目名单.xlsx | 652 | 
2026-08-28 15:29:08,818 - <stdin> - INFO - [ok] 遵义市2025年重大工程和重点项目名单.xlsx | 446 | 
2026-08-28 15:29:09,203 - E:\STangWork\PythonProjects\skp_parser\parser\xlsx_parser.py - WARNING - E:\STangWork\STangFiles\各省重点项目：2020年起\2025年重点项目\14贵州省2025年重点项目清单\附件：贵州省2025年第一批向社会资本推介项目三张清单.xlsx[Sheet2]: 前 20 行未找到表头,跳过
2026-08-28 15:29:10,256 - <stdin> - INFO - [ok] 附件：贵州省2025年第一批向社会资本推介项目三张清单.xlsx | 392 | 
2026-08-28 15:29:17,640 - <stdin> - INFO - [ok] 1.海南省2025年重大项目投资计划表（正式项目）.xlsx | 576 | 
2026-08-28 15:29:18,169 - <stdin> - INFO - [ok] 2.海南省2025年重大项目投资计划表（预备项目）.xlsx | 145 | 
2026-08-28 15:29:42,673 - <stdin> - INFO - [ok] 衡水市2025年市重点建设项目名单.xlsx | 190 | 
2026-08-28 15:29:46,636 - <stdin> - INFO - [ok] 商丘市2025年市级重点项目建设基本情况汇总表.xlsx | 415 | 
2026-08-28 15:29:47,166 - <stdin> - INFO - [ok] 咸宁市2025年省级重点项目清单.xlsx | 67 | 
2026-08-28 15:29:47,592 - <stdin> - INFO - [ok] 2025年省市级重点项目建设计划清单.xlsx | 186 | 
2026-08-28 15:29:51,743 - <stdin> - INFO - [ok] 湖北省2025年省级重点项目清单.xlsx | 1402 | 
2026-08-28 15:29:52,746 - <stdin> - INFO - [ok] 荆门市2025年重点项目清单.xlsx | 162 | 
2026-08-28 15:29:52,869 - E:\STangWork\PythonProjects\skp_parser\main.py - WARNING - 分类校验[附件1：襄阳市2025年省级重点项目建设计划.xlsx] 前期推进项目: 标题声明 22 项,解析 21 项
2026-08-28 15:29:52,869 - E:\STangWork\PythonProjects\skp_parser\main.py - WARNING - 分类校验[附件1：襄阳市2025年省级重点项目建设计划.xlsx] 前期推进项目-重大基础设施: 标题声明 9 项,解析 6 项
2026-08-28 15:29:52,870 - E:\STangWork\PythonProjects\skp_parser\main.py - WARNING - 分类校验[附件1：襄阳市2025年省级重点项目建设计划.xlsx] 前期推进项目-汉江崔家营枢纽2000吨级二线船闸工程 襄阳市襄城区 正在办理 项目新建崔家营枢纽2000吨级二线船闸工程，工程采用Ⅱ（3）级航道标准，通航保证率98%，通航2000吨级双排单列一顶二驳船队，兼顾3000吨级单船，主要工程内容包括新建2000: 标题声明 9 项,解析 2 项
2026-08-28 15:29:54,242 - <stdin> - INFO - [ok] 附件1：襄阳市2025年省级重点项目建设计划.xlsx | 103 | 
2026-08-28 15:29:54,932 - <stdin> - INFO - [ok] 附件2：襄阳市2025年市级重点项目建设计划.xlsx | 80 | 
2026-08-28 15:29:55,032 - E:\STangWork\PythonProjects\skp_parser\main.py - ERROR - 解析失败 2025年各省市重大项目汇总.xlsx: File is not a zip file
Traceback (most recent call last):
  File "E:\STangWork\PythonProjects\skp_parser\main.py", line 110, in process_file
    projects = await asyncio.to_thread(parser.parse, str(file_path))
               ^^^^^^^^^^^^^^^^^^^^^^^^^^^^^^^^^^^^^^^^^^^^^^^^^^^^^
  File "E:\miniconda3\envs\py312_stc\Lib\asyncio\threads.py", line 25, in to_thread
    return await loop.run_in_executor(None, func_call)
           ^^^^^^^^^^^^^^^^^^^^^^^^^^^^^^^^^^^^^^^^^^^
  File "E:\miniconda3\envs\py312_stc\Lib\concurrent\futures\thread.py", line 59, in run
    result = self.fn(*self.args, **self.kwargs)
             ^^^^^^^^^^^^^^^^^^^^^^^^^^^^^^^^^^
  File "E:\STangWork\PythonProjects\skp_parser\parser\xlsx_parser.py", line 29, in parse
    workbook = openpyxl.load_workbook(file_path, data_only=True, read_only=True)
               ^^^^^^^^^^^^^^^^^^^^^^^^^^^^^^^^^^^^^^^^^^^^^^^^^^^^^^^^^^^^^^^^^
  File "E:\miniconda3\envs\py312_stc\Lib\site-packages\openpyxl\reader\excel.py", line 346, in load_workbook
    reader = ExcelReader(filename, read_only, keep_vba,
             ^^^^^^^^^^^^^^^^^^^^^^^^^^^^^^^^^^^^^^^^^^
  File "E:\miniconda3\envs\py312_stc\Lib\site-packages\openpyxl\reader\excel.py", line 123, in __init__
    self.archive = _validate_archive(fn)
                   ^^^^^^^^^^^^^^^^^^^^^
  File "E:\miniconda3\envs\py312_stc\Lib\site-packages\openpyxl\reader\excel.py", line 95, in _validate_archive
    archive = ZipFile(filename, 'r')
              ^^^^^^^^^^^^^^^^^^^^^^
  File "E:\miniconda3\envs\py312_stc\Lib\zipfile\__init__.py", line 1371, in __init__
    self._RealGetContents()
  File "E:\miniconda3\envs\py312_stc\Lib\zipfile\__init__.py", line 1438, in _RealGetContents
    raise BadZipFile("File is not a zip file")
zipfile.BadZipFile: File is not a zip file
2026-08-28 15:29:55,033 - <stdin> - INFO - [failed] 2025年各省市重大项目汇总.xlsx | 0 | 解析失败: File is not a zip file
2026-08-28 15:29:55,123 - E:\STangWork\PythonProjects\skp_parser\main.py - ERROR - 解析失败 2025年各省重点重大项目清单（截止2025年10月31日）.xlsx: File is not a zip file
Traceback (most recent call last):
  File "E:\STangWork\PythonProjects\skp_parser\main.py", line 110, in process_file
    projects = await asyncio.to_thread(parser.parse, str(file_path))
               ^^^^^^^^^^^^^^^^^^^^^^^^^^^^^^^^^^^^^^^^^^^^^^^^^^^^^
  File "E:\miniconda3\envs\py312_stc\Lib\asyncio\threads.py", line 25, in to_thread
    return await loop.run_in_executor(None, func_call)
           ^^^^^^^^^^^^^^^^^^^^^^^^^^^^^^^^^^^^^^^^^^^
  File "E:\miniconda3\envs\py312_stc\Lib\concurrent\futures\thread.py", line 59, in run
    result = self.fn(*self.args, **self.kwargs)
             ^^^^^^^^^^^^^^^^^^^^^^^^^^^^^^^^^^
  File "E:\STangWork\PythonProjects\skp_parser\parser\xlsx_parser.py", line 29, in parse
    workbook = openpyxl.load_workbook(file_path, data_only=True, read_only=True)
               ^^^^^^^^^^^^^^^^^^^^^^^^^^^^^^^^^^^^^^^^^^^^^^^^^^^^^^^^^^^^^^^^^
  File "E:\miniconda3\envs\py312_stc\Lib\site-packages\openpyxl\reader\excel.py", line 346, in load_workbook
    reader = ExcelReader(filename, read_only, keep_vba,
             ^^^^^^^^^^^^^^^^^^^^^^^^^^^^^^^^^^^^^^^^^^
  File "E:\miniconda3\envs\py312_stc\Lib\site-packages\openpyxl\reader\excel.py", line 123, in __init__
    self.archive = _validate_archive(fn)
                   ^^^^^^^^^^^^^^^^^^^^^
  File "E:\miniconda3\envs\py312_stc\Lib\site-packages\openpyxl\reader\excel.py", line 95, in _validate_archive
    archive = ZipFile(filename, 'r')
              ^^^^^^^^^^^^^^^^^^^^^^
  File "E:\miniconda3\envs\py312_stc\Lib\zipfile\__init__.py", line 1371, in __init__
    self._RealGetContents()
  File "E:\miniconda3\envs\py312_stc\Lib\zipfile\__init__.py", line 1438, in _RealGetContents
    raise BadZipFile("File is not a zip file")
zipfile.BadZipFile: File is not a zip file
2026-08-28 15:29:55,124 - <stdin> - INFO - [failed] 2025年各省重点重大项目清单（截止2025年10月31日）.xlsx | 0 | 解析失败: File is not a zip file
2026-08-28 15:29:55,445 - E:\STangWork\PythonProjects\skp_parser\main.py - WARNING - 通知信息解析失败 张家界市人民政府办公室关于印发《张家界市2025年重点建设项目投资计划》的通知.xlsx: No /Root object! - Is this really a PDF?
2026-08-28 15:29:56,441 - <stdin> - INFO - [ok] 张家界市人民政府办公室关于印发《张家界市2025年重点建设项目投资计划》的通知.xlsx | 328 | 
2026-08-28 15:30:05,031 - E:\STangWork\PythonProjects\skp_parser\parser\xlsx_parser.py - WARNING - E:\STangWork\STangFiles\各省重点项目：2020年起\2025年重点项目\20湖南省2025年重点项目清单\湘潭市2025年\2025年湘潭市重点建设项目名单.xlsx[Sheet2]: 前 20 行未找到表头,跳过
2026-08-28 15:30:07,429 - <stdin> - INFO - [ok] 2025年湘潭市重点建设项目名单.xlsx | 567 | 
2026-08-28 15:30:10,659 - <stdin> - INFO - [ok] 2025年吉林省重点项目清单.xlsx | 1092 | 
2026-08-28 15:30:10,935 - <stdin> - INFO - [ok] 2025年南通市首批市重大项目清单.xlsx | 225 | 
2026-08-28 15:30:11,795 - <stdin> - INFO - [ok] 宜兴市级2025年重大产业项目清单.xlsx | 205 | 
2026-08-28 15:30:14,164 - <stdin> - INFO - [ok] 扬州市2025年市级重大项目清单.xlsx | 603 | 
2026-08-28 15:30:14,699 - <stdin> - INFO - [ok] 2025年江苏省重大项目清单-泰州市年度重大项目名单.xlsx | 35 | 
2026-08-28 15:30:17,039 - <stdin> - INFO - [ok] 2025年镇江市重大项目清单.xlsx | 359 | 
2026-08-28 15:30:22,529 - <stdin> - INFO - [ok] 附件1：2025年南昌市重大重点项目计划总表(1).xlsx | 1087 | 
2026-08-28 15:30:24,143 - <stdin> - INFO - [ok] 附件2：2025年南昌市重点推进项目计划表(1).xlsx | 100 | 
2026-08-28 15:30:24,678 - <stdin> - INFO - [ok] 宜春市数字经济重点项目清单（第四批）.xlsx | 9 | 
2026-08-28 15:30:25,272 - <stdin> - INFO - [ok] 济宁市交通运输局2025年重大建设项目清单.xlsx | 8 | 
2026-08-28 15:30:25,524 - E:\STangWork\PythonProjects\skp_parser\main.py - WARNING - 分类校验[2025年四川省重点项目名单.xlsx] 基础设施项目: 标题声明 280 项,解析 295 项
2026-08-28 15:30:25,560 - E:\STangWork\PythonProjects\skp_parser\main.py - WARNING - 分类校验[2025年四川省重点项目名单.xlsx] 基础设施项目-交通基础设施: 标题声明 97 项,解析 0 项
2026-08-28 15:30:25,560 - E:\STangWork\PythonProjects\skp_parser\main.py - WARNING - 分类校验[2025年四川省重点项目名单.xlsx] 基础设施项目-Ⅲ 高速公路: 标题声明 28 项,解析 43 项
2026-08-28 15:30:25,561 - E:\STangWork\PythonProjects\skp_parser\main.py - WARNING - 分类校验[2025年四川省重点项目名单.xlsx] 基础设施项目-水利基础设施: 标题声明 11 项,解析 9 项
2026-08-28 15:30:25,561 - E:\STangWork\PythonProjects\skp_parser\main.py - WARNING - 分类校验[2025年四川省重点项目名单.xlsx] 基础设施项目-8 中型水利工程: 标题声明 9 项,解析 0 项
2026-08-28 15:30:25,561 - E:\STangWork\PythonProjects\skp_parser\main.py - WARNING - 分类校验[2025年四川省重点项目名单.xlsx] 基础设施项目-久隆水库 成都市东部新区: 标题声明 9 项,解析 0 项
2026-08-28 15:30:25,561 - E:\STangWork\PythonProjects\skp_parser\main.py - WARNING - 分类校验[2025年四川省重点项目名单.xlsx] 基础设施项目-渔洞河水库 广元市利州区: 标题声明 9 项,解析 0 项
2026-08-28 15:30:25,561 - E:\STangWork\PythonProjects\skp_parser\main.py - WARNING - 分类校验[2025年四川省重点项目名单.xlsx] 基础设施项目-梓桐沟水库 遂宁市船山区: 标题声明 9 项,解析 0 项
2026-08-28 15:30:25,561 - E:\STangWork\PythonProjects\skp_parser\main.py - WARNING - 分类校验[2025年四川省重点项目名单.xlsx] 基础设施项目-老蛮桥水库扩建 自贡市沿滩区: 标题声明 9 项,解析 0 项
2026-08-28 15:30:25,561 - E:\STangWork\PythonProjects\skp_parser\main.py - WARNING - 分类校验[2025年四川省重点项目名单.xlsx] 基础设施项目-芦稿溪水库 乐山市马边县: 标题声明 9 项,解析 0 项
2026-08-28 15:30:25,561 - E:\STangWork\PythonProjects\skp_parser\main.py - WARNING - 分类校验[2025年四川省重点项目名单.xlsx] 基础设施项目-祠堂湾水库 绵阳市三台县: 标题声明 9 项,解析 0 项
2026-08-28 15:30:25,561 - E:\STangWork\PythonProjects\skp_parser\main.py - WARNING - 分类校验[2025年四川省重点项目名单.xlsx] 基础设施项目-横山水库 凉山州会理市: 标题声明 9 项,解析 2 项
2026-08-28 15:30:25,561 - E:\STangWork\PythonProjects\skp_parser\main.py - WARNING - 分类校验[2025年四川省重点项目名单.xlsx] 产业项目-能源产业: 标题声明 67 项,解析 0 项
2026-08-28 15:30:25,561 - E:\STangWork\PythonProjects\skp_parser\main.py - WARNING - 分类校验[2025年四川省重点项目名单.xlsx] 基础设施项目-3 中型水利工程: 标题声明 8 项,解析 0 项
2026-08-28 15:30:25,561 - E:\STangWork\PythonProjects\skp_parser\main.py - WARNING - 分类校验[2025年四川省重点项目名单.xlsx] 基础设施项目-大雄水库 达州市开江县: 标题声明 8 项,解析 0 项
2026-08-28 15:30:25,562 - E:\STangWork\PythonProjects\skp_parser\main.py - WARNING - 分类校验[2025年四川省重点项目名单.xlsx] 基础设施项目-中阿坝水库 阿坝州阿坝县: 标题声明 8 项,解析 0 项
2026-08-28 15:30:25,562 - E:\STangWork\PythonProjects\skp_parser\main.py - WARNING - 分类校验[2025年四川省重点项目名单.xlsx] 基础设施项目-老街子水库 攀枝花市米易县: 标题声明 8 项,解析 0 项
2026-08-28 15:30:25,562 - E:\STangWork\PythonProjects\skp_parser\main.py - WARNING - 分类校验[2025年四川省重点项目名单.xlsx] 基础设施项目-新华水库 绵阳市盐亭县: 标题声明 8 项,解析 0 项
2026-08-28 15:30:25,562 - E:\STangWork\PythonProjects\skp_parser\main.py - WARNING - 分类校验[2025年四川省重点项目名单.xlsx] 基础设施项目-书古水库 凉山州越西县: 标题声明 8 项,解析 0 项
2026-08-28 15:30:25,562 - E:\STangWork\PythonProjects\skp_parser\main.py - WARNING - 分类校验[2025年四川省重点项目名单.xlsx] 基础设施项目-观口水库 泸州市古蔺县: 标题声明 8 项,解析 0 项
2026-08-28 15:30:25,562 - E:\STangWork\PythonProjects\skp_parser\main.py - WARNING - 分类校验[2025年四川省重点项目名单.xlsx] 基础设施项目-老鹰嘴水库 广元市剑阁县: 标题声明 8 项,解析 0 项
2026-08-28 15:30:25,562 - E:\STangWork\PythonProjects\skp_parser\main.py - WARNING - 分类校验[2025年四川省重点项目名单.xlsx] 基础设施项目-东河水库 凉山州西昌市喜德县: 标题声明 8 项,解析 0 项
2026-08-28 15:30:29,983 - <stdin> - INFO - [ok] 2025年四川省重点项目名单.xlsx | 825 | 
2026-08-28 15:30:30,616 - <stdin> - INFO - [ok] 2025年凉山州重点项目建议清单（新开工）.xlsx | 151 | 
2026-08-28 15:30:31,957 - <stdin> - INFO - [ok] 2025年凉山州重点项目建议清单（续建）.xlsx | 168 | 
2026-08-28 15:30:33,949 - <stdin> - INFO - [ok] 2025年德阳市重点项目名单（新开工）.xlsx | 210 | 
2026-08-28 15:30:36,928 - <stdin> - INFO - [ok] 2025年德阳市重点项目名单（续建）.xlsx | 278 | 
2026-08-28 15:30:37,226 - E:\STangWork\PythonProjects\skp_parser\parser\xlsx_parser.py - WARNING - E:\STangWork\STangFiles\各省重点项目：2020年起\2025年重点项目\29四川省2025年重点项目清单\泸州市2025年\泸州市2025年重点项目表.xlsx[政府投资前期单位汇总]: 前 20 行未找到表头,跳过
2026-08-28 15:30:37,228 - E:\STangWork\PythonProjects\skp_parser\parser\xlsx_parser.py - WARNING - E:\STangWork\STangFiles\各省重点项目：2020年起\2025年重点项目\29四川省2025年重点项目清单\泸州市2025年\泸州市2025年重点项目表.xlsx[封面 ]: 前 20 行未找到表头,跳过
2026-08-28 15:30:37,230 - E:\STangWork\PythonProjects\skp_parser\parser\xlsx_parser.py - WARNING - E:\STangWork\STangFiles\各省重点项目：2020年起\2025年重点项目\29四川省2025年重点项目清单\泸州市2025年\泸州市2025年重点项目表.xlsx[描述]: 前 20 行未找到表头,跳过
2026-08-28 15:30:37,262 - E:\STangWork\PythonProjects\skp_parser\parser\xlsx_parser.py - WARNING - E:\STangWork\STangFiles\各省重点项目：2020年起\2025年重点项目\29四川省2025年重点项目清单\泸州市2025年\泸州市2025年重点项目表.xlsx[企业投资前期单位汇总]: 前 20 行未找到表头,跳过
2026-08-28 15:30:39,220 - <stdin> - INFO - [ok] 泸州市2025年重点项目表.xlsx | 449 | 
2026-08-28 15:30:43,183 - <stdin> - INFO - [ok] 2025年甘孜州重点项目名单.xlsx | 399 | 
2026-08-28 15:46:30,940 - E:\STangWork\PythonProjects\skp_parser\main.py - WARNING - 通知信息解析失败 绵府办函〔2025〕13号—绵阳市2025年城建工程项目名单.xlsx: No /Root object! - Is this really a PDF?
2026-08-28 15:46:33,738 - <stdin> - INFO - [ok] 绵府办函〔2025〕13号—绵阳市2025年城建工程项目名单.xlsx | 397 | 
2026-08-28 15:46:34,386 - <stdin> - INFO - [ok] 资阳市2025年市重点项目清单.xlsx | 186 | 
2026-08-28 15:46:34,841 - <stdin> - INFO - [ok] 2025年达州市重大项目计划.xlsx | 200 | 
2026-08-28 15:46:35,751 - <stdin> - INFO - [ok] 2025年雅安市重点项目名单.xlsx | 366 | 
2026-08-28 15:46:36,653 - <stdin> - INFO - [ok] 附件2：丽水市2025年市本级政府投资数字化项目计划表.xlsx | 66 | 
2026-08-28 15:46:38,691 - E:\STangWork\PythonProjects\skp_parser\main.py - WARNING - 通知信息解析失败 关于印发《浙江省扩大有效投资“千项万亿”工程2025年实施计划第一批重大项目》的通知.xlsx: No /Root object! - Is this really a PDF?
2026-08-28 15:46:45,576 - <stdin> - INFO - [ok] 关于印发《浙江省扩大有效投资“千项万亿”工程2025年实施计划第一批重大项目》的通知.xlsx | 1484 | 
2026-08-28 15:46:47,239 - <stdin> - INFO - [ok] 2026年上海市重大工程项目清单.xlsx | 200 | 
2026-08-28 15:46:48,369 - <stdin> - INFO - [ok] 2026年滨海新区市级重点建设、储备项目清单.xlsx | 337 | 
2026-08-28 15:46:48,929 - <stdin> - INFO - [ok] 2026年静海区区级重点项目清单.xlsx | 56 | 
2026-08-28 15:46:49,436 - <stdin> - INFO - [ok] 万盛2026年重点项目清单.xlsx | 55 | 
2026-08-28 15:46:49,846 - <stdin> - INFO - [ok] 2026年九龙坡区区级重点项目清单.xlsx | 191 | 
2026-08-28 15:46:51,931 - <stdin> - INFO - [ok] 云阳县2026年重点建设项目清单.xlsx | 156 | 
2026-08-28 15:46:52,237 - <stdin> - INFO - [ok] 重庆市垫江县2026年重点前期项目清单.xlsx | 115 | 
2026-08-28 15:46:52,765 - <stdin> - INFO - [ok] 重庆市垫江县2026年重点建设项目清单.xlsx | 203 | 
2026-08-28 15:46:53,559 - <stdin> - INFO - [ok] 城口县2026年重点项目投资计划表.xlsx | 130 | 
2026-08-28 15:46:53,909 - E:\STangWork\PythonProjects\skp_parser\main.py - WARNING - 通知信息解析失败 奉节府办发〔2026〕13号附件1-3：2026年续建、新建及重大前期项目建设计划0403.xlsx: No /Root object! - Is this really a PDF?
2026-08-28 15:46:54,311 - <stdin> - INFO - [ok] 奉节府办发〔2026〕13号附件1-3：2026年续建、新建及重大前期项目建设计划0403.xlsx | 224 | 
2026-08-28 15:46:54,484 - E:\STangWork\PythonProjects\skp_parser\parser\xlsx_parser.py - WARNING - E:\STangWork\STangFiles\各省重点项目：2020年起\2026年重点项目\04重庆市2026年重点项目清单\2026年奉节县\奉节府办发〔2026〕13号附件4-7：2026年四类“十大标志性项目”建设计划0403.xlsx[Sheet1]: 前 20 行未找到表头,跳过
2026-08-28 15:46:54,486 - E:\STangWork\PythonProjects\skp_parser\main.py - WARNING - 通知信息解析失败 奉节府办发〔2026〕13号附件4-7：2026年四类“十大标志性项目”建设计划0403.xlsx: No /Root object! - Is this really a PDF?
2026-08-28 15:46:54,595 - <stdin> - INFO - [ok] 奉节府办发〔2026〕13号附件4-7：2026年四类“十大标志性项目”建设计划0403.xlsx | 40 | 
2026-08-28 15:46:54,648 - E:\STangWork\PythonProjects\skp_parser\parser\xlsx_parser.py - WARNING - E:\STangWork\STangFiles\各省重点项目：2020年起\2026年重点项目\04重庆市2026年重点项目清单\2026年巴南区\巴南区2026年度区级重点建设项目清单.xlsx[Sheet2]: 前 20 行未找到表头,跳过
2026-08-28 15:46:54,649 - E:\STangWork\PythonProjects\skp_parser\parser\xlsx_parser.py - WARNING - E:\STangWork\STangFiles\各省重点项目：2020年起\2026年重点项目\04重庆市2026年重点项目清单\2026年巴南区\巴南区2026年度区级重点建设项目清单.xlsx[Sheet3]: 前 20 行未找到表头,跳过
2026-08-28 15:46:54,845 - <stdin> - INFO - [ok] 巴南区2026年度区级重点建设项目清单.xlsx | 144 | 
2026-08-28 15:46:56,472 - <stdin> - INFO - [ok] 开州区2026年“五个一批”重大项目清单.xlsx | 365 | 
2026-08-28 15:46:57,027 - E:\STangWork\PythonProjects\skp_parser\main.py - WARNING - 通知信息解析失败 忠府发〔2026〕4号 附件.xlsx: No /Root object! - Is this really a PDF?
2026-08-28 15:46:59,220 - <stdin> - INFO - [ok] 忠府发〔2026〕4号 附件.xlsx | 332 | 
2026-08-28 15:47:00,054 - <stdin> - INFO - [ok] 2026年区级重点项目清单.xlsx | 118 | 
2026-08-28 15:47:00,428 - <stdin> - INFO - [ok] 渝中区2026年重大建设项目清单.xlsx | 27 | 
2026-08-28 15:47:01,754 - <stdin> - INFO - [ok] 石柱县2026年重点项目清单.xlsx | 98 | 
2026-08-28 15:47:01,895 - <stdin> - INFO - [ok] 秀山自治县2026年重点建设项目清单.xlsx | 15 | 
2026-08-28 15:47:02,847 - <stdin> - INFO - [ok] 重庆市綦江区2026年度重大项目计划表.xlsx | 176 | 
2026-08-28 15:47:03,197 - <stdin> - INFO - [ok] 《荣昌区2026年重点储备项目计划表》.xlsx | 43 | 
2026-08-28 15:47:04,165 - <stdin> - INFO - [ok] 《荣昌区2026年重点建设项目计划表》.xlsx | 149 | 
2026-08-28 15:47:04,702 - <stdin> - INFO - [ok] 酉阳县2026年县级重点项目清单.xlsx | 150 | 
2026-08-28 15:47:04,890 - E:\STangWork\PythonProjects\skp_parser\main.py - WARNING - 通知信息解析失败 附件1：铜梁区2026年重点建设项目名单（印发版).xlsx: No /Root object! - Is this really a PDF?
2026-08-28 15:47:05,199 - <stdin> - INFO - [ok] 附件1：铜梁区2026年重点建设项目名单（印发版).xlsx | 158 | 
2026-08-28 15:47:10,299 - E:\STangWork\PythonProjects\skp_parser\parser\xlsx_parser.py - WARNING - E:\STangWork\STangFiles\各省重点项目：2020年起\2026年重点项目\04重庆市2026年重点项目清单\2026年长寿区\公开发布  长寿区2026年度重大项目计划.xlsx[Sheet2]: 前 20 行未找到表头,跳过
2026-08-28 15:47:11,111 - <stdin> - INFO - [ok] 公开发布  长寿区2026年度重大项目计划.xlsx | 287 | 
2026-08-28 15:47:14,905 - <stdin> - INFO - [ok] 附件.xlsx | 1636 | 
2026-08-28 15:47:18,886 - <stdin> - INFO - [ok] 山南市2026年重点项目建设计划.xlsx | 345 | 
2026-08-28 15:47:20,429 - <stdin> - INFO - [ok] 2026年第一批全区重点项目建设计划（新开工）.xlsx | 223 | 
2026-08-28 15:47:20,889 - E:\STangWork\PythonProjects\skp_parser\parser\xlsx_parser.py - WARNING - E:\STangWork\STangFiles\各省重点项目：2020年起\2026年重点项目\10安徽省2026年重点项目清单\2026年池州市\附件：池州市2026年重点项目清单.xlsx[房地产删除]: 前 20 行未找到表头,跳过
2026-08-28 15:47:28,604 - <stdin> - INFO - [ok] 附件：池州市2026年重点项目清单.xlsx | 1028 | 
2026-08-28 15:47:29,778 - <stdin> - INFO - [ok] 芜湖市重点处2026项目计划分解表.xlsx | 44 | 
2026-08-28 15:47:31,365 - E:\STangWork\PythonProjects\skp_parser\parser\xlsx_parser.py - WARNING - E:\STangWork\STangFiles\各省重点项目：2020年起\2026年重点项目\11福建省2026年重点项目清单\2026年宁德市\附件：2026年度宁德市重点项目名单（341个）.xlsx[Sheet2]: 前 20 行未找到表头,跳过
2026-08-28 15:47:31,366 - E:\STangWork\PythonProjects\skp_parser\parser\xlsx_parser.py - WARNING - E:\STangWork\STangFiles\各省重点项目：2020年起\2026年重点项目\11福建省2026年重点项目清单\2026年宁德市\附件：2026年度宁德市重点项目名单（341个）.xlsx[Sheet3]: 前 20 行未找到表头,跳过
2026-08-28 15:47:31,689 - <stdin> - INFO - [ok] 附件：2026年度宁德市重点项目名单（341个）.xlsx | 242 | 
2026-08-28 15:47:32,257 - <stdin> - INFO - [ok] 平潭综合实验区2026年重点项目建设计划.xlsx | 263 | 
2026-08-28 15:47:32,465 - E:\STangWork\PythonProjects\skp_parser\parser\xlsx_parser.py - WARNING - E:\STangWork\STangFiles\各省重点项目：2020年起\2026年重点项目\11福建省2026年重点项目清单\附件：2026年度省重点项目名单（1570个).xlsx[Sheet2]: 前 20 行未找到表头,跳过
2026-08-28 15:47:32,466 - E:\STangWork\PythonProjects\skp_parser\parser\xlsx_parser.py - WARNING - E:\STangWork\STangFiles\各省重点项目：2020年起\2026年重点项目\11福建省2026年重点项目清单\附件：2026年度省重点项目名单（1570个).xlsx[Sheet3]: 前 20 行未找到表头,跳过
2026-08-28 15:47:35,401 - <stdin> - INFO - [ok] 附件：2026年度省重点项目名单（1570个).xlsx | 1637 | 
2026-08-28 15:47:35,614 - E:\STangWork\PythonProjects\skp_parser\main.py - WARNING - 通知信息解析失败 金政办发〔2025〕68号 附件2 2026年重大前期项目清单.xlsx: No /Root object! - Is this really a PDF?
2026-08-28 15:47:37,017 - <stdin> - INFO - [ok] 金政办发〔2025〕68号 附件2 2026年重大前期项目清单.xlsx | 155 | 
2026-08-28 15:47:37,206 - E:\STangWork\PythonProjects\skp_parser\main.py - WARNING - 通知信息解析失败 金政办发〔2025〕68号 附件3 2026年金昌市招商引资投资机会清单.xlsx: No /Root object! - Is this really a PDF?
2026-08-28 15:47:37,923 - <stdin> - INFO - [ok] 金政办发〔2025〕68号 附件3 2026年金昌市招商引资投资机会清单.xlsx | 174 | 
2026-08-28 15:47:53,836 - <stdin> - INFO - [ok] 2026年广东省重点项目名单(共2830个).xlsx | 2730 | 
2026-08-28 15:48:00,275 - <stdin> - INFO - [ok] 附件1：湛江市2026年重点建设项目计划表.xlsx | 256 | 
2026-08-28 15:48:01,681 - <stdin> - INFO - [ok] 附件：珠海市2026年政府投资项目计划表.xlsx | 100 | 
2026-08-28 15:48:04,390 - <stdin> - INFO - [ok] 遵义市2026年重大工程和重点项目名单.xlsx | 538 | 
2026-08-28 15:48:04,953 - <stdin> - INFO - [ok] 附件：1：文昌市2026年重大项目投资计划表.xlsx | 56 | 
2026-08-28 15:48:05,162 - <stdin> - INFO - [ok] 附件：2：文昌市2026年预备重大项目投资计划表.xlsx | 43 | 
2026-08-28 15:48:05,612 - <stdin> - INFO - [ok] 衡水市2026年市重点建设项目名单.xlsx | 195 | 
2026-08-28 15:48:06,762 - <stdin> - INFO - [ok] 2026年宜昌市省市级重点项目建设计划清单.xlsx | 191 | 
2026-08-28 15:48:07,114 - <stdin> - INFO - [ok] 潜江市2026年省级重点项目建设清单.xlsx | 16 | 
2026-08-28 15:48:07,507 - <stdin> - INFO - [ok] 荆门市2026年市级重点项目汇总表.xlsx | 130 | 
2026-08-28 15:48:07,770 - <stdin> - INFO - [ok] 荆门市2026年省级重点项目汇总表.xlsx | 55 | 
2026-08-28 15:48:07,960 - <stdin> - INFO - [ok] 襄阳市2026年市级重点项目清单.xlsx | 65 | 
2026-08-28 15:48:09,228 - <stdin> - INFO - [ok] 襄阳市2026年省级重点项目清单.xlsx | 58 | 
2026-08-28 15:48:10,530 - <stdin> - INFO - [ok] 随州市2026年重点建设计划清单.xlsx | 112 | 
2026-08-28 15:48:10,737 - E:\STangWork\PythonProjects\skp_parser\main.py - WARNING - 通知信息解析失败 湖北省发改委印发2026年省级重点项目清单.xlsx: No /Root object! - Is this really a PDF?
2026-08-28 15:48:11,996 - <stdin> - INFO - [ok] 湖北省发改委印发2026年省级重点项目清单.xlsx | 768 | 
2026-08-28 15:48:12,072 - E:\STangWork\PythonProjects\skp_parser\main.py - ERROR - 解析失败 2026年各省市重大项目汇总.xlsx: File is not a zip file
Traceback (most recent call last):
  File "E:\STangWork\PythonProjects\skp_parser\main.py", line 110, in process_file
    projects = await asyncio.to_thread(parser.parse, str(file_path))
               ^^^^^^^^^^^^^^^^^^^^^^^^^^^^^^^^^^^^^^^^^^^^^^^^^^^^^
  File "E:\miniconda3\envs\py312_stc\Lib\asyncio\threads.py", line 25, in to_thread
    return await loop.run_in_executor(None, func_call)
           ^^^^^^^^^^^^^^^^^^^^^^^^^^^^^^^^^^^^^^^^^^^
  File "E:\miniconda3\envs\py312_stc\Lib\concurrent\futures\thread.py", line 59, in run
    result = self.fn(*self.args, **self.kwargs)
             ^^^^^^^^^^^^^^^^^^^^^^^^^^^^^^^^^^
  File "E:\STangWork\PythonProjects\skp_parser\parser\xlsx_parser.py", line 29, in parse
    workbook = openpyxl.load_workbook(file_path, data_only=True, read_only=True)
               ^^^^^^^^^^^^^^^^^^^^^^^^^^^^^^^^^^^^^^^^^^^^^^^^^^^^^^^^^^^^^^^^^
  File "E:\miniconda3\envs\py312_stc\Lib\site-packages\openpyxl\reader\excel.py", line 346, in load_workbook
    reader = ExcelReader(filename, read_only, keep_vba,
             ^^^^^^^^^^^^^^^^^^^^^^^^^^^^^^^^^^^^^^^^^^
  File "E:\miniconda3\envs\py312_stc\Lib\site-packages\openpyxl\reader\excel.py", line 123, in __init__
    self.archive = _validate_archive(fn)
                   ^^^^^^^^^^^^^^^^^^^^^
  File "E:\miniconda3\envs\py312_stc\Lib\site-packages\openpyxl\reader\excel.py", line 95, in _validate_archive
    archive = ZipFile(filename, 'r')
              ^^^^^^^^^^^^^^^^^^^^^^
  File "E:\miniconda3\envs\py312_stc\Lib\zipfile\__init__.py", line 1371, in __init__
    self._RealGetContents()
  File "E:\miniconda3\envs\py312_stc\Lib\zipfile\__init__.py", line 1438, in _RealGetContents
    raise BadZipFile("File is not a zip file")
zipfile.BadZipFile: File is not a zip file
2026-08-28 15:48:12,075 - <stdin> - INFO - [failed] 2026年各省市重大项目汇总.xlsx | 0 | 解析失败: File is not a zip file
2026-08-28 15:48:12,118 - E:\STangWork\PythonProjects\skp_parser\main.py - ERROR - 解析失败 2026年各省重点重大项目清单（截止2026年8月19日）.xlsx: File is not a zip file
Traceback (most recent call last):
  File "E:\STangWork\PythonProjects\skp_parser\main.py", line 110, in process_file
    projects = await asyncio.to_thread(parser.parse, str(file_path))
               ^^^^^^^^^^^^^^^^^^^^^^^^^^^^^^^^^^^^^^^^^^^^^^^^^^^^^
  File "E:\miniconda3\envs\py312_stc\Lib\asyncio\threads.py", line 25, in to_thread
    return await loop.run_in_executor(None, func_call)
           ^^^^^^^^^^^^^^^^^^^^^^^^^^^^^^^^^^^^^^^^^^^
  File "E:\miniconda3\envs\py312_stc\Lib\concurrent\futures\thread.py", line 59, in run
    result = self.fn(*self.args, **self.kwargs)
             ^^^^^^^^^^^^^^^^^^^^^^^^^^^^^^^^^^
  File "E:\STangWork\PythonProjects\skp_parser\parser\xlsx_parser.py", line 29, in parse
    workbook = openpyxl.load_workbook(file_path, data_only=True, read_only=True)
               ^^^^^^^^^^^^^^^^^^^^^^^^^^^^^^^^^^^^^^^^^^^^^^^^^^^^^^^^^^^^^^^^^
  File "E:\miniconda3\envs\py312_stc\Lib\site-packages\openpyxl\reader\excel.py", line 346, in load_workbook
    reader = ExcelReader(filename, read_only, keep_vba,
             ^^^^^^^^^^^^^^^^^^^^^^^^^^^^^^^^^^^^^^^^^^
  File "E:\miniconda3\envs\py312_stc\Lib\site-packages\openpyxl\reader\excel.py", line 123, in __init__
    self.archive = _validate_archive(fn)
                   ^^^^^^^^^^^^^^^^^^^^^
  File "E:\miniconda3\envs\py312_stc\Lib\site-packages\openpyxl\reader\excel.py", line 95, in _validate_archive
    archive = ZipFile(filename, 'r')
              ^^^^^^^^^^^^^^^^^^^^^^
  File "E:\miniconda3\envs\py312_stc\Lib\zipfile\__init__.py", line 1371, in __init__
    self._RealGetContents()
  File "E:\miniconda3\envs\py312_stc\Lib\zipfile\__init__.py", line 1438, in _RealGetContents
    raise BadZipFile("File is not a zip file")
zipfile.BadZipFile: File is not a zip file
2026-08-28 15:48:12,119 - <stdin> - INFO - [failed] 2026年各省重点重大项目清单（截止2026年8月19日）.xlsx | 0 | 解析失败: File is not a zip file
2026-08-28 15:48:14,301 - <stdin> - INFO - [ok] 南京市2026年经济社会发展重大项目名单.xlsx | 516 | 
2026-08-28 15:48:16,107 - <stdin> - INFO - [ok] 2026年南通市重大项目清单.xlsx | 424 | 
2026-08-28 15:48:17,204 - <stdin> - INFO - [ok] 2026年扬州市重大项目清单.xlsx | 687 | 
2026-08-28 15:48:18,987 - <stdin> - INFO - [ok] 2026年江阴市重大产业项目清单.xlsx | 181 | 
2026-08-28 15:48:19,607 - <stdin> - INFO - [ok] 2026年镇江市重大项目清单.xlsx | 373 | 
2026-08-28 15:48:19,757 - <stdin> - INFO - [ok] 附件1.2026年省级重点工程第一次季度调整增补项目名单.xlsx | 27 | 
2026-08-28 15:48:20,113 - <stdin> - INFO - [ok] 附件2.2026年省级重点工程第一次季度调整退出项目名单.xlsx | 6 | 
2026-08-28 15:48:21,967 - <stdin> - INFO - [ok] 汉中市2026年重点建设项目计划.xlsx | 476 | 
2026-08-28 15:48:24,168 - <stdin> - INFO - [ok] 2026年德阳市重点项目名单（新开工）.xlsx | 164 | 
2026-08-28 15:48:27,269 - <stdin> - INFO - [ok] 2026年德阳市重点项目名单（续建）.xlsx | 251 | 
2026-08-28 15:48:31,859 - <stdin> - INFO - [ok] 攀枝花2026年省市重点项目名单(对外公布稿).xlsx.xlsx | 442 | 
2026-08-28 15:48:32,998 - <stdin> - INFO - [ok] 2026年达州市重大项目计划.xlsx | 232 | 
2026-08-28 15:48:34,020 - <stdin> - INFO - [ok] 2026年雅安全市重点项目名单.xlsx | 379 | 
2026-08-28 15:48:35,284 - <stdin> - INFO - [ok] 2026年昆明市级重大项目清单.xlsx | 300 | 
2026-08-28 15:48:35,602 - <stdin> - INFO - [ok] 普洱市2026年度第一批省级重大项目清单.xlsx | 115 | 
2026-08-28 15:48:37,598 - <stdin> - INFO - [ok] 云南省2026年度第一批“重中之重”项目清单.xlsx | 52 | 
2026-08-28 15:48:44,419 - <stdin> - INFO - [ok] 云南省2026年度第一批省级重大项目清单.xlsx | 1677 | 
2026-08-28 15:48:45,951 - <stdin> - INFO - [ok] 附件2：丽水市2026年市本级政府投资信息化项目计划表.xlsx | 45 | 
2026-08-28 15:48:50,274 - <stdin> - INFO - [ok] 附件：浙江省扩大有效投资“千项万亿”工程2026年第一批重大建设项目实施计划项目表.xlsx | 1723 | 
2026-08-28 15:48:52,164 - E:\STangWork\PythonProjects\skp_parser\parser\xlsx_parser.py - WARNING - E:\STangWork\STangFiles\各省重点项目：2020年起\2026年重点项目\文章发布表格.xlsx[甘肃]: 前 20 行未找到表头,跳过
2026-08-28 15:48:52,427 - E:\STangWork\PythonProjects\skp_parser\main.py - WARNING - 分类校验[文章发布表格.xlsx] 建成投产项目: 标题声明 129 项,解析 151 项
2026-08-28 15:48:52,427 - E:\STangWork\PythonProjects\skp_parser\main.py - WARNING - 分类校验[文章发布表格.xlsx] 建成投产项目-基础设施项目: 标题声明 24 项,解析 4 项
2026-08-28 15:48:52,427 - E:\STangWork\PythonProjects\skp_parser\main.py - WARNING - 分类校验[文章发布表格.xlsx] 建成投产项目-国省干线普通公路: 标题声明 6 项,解析 9 项
2026-08-28 15:48:52,427 - E:\STangWork\PythonProjects\skp_parser\main.py - WARNING - 分类校验[文章发布表格.xlsx] 建成投产项目-港口航道提升工程: 标题声明 2 项,解析 3 项
2026-08-28 15:48:52,428 - E:\STangWork\PythonProjects\skp_parser\main.py - WARNING - 分类校验[文章发布表格.xlsx] 建成投产项目-输变电工程: 标题声明 5 项,解析 17 项
2026-08-28 15:48:52,428 - E:\STangWork\PythonProjects\skp_parser\main.py - WARNING - 分类校验[文章发布表格.xlsx] 建成投产项目-产业发展项目: 标题声明 83 项,解析 79 项
2026-08-28 15:48:52,428 - E:\STangWork\PythonProjects\skp_parser\main.py - WARNING - 分类校验[文章发布表格.xlsx] 建成投产项目-中央储备粮仓储项目: 标题声明 9 项,解析 12 项
2026-08-28 15:48:52,428 - E:\STangWork\PythonProjects\skp_parser\main.py - WARNING - 分类校验[文章发布表格.xlsx] 续建项目: 标题声明 170 项,解析 189 项
2026-08-28 15:48:52,429 - E:\STangWork\PythonProjects\skp_parser\main.py - WARNING - 分类校验[文章发布表格.xlsx] 续建项目-基础设施项目: 标题声明 64 项,解析 20 项
2026-08-28 15:48:52,429 - E:\STangWork\PythonProjects\skp_parser\main.py - WARNING - 分类校验[文章发布表格.xlsx] 续建项目-国省干线普通公路: 标题声明 11 项,解析 22 项
2026-08-28 15:48:52,429 - E:\STangWork\PythonProjects\skp_parser\main.py - WARNING - 分类校验[文章发布表格.xlsx] 续建项目-风电项目: 标题声明 4 项,解析 35 项
2026-08-28 15:48:52,429 - E:\STangWork\PythonProjects\skp_parser\main.py - WARNING - 分类校验[文章发布表格.xlsx] 续建项目-产业发展项目: 标题声明 91 项,解析 87 项
2026-08-28 15:48:52,429 - E:\STangWork\PythonProjects\skp_parser\main.py - WARNING - 分类校验[文章发布表格.xlsx] 续建项目-中央储备粮仓储项目: 标题声明 6 项,解析 9 项
2026-08-28 15:48:52,430 - E:\STangWork\PythonProjects\skp_parser\main.py - WARNING - 分类校验[文章发布表格.xlsx] 续建项目-社会民生项目: 标题声明 9 项,解析 4 项
2026-08-28 15:48:52,430 - E:\STangWork\PythonProjects\skp_parser\main.py - WARNING - 分类校验[文章发布表格.xlsx] 续建项目-江西省人民医院改造提升项目: 标题声明 2 项,解析 6 项
2026-08-28 15:48:52,430 - E:\STangWork\PythonProjects\skp_parser\main.py - WARNING - 分类校验[文章发布表格.xlsx] 计划新开工项目: 标题声明 177 项,解析 215 项
2026-08-28 15:48:52,430 - E:\STangWork\PythonProjects\skp_parser\main.py - WARNING - 分类校验[文章发布表格.xlsx] 计划新开工项目-基础设施项目: 标题声明 38 项,解析 13 项
2026-08-28 15:48:52,430 - E:\STangWork\PythonProjects\skp_parser\main.py - WARNING - 分类校验[文章发布表格.xlsx] 计划新开工项目-国省干线普通公路: 标题声明 7 项,解析 11 项
2026-08-28 15:48:52,431 - E:\STangWork\PythonProjects\skp_parser\main.py - WARNING - 分类校验[文章发布表格.xlsx] 计划新开工项目-昌九客专输变电工程: 标题声明 2 项,解析 19 项
2026-08-28 15:48:52,431 - E:\STangWork\PythonProjects\skp_parser\main.py - WARNING - 分类校验[文章发布表格.xlsx] 计划新开工项目-产业发展项目: 标题声明 106 项,解析 98 项
2026-08-28 15:48:52,431 - E:\STangWork\PythonProjects\skp_parser\main.py - WARNING - 分类校验[文章发布表格.xlsx] 计划新开工项目-国家粮食和物资储备局江西局建库项目: 标题声明 5 项,解析 11 项
2026-08-28 15:48:52,431 - E:\STangWork\PythonProjects\skp_parser\main.py - WARNING - 分类校验[文章发布表格.xlsx] 计划新开工项目-社会民生项目: 标题声明 11 项,解析 1 项
2026-08-28 15:48:52,432 - E:\STangWork\PythonProjects\skp_parser\main.py - WARNING - 分类校验[文章发布表格.xlsx] 计划新开工项目-江西飞行学院吉安主校区建设项目: 标题声明 3 项,解析 8 项
2026-08-28 15:48:52,432 - E:\STangWork\PythonProjects\skp_parser\main.py - WARNING - 分类校验[文章发布表格.xlsx] 计划新开工项目-江西省豫章监狱迁建及配套工程: 标题声明 2 项,解析 4 项
2026-08-28 15:48:52,432 - E:\STangWork\PythonProjects\skp_parser\main.py - WARNING - 分类校验[文章发布表格.xlsx] 预备项目: 标题声明 10 项,解析 16 项
2026-08-28 15:48:52,432 - E:\STangWork\PythonProjects\skp_parser\main.py - WARNING - 分类校验[文章发布表格.xlsx] 预备项目-国省干线普通公路: 标题声明 5 项,解析 7 项
2026-08-28 15:48:52,432 - E:\STangWork\PythonProjects\skp_parser\main.py - WARNING - 分类校验[文章发布表格.xlsx] 预备项目-500千伏输电工程: 标题声明 3 项,解析 7 项
2026-08-28 15:50:21,764 - <stdin> - INFO - [ok] 文章发布表格.xlsx | 17597 | 
2026-08-28 15:50:21,767 - E:\STangWork\PythonProjects\skp_parser\util\db_util.py - INFO - 数据库连接池已关闭
2026-08-28 15:52:16,193 - E:\STangWork\PythonProjects\skp_parser\util\db_util.py - INFO - 数据库连接池已创建: 127.0.0.1:3306/suidaobig
2026-08-28 15:52:20,861 - E:\STangWork\PythonProjects\skp_parser\main.py - ERROR - 解析失败 1.金昌市2023年重点投资项目清单.xlsx: Value does not match pattern ^[$]?([A-Za-z]{1,3})[$]?(\d+)(:[$]?([A-Za-z]{1,3})[$]?(\d+)?)?$|^[A-Za-z]{1,3}:[A-Za-z]{1,3}$
Traceback (most recent call last):
  File "E:\STangWork\PythonProjects\skp_parser\main.py", line 111, in process_file
    projects = await asyncio.to_thread(parser.parse, str(file_path))
               ^^^^^^^^^^^^^^^^^^^^^^^^^^^^^^^^^^^^^^^^^^^^^^^^^^^^^
  File "E:\miniconda3\envs\py312_stc\Lib\asyncio\threads.py", line 25, in to_thread
    return await loop.run_in_executor(None, func_call)
           ^^^^^^^^^^^^^^^^^^^^^^^^^^^^^^^^^^^^^^^^^^^
  File "E:\miniconda3\envs\py312_stc\Lib\concurrent\futures\thread.py", line 59, in run
    result = self.fn(*self.args, **self.kwargs)
             ^^^^^^^^^^^^^^^^^^^^^^^^^^^^^^^^^^
  File "E:\STangWork\PythonProjects\skp_parser\parser\xlsx_parser.py", line 33, in parse
    projects.extend(self._parse_sheet(file_path, sheet))
                    ^^^^^^^^^^^^^^^^^^^^^^^^^^^^^^^^^^^
  File "E:\STangWork\PythonProjects\skp_parser\parser\xlsx_parser.py", line 70, in _parse_sheet
    for row in sheet.iter_rows(min_row=header_idx + 2, values_only=True):
               ^^^^^^^^^^^^^^^^^^^^^^^^^^^^^^^^^^^^^^^^^^^^^^^^^^^^^^^^^
  File "E:\miniconda3\envs\py312_stc\Lib\site-packages\openpyxl\worksheet\_read_only.py", line 85, in _cells_by_row
    for idx, row in parser.parse():
                    ^^^^^^^^^^^^^^
  File "E:\miniconda3\envs\py312_stc\Lib\site-packages\openpyxl\worksheet\_reader.py", line 163, in parse
    obj = prop[1].from_tree(element)
          ^^^^^^^^^^^^^^^^^^^^^^^^^^
  File "E:\miniconda3\envs\py312_stc\Lib\site-packages\openpyxl\descriptors\serialisable.py", line 103, in from_tree
    return cls(**attrib)
           ^^^^^^^^^^^^^
  File "E:\miniconda3\envs\py312_stc\Lib\site-packages\openpyxl\worksheet\filters.py", line 447, in __init__
    self.ref = ref
    ^^^^^^^^
  File "E:\miniconda3\envs\py312_stc\Lib\site-packages\openpyxl\descriptors\excel.py", line 103, in __set__
    super().__set__(instance, value)
  File "E:\miniconda3\envs\py312_stc\Lib\site-packages\openpyxl\descriptors\base.py", line 257, in __set__
    raise ValueError('Value does not match pattern {0}'.format(self.pattern))
ValueError: Value does not match pattern ^[$]?([A-Za-z]{1,3})[$]?(\d+)(:[$]?([A-Za-z]{1,3})[$]?(\d+)?)?$|^[A-Za-z]{1,3}:[A-Za-z]{1,3}$
2026-08-28 15:52:20,868 - E:\STangWork\PythonProjects\skp_parser\util\db_util.py - INFO - 数据库连接池已关闭
2026-08-28 15:52:39,247 - E:\STangWork\PythonProjects\skp_parser\util\db_util.py - INFO - 数据库连接池已创建: 127.0.0.1:3306/suidaobig
2026-08-28 15:52:40,572 - E:\STangWork\PythonProjects\skp_parser\parser\xlsx_parser.py - WARNING - E:\STangWork\STangFiles\各省重点项目：2020年起\2023年重点项目\12甘肃省2023年重点项目清单\2023年金昌市\1.金昌市2023年重点投资项目清单.xlsx[续建] 解析跳过: Value does not match pattern ^[$]?([A-Za-z]{1,3})[$]?(\d+)(:[$]?([A-Za-z]{1,3})[$]?(\d+)?)?$|^[A-Za-z]{1,3}:[A-Za-z]{1,3}$
2026-08-28 15:52:45,395 - E:\STangWork\PythonProjects\skp_parser\main.py - WARNING - 分类校验[1.金昌市2023年重点投资项目清单.xlsx] 工业创新驱动和转型升级: 标题声明 82 项,解析 51 项
2026-08-28 15:52:45,395 - E:\STangWork\PythonProjects\skp_parser\main.py - WARNING - 分类校验[1.金昌市2023年重点投资项目清单.xlsx] 工业创新驱动和转型升级-采矿业: 标题声明 12 项,解析 8 项
2026-08-28 15:52:45,395 - E:\STangWork\PythonProjects\skp_parser\main.py - WARNING - 分类校验[1.金昌市2023年重点投资项目清单.xlsx] 工业创新驱动和转型升级-有色金属新材料: 标题声明 14 项,解析 6 项
2026-08-28 15:52:45,395 - E:\STangWork\PythonProjects\skp_parser\main.py - WARNING - 分类校验[1.金昌市2023年重点投资项目清单.xlsx] 工业创新驱动和转型升级-化工: 标题声明 26 项,解析 15 项
2026-08-28 15:52:45,395 - E:\STangWork\PythonProjects\skp_parser\main.py - WARNING - 分类校验[1.金昌市2023年重点投资项目清单.xlsx] 工业创新驱动和转型升级-制造业: 标题声明 9 项,解析 8 项
2026-08-28 15:52:45,396 - E:\STangWork\PythonProjects\skp_parser\main.py - WARNING - 分类校验[1.金昌市2023年重点投资项目清单.xlsx] 工业创新驱动和转型升级-节能降耗及技术提升改造: 标题声明 21 项,解析 14 项
2026-08-28 15:52:45,396 - E:\STangWork\PythonProjects\skp_parser\main.py - WARNING - 分类校验[1.金昌市2023年重点投资项目清单.xlsx] 农业农村: 标题声明 32 项,解析 29 项
2026-08-28 15:52:45,396 - E:\STangWork\PythonProjects\skp_parser\main.py - WARNING - 分类校验[1.金昌市2023年重点投资项目清单.xlsx] 农业农村-养殖业: 标题声明 7 项,解析 6 项
2026-08-28 15:52:45,396 - E:\STangWork\PythonProjects\skp_parser\main.py - WARNING - 分类校验[1.金昌市2023年重点投资项目清单.xlsx] 农业农村-农业产业化: 标题声明 21 项,解析 19 项
2026-08-28 15:52:45,396 - E:\STangWork\PythonProjects\skp_parser\main.py - WARNING - 分类校验[1.金昌市2023年重点投资项目清单.xlsx] 社会事业: 标题声明 28 项,解析 12 项
2026-08-28 15:52:45,396 - E:\STangWork\PythonProjects\skp_parser\main.py - WARNING - 分类校验[1.金昌市2023年重点投资项目清单.xlsx] 社会事业-教育: 标题声明 8 项,解析 2 项
2026-08-28 15:52:45,396 - E:\STangWork\PythonProjects\skp_parser\main.py - WARNING - 分类校验[1.金昌市2023年重点投资项目清单.xlsx] 社会事业-卫生健康: 标题声明 9 项,解析 4 项
2026-08-28 15:52:45,396 - E:\STangWork\PythonProjects\skp_parser\main.py - WARNING - 分类校验[1.金昌市2023年重点投资项目清单.xlsx] 社会事业-文化旅游: 标题声明 6 项,解析 5 项
2026-08-28 15:52:45,396 - E:\STangWork\PythonProjects\skp_parser\main.py - WARNING - 分类校验[1.金昌市2023年重点投资项目清单.xlsx] 社会事业-体育: 标题声明 7 项,解析 0 项
2026-08-28 15:52:45,396 - E:\STangWork\PythonProjects\skp_parser\main.py - WARNING - 分类校验[1.金昌市2023年重点投资项目清单.xlsx] 社会事业-民政及其他社会事业: 标题声明 3 项,解析 1 项
2026-08-28 15:52:45,396 - E:\STangWork\PythonProjects\skp_parser\main.py - WARNING - 分类校验[1.金昌市2023年重点投资项目清单.xlsx] 基础设施补短板: 标题声明 53 项,解析 37 项
2026-08-28 15:52:45,396 - E:\STangWork\PythonProjects\skp_parser\main.py - WARNING - 分类校验[1.金昌市2023年重点投资项目清单.xlsx] 基础设施补短板-水利: 标题声明 15 项,解析 10 项
2026-08-28 15:52:45,396 - E:\STangWork\PythonProjects\skp_parser\main.py - WARNING - 分类校验[1.金昌市2023年重点投资项目清单.xlsx] 基础设施补短板-交通: 标题声明 8 项,解析 5 项
2026-08-28 15:52:45,396 - E:\STangWork\PythonProjects\skp_parser\main.py - WARNING - 分类校验[1.金昌市2023年重点投资项目清单.xlsx] 基础设施补短板-城镇基础设施: 标题声明 15 项,解析 8 项
2026-08-28 15:52:45,396 - E:\STangWork\PythonProjects\skp_parser\main.py - WARNING - 分类校验[1.金昌市2023年重点投资项目清单.xlsx] 基础设施补短板-园区基础设施: 标题声明 11 项,解析 10 项
2026-08-28 15:52:45,396 - E:\STangWork\PythonProjects\skp_parser\main.py - WARNING - 分类校验[1.金昌市2023年重点投资项目清单.xlsx] 基础设施补短板-其他基础设施: 标题声明 5 项,解析 4 项
2026-08-28 15:52:45,396 - E:\STangWork\PythonProjects\skp_parser\main.py - WARNING - 分类校验[1.金昌市2023年重点投资项目清单.xlsx] 能源: 标题声明 34 项,解析 28 项
2026-08-28 15:52:45,396 - E:\STangWork\PythonProjects\skp_parser\main.py - WARNING - 分类校验[1.金昌市2023年重点投资项目清单.xlsx] 能源-新能源开发: 标题声明 9 项,解析 3 项
2026-08-28 15:52:45,396 - E:\STangWork\PythonProjects\skp_parser\main.py - WARNING - 分类校验[1.金昌市2023年重点投资项目清单.xlsx] 能源-分布式光伏: 标题声明 7 项,解析 1 项
2026-08-28 15:52:45,396 - E:\STangWork\PythonProjects\skp_parser\main.py - WARNING - 分类校验[1.金昌市2023年重点投资项目清单.xlsx] 能源-新能源配套产业: 标题声明 22 项,解析 16 项
2026-08-28 15:52:45,398 - E:\STangWork\PythonProjects\skp_parser\main.py - WARNING - 分类校验[1.金昌市2023年重点投资项目清单.xlsx] 能源-电力基础设施: 标题声明 11 项,解析 5 项
2026-08-28 15:52:45,398 - E:\STangWork\PythonProjects\skp_parser\main.py - WARNING - 分类校验[1.金昌市2023年重点投资项目清单.xlsx] 能源-石油天然气: 标题声明 9 项,解析 3 项
2026-08-28 15:52:45,398 - E:\STangWork\PythonProjects\skp_parser\main.py - WARNING - 分类校验[1.金昌市2023年重点投资项目清单.xlsx] 数据信息: 标题声明 3 项,解析 2 项
2026-08-28 15:52:45,398 - E:\STangWork\PythonProjects\skp_parser\main.py - WARNING - 分类校验[1.金昌市2023年重点投资项目清单.xlsx] 经贸物流: 标题声明 11 项,解析 7 项
2026-08-28 15:52:45,398 - E:\STangWork\PythonProjects\skp_parser\main.py - WARNING - 分类校验[1.金昌市2023年重点投资项目清单.xlsx] 生态环保: 标题声明 31 项,解析 20 项
2026-08-28 15:52:45,398 - E:\STangWork\PythonProjects\skp_parser\main.py - WARNING - 分类校验[1.金昌市2023年重点投资项目清单.xlsx] 生态环保-工业废弃物利用治理: 标题声明 13 项,解析 7 项
2026-08-28 15:52:45,398 - E:\STangWork\PythonProjects\skp_parser\main.py - WARNING - 分类校验[1.金昌市2023年重点投资项目清单.xlsx] 生态环保-城镇污水垃圾处理: 标题声明 11 项,解析 5 项
2026-08-28 15:52:45,398 - E:\STangWork\PythonProjects\skp_parser\main.py - WARNING - 分类校验[1.金昌市2023年重点投资项目清单.xlsx] 生态环保-环境综合整治及国土绿化: 标题声明 13 项,解析 8 项
2026-08-28 15:52:45,398 - E:\STangWork\PythonProjects\skp_parser\main.py - WARNING - 分类校验[1.金昌市2023年重点投资项目清单.xlsx] 保障性安居工程: 标题声明 16 项,解析 4 项
2026-08-28 15:52:45,398 - E:\STangWork\PythonProjects\skp_parser\main.py - WARNING - 分类校验[1.金昌市2023年重点投资项目清单.xlsx] 其他: 标题声明 5 项,解析 0 项
2026-08-28 15:52:46,409 - E:\STangWork\PythonProjects\skp_parser\parser\xls_parser.py - WARNING - E:\STangWork\STangFiles\各省重点项目：2020年起\2025年重点项目\2025年各省市重大项目汇总.xlsx[北京市]: 前 20 行未找到表头,跳过
2026-08-28 15:52:46,409 - E:\STangWork\PythonProjects\skp_parser\parser\xls_parser.py - WARNING - E:\STangWork\STangFiles\各省重点项目：2020年起\2025年重点项目\2025年各省市重大项目汇总.xlsx[上海市]: 前 20 行未找到表头,跳过
2026-08-28 15:52:46,409 - E:\STangWork\PythonProjects\skp_parser\parser\xls_parser.py - WARNING - E:\STangWork\STangFiles\各省重点项目：2020年起\2025年重点项目\2025年各省市重大项目汇总.xlsx[天津市]: 前 20 行未找到表头,跳过
2026-08-28 15:52:46,409 - E:\STangWork\PythonProjects\skp_parser\parser\xls_parser.py - WARNING - E:\STangWork\STangFiles\各省重点项目：2020年起\2025年重点项目\2025年各省市重大项目汇总.xlsx[重庆市]: 前 20 行未找到表头,跳过
2026-08-28 15:52:46,414 - E:\STangWork\PythonProjects\skp_parser\parser\xls_parser.py - WARNING - E:\STangWork\STangFiles\各省重点项目：2020年起\2025年重点项目\2025年各省市重大项目汇总.xlsx[宁夏回族自治区]: 前 20 行未找到表头,跳过
2026-08-28 15:52:46,415 - E:\STangWork\PythonProjects\skp_parser\parser\xls_parser.py - WARNING - E:\STangWork\STangFiles\各省重点项目：2020年起\2025年重点项目\2025年各省市重大项目汇总.xlsx[新疆维吾尔自治区]: 前 20 行未找到表头,跳过
2026-08-28 15:52:46,415 - E:\STangWork\PythonProjects\skp_parser\parser\xls_parser.py - WARNING - E:\STangWork\STangFiles\各省重点项目：2020年起\2025年重点项目\2025年各省市重大项目汇总.xlsx[安徽省]: 前 20 行未找到表头,跳过
2026-08-28 15:52:46,415 - E:\STangWork\PythonProjects\skp_parser\parser\xls_parser.py - WARNING - E:\STangWork\STangFiles\各省重点项目：2020年起\2025年重点项目\2025年各省市重大项目汇总.xlsx[福建省]: 前 20 行未找到表头,跳过
2026-08-28 15:52:46,415 - E:\STangWork\PythonProjects\skp_parser\parser\xls_parser.py - WARNING - E:\STangWork\STangFiles\各省重点项目：2020年起\2025年重点项目\2025年各省市重大项目汇总.xlsx[甘肃省]: 前 20 行未找到表头,跳过
2026-08-28 15:52:46,416 - E:\STangWork\PythonProjects\skp_parser\parser\xls_parser.py - WARNING - E:\STangWork\STangFiles\各省重点项目：2020年起\2025年重点项目\2025年各省市重大项目汇总.xlsx[广东省]: 前 20 行未找到表头,跳过
2026-08-28 15:52:46,416 - E:\STangWork\PythonProjects\skp_parser\parser\xls_parser.py - WARNING - E:\STangWork\STangFiles\各省重点项目：2020年起\2025年重点项目\2025年各省市重大项目汇总.xlsx[贵州省]: 前 20 行未找到表头,跳过
2026-08-28 15:52:46,416 - E:\STangWork\PythonProjects\skp_parser\parser\xls_parser.py - WARNING - E:\STangWork\STangFiles\各省重点项目：2020年起\2025年重点项目\2025年各省市重大项目汇总.xlsx[海南省]: 前 20 行未找到表头,跳过
2026-08-28 15:52:46,416 - E:\STangWork\PythonProjects\skp_parser\parser\xls_parser.py - WARNING - E:\STangWork\STangFiles\各省重点项目：2020年起\2025年重点项目\2025年各省市重大项目汇总.xlsx[河北省]: 前 20 行未找到表头,跳过
2026-08-28 15:52:46,417 - E:\STangWork\PythonProjects\skp_parser\parser\xls_parser.py - WARNING - E:\STangWork\STangFiles\各省重点项目：2020年起\2025年重点项目\2025年各省市重大项目汇总.xlsx[河南省]: 前 20 行未找到表头,跳过
2026-08-28 15:52:46,417 - E:\STangWork\PythonProjects\skp_parser\parser\xls_parser.py - WARNING - E:\STangWork\STangFiles\各省重点项目：2020年起\2025年重点项目\2025年各省市重大项目汇总.xlsx[湖北省]: 前 20 行未找到表头,跳过
2026-08-28 15:52:46,417 - E:\STangWork\PythonProjects\skp_parser\parser\xls_parser.py - WARNING - E:\STangWork\STangFiles\各省重点项目：2020年起\2025年重点项目\2025年各省市重大项目汇总.xlsx[湖南省]: 前 20 行未找到表头,跳过
2026-08-28 15:52:46,417 - E:\STangWork\PythonProjects\skp_parser\parser\xls_parser.py - WARNING - E:\STangWork\STangFiles\各省重点项目：2020年起\2025年重点项目\2025年各省市重大项目汇总.xlsx[江苏省]: 前 20 行未找到表头,跳过
2026-08-28 15:52:46,417 - E:\STangWork\PythonProjects\skp_parser\parser\xls_parser.py - WARNING - E:\STangWork\STangFiles\各省重点项目：2020年起\2025年重点项目\2025年各省市重大项目汇总.xlsx[江西省]: 前 20 行未找到表头,跳过
2026-08-28 15:52:46,418 - E:\STangWork\PythonProjects\skp_parser\parser\xls_parser.py - WARNING - E:\STangWork\STangFiles\各省重点项目：2020年起\2025年重点项目\2025年各省市重大项目汇总.xlsx[山东省]: 前 20 行未找到表头,跳过
2026-08-28 15:52:46,418 - E:\STangWork\PythonProjects\skp_parser\parser\xls_parser.py - WARNING - E:\STangWork\STangFiles\各省重点项目：2020年起\2025年重点项目\2025年各省市重大项目汇总.xlsx[山西省]: 前 20 行未找到表头,跳过
2026-08-28 15:52:46,418 - E:\STangWork\PythonProjects\skp_parser\parser\xls_parser.py - WARNING - E:\STangWork\STangFiles\各省重点项目：2020年起\2025年重点项目\2025年各省市重大项目汇总.xlsx[陕西省]: 前 20 行未找到表头,跳过
2026-08-28 15:52:46,418 - E:\STangWork\PythonProjects\skp_parser\parser\xls_parser.py - WARNING - E:\STangWork\STangFiles\各省重点项目：2020年起\2025年重点项目\2025年各省市重大项目汇总.xlsx[四川省]: 前 20 行未找到表头,跳过
2026-08-28 15:52:46,418 - E:\STangWork\PythonProjects\skp_parser\parser\xls_parser.py - WARNING - E:\STangWork\STangFiles\各省重点项目：2020年起\2025年重点项目\2025年各省市重大项目汇总.xlsx[云南省]: 前 20 行未找到表头,跳过
2026-08-28 15:52:46,419 - E:\STangWork\PythonProjects\skp_parser\parser\xls_parser.py - WARNING - E:\STangWork\STangFiles\各省重点项目：2020年起\2025年重点项目\2025年各省市重大项目汇总.xlsx[浙江省]: 前 20 行未找到表头,跳过
2026-08-28 15:52:46,756 - E:\STangWork\PythonProjects\skp_parser\parser\xls_parser.py - WARNING - E:\STangWork\STangFiles\各省重点项目：2020年起\2025年重点项目\2025年各省重点重大项目清单（截止2025年10月31日）.xlsx[北京]: 前 20 行未找到表头,跳过
2026-08-28 15:52:46,757 - E:\STangWork\PythonProjects\skp_parser\parser\xls_parser.py - WARNING - E:\STangWork\STangFiles\各省重点项目：2020年起\2025年重点项目\2025年各省重点重大项目清单（截止2025年10月31日）.xlsx[上海]: 前 20 行未找到表头,跳过
2026-08-28 15:52:46,757 - E:\STangWork\PythonProjects\skp_parser\parser\xls_parser.py - WARNING - E:\STangWork\STangFiles\各省重点项目：2020年起\2025年重点项目\2025年各省重点重大项目清单（截止2025年10月31日）.xlsx[天津]: 前 20 行未找到表头,跳过
2026-08-28 15:52:46,757 - E:\STangWork\PythonProjects\skp_parser\parser\xls_parser.py - WARNING - E:\STangWork\STangFiles\各省重点项目：2020年起\2025年重点项目\2025年各省重点重大项目清单（截止2025年10月31日）.xlsx[宁夏]: 前 20 行未找到表头,跳过
2026-08-28 15:52:46,757 - E:\STangWork\PythonProjects\skp_parser\parser\xls_parser.py - WARNING - E:\STangWork\STangFiles\各省重点项目：2020年起\2025年重点项目\2025年各省重点重大项目清单（截止2025年10月31日）.xlsx[福建]: 前 20 行未找到表头,跳过
2026-08-28 15:52:46,758 - E:\STangWork\PythonProjects\skp_parser\parser\xls_parser.py - WARNING - E:\STangWork\STangFiles\各省重点项目：2020年起\2025年重点项目\2025年各省重点重大项目清单（截止2025年10月31日）.xlsx[河北]: 前 20 行未找到表头,跳过
2026-08-28 15:52:46,758 - E:\STangWork\PythonProjects\skp_parser\parser\xls_parser.py - WARNING - E:\STangWork\STangFiles\各省重点项目：2020年起\2025年重点项目\2025年各省重点重大项目清单（截止2025年10月31日）.xlsx[河南]: 前 20 行未找到表头,跳过
2026-08-28 15:52:46,758 - E:\STangWork\PythonProjects\skp_parser\parser\xls_parser.py - WARNING - E:\STangWork\STangFiles\各省重点项目：2020年起\2025年重点项目\2025年各省重点重大项目清单（截止2025年10月31日）.xlsx[江苏]: 前 20 行未找到表头,跳过
2026-08-28 15:52:46,758 - E:\STangWork\PythonProjects\skp_parser\parser\xls_parser.py - WARNING - E:\STangWork\STangFiles\各省重点项目：2020年起\2025年重点项目\2025年各省重点重大项目清单（截止2025年10月31日）.xlsx[山东]: 前 20 行未找到表头,跳过
2026-08-28 15:52:46,759 - E:\STangWork\PythonProjects\skp_parser\parser\xls_parser.py - WARNING - E:\STangWork\STangFiles\各省重点项目：2020年起\2025年重点项目\2025年各省重点重大项目清单（截止2025年10月31日）.xlsx[山西]: 前 20 行未找到表头,跳过
2026-08-28 15:52:46,759 - E:\STangWork\PythonProjects\skp_parser\parser\xls_parser.py - WARNING - E:\STangWork\STangFiles\各省重点项目：2020年起\2025年重点项目\2025年各省重点重大项目清单（截止2025年10月31日）.xlsx[四川]: 前 20 行未找到表头,跳过
2026-08-28 15:52:46,760 - E:\STangWork\PythonProjects\skp_parser\parser\xls_parser.py - WARNING - E:\STangWork\STangFiles\各省重点项目：2020年起\2025年重点项目\2025年各省重点重大项目清单（截止2025年10月31日）.xlsx[甘肃]: 前 20 行未找到表头,跳过
2026-08-28 15:52:46,760 - E:\STangWork\PythonProjects\skp_parser\parser\xls_parser.py - WARNING - E:\STangWork\STangFiles\各省重点项目：2020年起\2025年重点项目\2025年各省重点重大项目清单（截止2025年10月31日）.xlsx[海南]: 前 20 行未找到表头,跳过
2026-08-28 15:52:46,760 - E:\STangWork\PythonProjects\skp_parser\parser\xls_parser.py - WARNING - E:\STangWork\STangFiles\各省重点项目：2020年起\2025年重点项目\2025年各省重点重大项目清单（截止2025年10月31日）.xlsx[湖北]: 前 20 行未找到表头,跳过
2026-08-28 15:52:46,762 - E:\STangWork\PythonProjects\skp_parser\parser\xls_parser.py - WARNING - E:\STangWork\STangFiles\各省重点项目：2020年起\2025年重点项目\2025年各省重点重大项目清单（截止2025年10月31日）.xlsx[重庆]: 前 20 行未找到表头,跳过
2026-08-28 15:52:46,762 - E:\STangWork\PythonProjects\skp_parser\parser\xls_parser.py - WARNING - E:\STangWork\STangFiles\各省重点项目：2020年起\2025年重点项目\2025年各省重点重大项目清单（截止2025年10月31日）.xlsx[安徽]: 前 20 行未找到表头,跳过
2026-08-28 15:52:46,762 - E:\STangWork\PythonProjects\skp_parser\parser\xls_parser.py - WARNING - E:\STangWork\STangFiles\各省重点项目：2020年起\2025年重点项目\2025年各省重点重大项目清单（截止2025年10月31日）.xlsx[广东]: 前 20 行未找到表头,跳过
2026-08-28 15:52:46,762 - E:\STangWork\PythonProjects\skp_parser\parser\xls_parser.py - WARNING - E:\STangWork\STangFiles\各省重点项目：2020年起\2025年重点项目\2025年各省重点重大项目清单（截止2025年10月31日）.xlsx[湖南]: 前 20 行未找到表头,跳过
2026-08-28 15:52:46,763 - E:\STangWork\PythonProjects\skp_parser\parser\xls_parser.py - WARNING - E:\STangWork\STangFiles\各省重点项目：2020年起\2025年重点项目\2025年各省重点重大项目清单（截止2025年10月31日）.xlsx[江西]: 前 20 行未找到表头,跳过
2026-08-28 15:52:46,763 - E:\STangWork\PythonProjects\skp_parser\parser\xls_parser.py - WARNING - E:\STangWork\STangFiles\各省重点项目：2020年起\2025年重点项目\2025年各省重点重大项目清单（截止2025年10月31日）.xlsx[陕西]: 前 20 行未找到表头,跳过
2026-08-28 15:52:46,763 - E:\STangWork\PythonProjects\skp_parser\parser\xls_parser.py - WARNING - E:\STangWork\STangFiles\各省重点项目：2020年起\2025年重点项目\2025年各省重点重大项目清单（截止2025年10月31日）.xlsx[云南]: 前 20 行未找到表头,跳过
2026-08-28 15:52:46,763 - E:\STangWork\PythonProjects\skp_parser\parser\xls_parser.py - WARNING - E:\STangWork\STangFiles\各省重点项目：2020年起\2025年重点项目\2025年各省重点重大项目清单（截止2025年10月31日）.xlsx[浙江]: 前 20 行未找到表头,跳过
2026-08-28 15:52:46,766 - E:\STangWork\PythonProjects\skp_parser\parser\xls_parser.py - WARNING - E:\STangWork\STangFiles\各省重点项目：2020年起\2025年重点项目\2025年各省重点重大项目清单（截止2025年10月31日）.xlsx[地级市]: 前 20 行未找到表头,跳过
2026-08-28 15:52:46,766 - E:\STangWork\PythonProjects\skp_parser\parser\xls_parser.py - WARNING - E:\STangWork\STangFiles\各省重点项目：2020年起\2025年重点项目\2025年各省重点重大项目清单（截止2025年10月31日）.xlsx[贵州]: 前 20 行未找到表头,跳过
2026-08-28 15:52:46,767 - E:\STangWork\PythonProjects\skp_parser\parser\xls_parser.py - WARNING - E:\STangWork\STangFiles\各省重点项目：2020年起\2025年重点项目\2025年各省重点重大项目清单（截止2025年10月31日）.xlsx[省份新建拟建项目]: 前 20 行未找到表头,跳过
2026-08-28 15:52:46,767 - E:\STangWork\PythonProjects\skp_parser\main.py - WARNING - 分类校验[2025年各省重点重大项目清单（截止2025年10月31日）.xlsx] 第一批-.0 河北省 703个 1.5万亿元 / ①新开工项目349项，包括：
战略性新兴产业（230项）、
传统产业升级改造（34项）、
现代服务业（34项）、
基础设施（33项）、
社会事业（18项）；
②续建项目259项，包括：
战略性新兴产业（10: 标题声明 230 项,解析 0 项
2026-08-28 15:52:46,767 - E:\STangWork\PythonProjects\skp_parser\main.py - WARNING - 分类校验[2025年各省重点重大项目清单（截止2025年10月31日）.xlsx] 第一批-.0 四川省 810项 / 7916.5亿元 （1）按建设状态：
①续建项目532个、2025年预计完成投资6076.8亿元；
②计划新开工项目278个、2025年预计完成投资1839.7亿元。
（2）按行业领域：
①基础设施项目280个、2025: 标题声明 230 项,解析 0 项
2026-08-28 15:52:46,767 - E:\STangWork\PythonProjects\skp_parser\main.py - WARNING - 分类校验[2025年各省重点重大项目清单（截止2025年10月31日）.xlsx] 第二批-.0 河北省 703个 1.5万亿元 / ①新开工项目349项，包括：
战略性新兴产业（230项）、
传统产业升级改造（34项）、
现代服务业（34项）、
基础设施（33项）、
社会事业（18项）；
②续建项目259项，包括：
战略性新兴产业（10: 标题声明 230 项,解析 0 项
2026-08-28 15:52:46,767 - E:\STangWork\PythonProjects\skp_parser\main.py - WARNING - 分类校验[2025年各省重点重大项目清单（截止2025年10月31日）.xlsx] 第二批-.0 四川省 810项 / 7916.5亿元 （1）按建设状态：
①续建项目532个、2025年预计完成投资6076.8亿元；
②计划新开工项目278个、2025年预计完成投资1839.7亿元。
（2）按行业领域：
①基础设施项目280个、2025: 标题声明 230 项,解析 0 项
2026-08-28 15:52:46,767 - E:\STangWork\PythonProjects\skp_parser\main.py - WARNING - 分类校验[2025年各省重点重大项目清单（截止2025年10月31日）.xlsx] 第三批-.0 河北省 703个 1.5万亿元 / ①新开工项目349项，包括：
战略性新兴产业（230项）、
传统产业升级改造（34项）、
现代服务业（34项）、
基础设施（33项）、
社会事业（18项）；
②续建项目259项，包括：
战略性新兴产业（10: 标题声明 230 项,解析 0 项
2026-08-28 15:52:46,769 - E:\STangWork\PythonProjects\skp_parser\main.py - WARNING - 分类校验[2025年各省重点重大项目清单（截止2025年10月31日）.xlsx] 第三批-.0 四川省 810项 / 7916.5亿元 （1）按建设状态：
①续建项目532个、2025年预计完成投资6076.8亿元；
②计划新开工项目278个、2025年预计完成投资1839.7亿元。
（2）按行业领域：
①基础设施项目280个、2025: 标题声明 230 项,解析 0 项
2026-08-28 15:52:46,769 - E:\STangWork\PythonProjects\skp_parser\main.py - WARNING - 分类校验[2025年各省重点重大项目清单（截止2025年10月31日）.xlsx] 第四批-.0 河北省 703个 1.5万亿元 / ①新开工项目349项，包括：
战略性新兴产业（230项）、
传统产业升级改造（34项）、
现代服务业（34项）、
基础设施（33项）、
社会事业（18项）；
②续建项目259项，包括：
战略性新兴产业（10: 标题声明 230 项,解析 0 项
2026-08-28 15:52:46,769 - E:\STangWork\PythonProjects\skp_parser\main.py - WARNING - 分类校验[2025年各省重点重大项目清单（截止2025年10月31日）.xlsx] 第四批-.0 四川省 810项 / 7916.5亿元 （1）按建设状态：
①续建项目532个、2025年预计完成投资6076.8亿元；
②计划新开工项目278个、2025年预计完成投资1839.7亿元。
（2）按行业领域：
①基础设施项目280个、2025: 标题声明 230 项,解析 0 项
2026-08-28 15:52:46,769 - E:\STangWork\PythonProjects\skp_parser\main.py - WARNING - 分类校验[2025年各省重点重大项目清单（截止2025年10月31日）.xlsx] 第五批-.0 河北省 703个 1.5万亿元 / ①新开工项目349项，包括：
战略性新兴产业（230项）、
传统产业升级改造（34项）、
现代服务业（34项）、
基础设施（33项）、
社会事业（18项）；
②续建项目259项，包括：
战略性新兴产业（10: 标题声明 230 项,解析 0 项
2026-08-28 15:52:46,769 - E:\STangWork\PythonProjects\skp_parser\main.py - WARNING - 分类校验[2025年各省重点重大项目清单（截止2025年10月31日）.xlsx] 第五批-.0 四川省 810项 / 7916.5亿元 （1）按建设状态：
①续建项目532个、2025年预计完成投资6076.8亿元；
②计划新开工项目278个、2025年预计完成投资1839.7亿元。
（2）按行业领域：
①基础设施项目280个、2025: 标题声明 230 项,解析 0 项
2026-08-28 15:52:46,769 - E:\STangWork\PythonProjects\skp_parser\main.py - WARNING - 分类校验[2025年各省重点重大项目清单（截止2025年10月31日）.xlsx] 第四批-.0 宁夏回族自治区 210项 6039.7319亿元 787.3162亿元 ①重点建设项目总计100项，总投资3854.3352亿元，年计划投资650.9774亿元。其中：
产业项目（65项）：总投资2782.6271亿元，年计划投资437.68: 标题声明 65 项,解析 0 项
2026-08-28 15:52:46,769 - E:\STangWork\PythonProjects\skp_parser\main.py - WARNING - 分类校验[2025年各省重点重大项目清单（截止2025年10月31日）.xlsx] 第四批-.0 河北省 639 个 1.38 万亿元 2200 亿元 ①按建设进度划分：
新开工项目328 个，总投资 3857.2 亿元，年度预计投资 727.7 亿元；
续建项目 233 个，总投资 8437.3 亿元，年度预计投资 1268.2 亿元；: 标题声明 325 项,解析 0 项
2026-08-28 15:52:46,770 - E:\STangWork\PythonProjects\skp_parser\main.py - WARNING - 分类校验[2025年各省重点重大项目清单（截止2025年10月31日）.xlsx] 第四批-.0 云南省 1650个 27410亿元 4519亿元 省级重大项目1650个，总投资27410亿元，年度计划投资4519亿元（其中，年度计划投资10亿元以上的“重中之重”项目115个，总投资13175亿元，年度计划投资2145亿元）。包括：
（1: 标题声明 325 项,解析 0 项
2026-08-28 15:52:47,219 - E:\STangWork\PythonProjects\skp_parser\parser\xls_parser.py - WARNING - E:\STangWork\STangFiles\各省重点项目：2020年起\2026年重点项目\2026年各省市重大项目汇总.xlsx[北京市]: 前 20 行未找到表头,跳过
2026-08-28 15:52:47,219 - E:\STangWork\PythonProjects\skp_parser\parser\xls_parser.py - WARNING - E:\STangWork\STangFiles\各省重点项目：2020年起\2026年重点项目\2026年各省市重大项目汇总.xlsx[上海市]: 前 20 行未找到表头,跳过
2026-08-28 15:52:47,219 - E:\STangWork\PythonProjects\skp_parser\parser\xls_parser.py - WARNING - E:\STangWork\STangFiles\各省重点项目：2020年起\2026年重点项目\2026年各省市重大项目汇总.xlsx[天津市]: 前 20 行未找到表头,跳过
2026-08-28 15:52:47,220 - E:\STangWork\PythonProjects\skp_parser\parser\xls_parser.py - WARNING - E:\STangWork\STangFiles\各省重点项目：2020年起\2026年重点项目\2026年各省市重大项目汇总.xlsx[重庆市]: 前 20 行未找到表头,跳过
2026-08-28 15:52:47,224 - E:\STangWork\PythonProjects\skp_parser\parser\xls_parser.py - WARNING - E:\STangWork\STangFiles\各省重点项目：2020年起\2026年重点项目\2026年各省市重大项目汇总.xlsx[宁夏回族自治区]: 前 20 行未找到表头,跳过
2026-08-28 15:52:47,224 - E:\STangWork\PythonProjects\skp_parser\parser\xls_parser.py - WARNING - E:\STangWork\STangFiles\各省重点项目：2020年起\2026年重点项目\2026年各省市重大项目汇总.xlsx[西藏自治区]: 前 20 行未找到表头,跳过
2026-08-28 15:52:47,224 - E:\STangWork\PythonProjects\skp_parser\parser\xls_parser.py - WARNING - E:\STangWork\STangFiles\各省重点项目：2020年起\2026年重点项目\2026年各省市重大项目汇总.xlsx[新疆维吾尔自治区]: 前 20 行未找到表头,跳过
2026-08-28 15:52:47,224 - E:\STangWork\PythonProjects\skp_parser\parser\xls_parser.py - WARNING - E:\STangWork\STangFiles\各省重点项目：2020年起\2026年重点项目\2026年各省市重大项目汇总.xlsx[安徽省]: 前 20 行未找到表头,跳过
2026-08-28 15:52:47,224 - E:\STangWork\PythonProjects\skp_parser\parser\xls_parser.py - WARNING - E:\STangWork\STangFiles\各省重点项目：2020年起\2026年重点项目\2026年各省市重大项目汇总.xlsx[福建省]: 前 20 行未找到表头,跳过
2026-08-28 15:52:47,224 - E:\STangWork\PythonProjects\skp_parser\parser\xls_parser.py - WARNING - E:\STangWork\STangFiles\各省重点项目：2020年起\2026年重点项目\2026年各省市重大项目汇总.xlsx[甘肃省]: 前 20 行未找到表头,跳过
2026-08-28 15:52:47,224 - E:\STangWork\PythonProjects\skp_parser\parser\xls_parser.py - WARNING - E:\STangWork\STangFiles\各省重点项目：2020年起\2026年重点项目\2026年各省市重大项目汇总.xlsx[广东省]: 前 20 行未找到表头,跳过
2026-08-28 15:52:47,226 - E:\STangWork\PythonProjects\skp_parser\parser\xls_parser.py - WARNING - E:\STangWork\STangFiles\各省重点项目：2020年起\2026年重点项目\2026年各省市重大项目汇总.xlsx[贵州省]: 前 20 行未找到表头,跳过
2026-08-28 15:52:47,226 - E:\STangWork\PythonProjects\skp_parser\parser\xls_parser.py - WARNING - E:\STangWork\STangFiles\各省重点项目：2020年起\2026年重点项目\2026年各省市重大项目汇总.xlsx[海南省]: 前 20 行未找到表头,跳过
2026-08-28 15:52:47,226 - E:\STangWork\PythonProjects\skp_parser\parser\xls_parser.py - WARNING - E:\STangWork\STangFiles\各省重点项目：2020年起\2026年重点项目\2026年各省市重大项目汇总.xlsx[河北省]: 前 20 行未找到表头,跳过
2026-08-28 15:52:47,226 - E:\STangWork\PythonProjects\skp_parser\parser\xls_parser.py - WARNING - E:\STangWork\STangFiles\各省重点项目：2020年起\2026年重点项目\2026年各省市重大项目汇总.xlsx[河南省]: 前 20 行未找到表头,跳过
2026-08-28 15:52:47,227 - E:\STangWork\PythonProjects\skp_parser\parser\xls_parser.py - WARNING - E:\STangWork\STangFiles\各省重点项目：2020年起\2026年重点项目\2026年各省市重大项目汇总.xlsx[湖北省]: 前 20 行未找到表头,跳过
2026-08-28 15:52:47,227 - E:\STangWork\PythonProjects\skp_parser\parser\xls_parser.py - WARNING - E:\STangWork\STangFiles\各省重点项目：2020年起\2026年重点项目\2026年各省市重大项目汇总.xlsx[湖南省]: 前 20 行未找到表头,跳过
2026-08-28 15:52:47,227 - E:\STangWork\PythonProjects\skp_parser\parser\xls_parser.py - WARNING - E:\STangWork\STangFiles\各省重点项目：2020年起\2026年重点项目\2026年各省市重大项目汇总.xlsx[江苏省]: 前 20 行未找到表头,跳过
2026-08-28 15:52:47,227 - E:\STangWork\PythonProjects\skp_parser\parser\xls_parser.py - WARNING - E:\STangWork\STangFiles\各省重点项目：2020年起\2026年重点项目\2026年各省市重大项目汇总.xlsx[江西省]: 前 20 行未找到表头,跳过
2026-08-28 15:52:47,227 - E:\STangWork\PythonProjects\skp_parser\parser\xls_parser.py - WARNING - E:\STangWork\STangFiles\各省重点项目：2020年起\2026年重点项目\2026年各省市重大项目汇总.xlsx[山东省]: 前 20 行未找到表头,跳过
2026-08-28 15:52:47,228 - E:\STangWork\PythonProjects\skp_parser\parser\xls_parser.py - WARNING - E:\STangWork\STangFiles\各省重点项目：2020年起\2026年重点项目\2026年各省市重大项目汇总.xlsx[山西省]: 前 20 行未找到表头,跳过
2026-08-28 15:52:47,228 - E:\STangWork\PythonProjects\skp_parser\parser\xls_parser.py - WARNING - E:\STangWork\STangFiles\各省重点项目：2020年起\2026年重点项目\2026年各省市重大项目汇总.xlsx[陕西省]: 前 20 行未找到表头,跳过
2026-08-28 15:52:47,228 - E:\STangWork\PythonProjects\skp_parser\parser\xls_parser.py - WARNING - E:\STangWork\STangFiles\各省重点项目：2020年起\2026年重点项目\2026年各省市重大项目汇总.xlsx[四川省]: 前 20 行未找到表头,跳过
2026-08-28 15:52:47,228 - E:\STangWork\PythonProjects\skp_parser\parser\xls_parser.py - WARNING - E:\STangWork\STangFiles\各省重点项目：2020年起\2026年重点项目\2026年各省市重大项目汇总.xlsx[云南省]: 前 20 行未找到表头,跳过
2026-08-28 15:52:47,229 - E:\STangWork\PythonProjects\skp_parser\parser\xls_parser.py - WARNING - E:\STangWork\STangFiles\各省重点项目：2020年起\2026年重点项目\2026年各省市重大项目汇总.xlsx[浙江省]: 前 20 行未找到表头,跳过
2026-08-28 15:52:47,441 - E:\STangWork\PythonProjects\skp_parser\parser\xls_parser.py - WARNING - E:\STangWork\STangFiles\各省重点项目：2020年起\2026年重点项目\2026年各省重点重大项目清单（截止2026年8月19日）.xlsx[北京]: 前 20 行未找到表头,跳过
2026-08-28 15:52:47,441 - E:\STangWork\PythonProjects\skp_parser\parser\xls_parser.py - WARNING - E:\STangWork\STangFiles\各省重点项目：2020年起\2026年重点项目\2026年各省重点重大项目清单（截止2026年8月19日）.xlsx[宁夏]: 前 20 行未找到表头,跳过
2026-08-28 15:52:47,442 - E:\STangWork\PythonProjects\skp_parser\parser\xls_parser.py - WARNING - E:\STangWork\STangFiles\各省重点项目：2020年起\2026年重点项目\2026年各省重点重大项目清单（截止2026年8月19日）.xlsx[西藏]: 前 20 行未找到表头,跳过
2026-08-28 15:52:47,442 - E:\STangWork\PythonProjects\skp_parser\parser\xls_parser.py - WARNING - E:\STangWork\STangFiles\各省重点项目：2020年起\2026年重点项目\2026年各省重点重大项目清单（截止2026年8月19日）.xlsx[海南]: 前 20 行未找到表头,跳过
2026-08-28 15:52:47,442 - E:\STangWork\PythonProjects\skp_parser\parser\xls_parser.py - WARNING - E:\STangWork\STangFiles\各省重点项目：2020年起\2026年重点项目\2026年各省重点重大项目清单（截止2026年8月19日）.xlsx[河北]: 前 20 行未找到表头,跳过
2026-08-28 15:52:47,442 - E:\STangWork\PythonProjects\skp_parser\parser\xls_parser.py - WARNING - E:\STangWork\STangFiles\各省重点项目：2020年起\2026年重点项目\2026年各省重点重大项目清单（截止2026年8月19日）.xlsx[湖南]: 前 20 行未找到表头,跳过
2026-08-28 15:52:47,442 - E:\STangWork\PythonProjects\skp_parser\parser\xls_parser.py - WARNING - E:\STangWork\STangFiles\各省重点项目：2020年起\2026年重点项目\2026年各省重点重大项目清单（截止2026年8月19日）.xlsx[江苏]: 前 20 行未找到表头,跳过
2026-08-28 15:52:47,443 - E:\STangWork\PythonProjects\skp_parser\parser\xls_parser.py - WARNING - E:\STangWork\STangFiles\各省重点项目：2020年起\2026年重点项目\2026年各省重点重大项目清单（截止2026年8月19日）.xlsx[山西]: 前 20 行未找到表头,跳过
2026-08-28 15:52:47,443 - E:\STangWork\PythonProjects\skp_parser\parser\xls_parser.py - WARNING - E:\STangWork\STangFiles\各省重点项目：2020年起\2026年重点项目\2026年各省重点重大项目清单（截止2026年8月19日）.xlsx[四川]: 前 20 行未找到表头,跳过
2026-08-28 15:52:47,444 - E:\STangWork\PythonProjects\skp_parser\parser\xls_parser.py - WARNING - E:\STangWork\STangFiles\各省重点项目：2020年起\2026年重点项目\2026年各省重点重大项目清单（截止2026年8月19日）.xlsx[上海]: 前 20 行未找到表头,跳过
2026-08-28 15:52:47,444 - E:\STangWork\PythonProjects\skp_parser\parser\xls_parser.py - WARNING - E:\STangWork\STangFiles\各省重点项目：2020年起\2026年重点项目\2026年各省重点重大项目清单（截止2026年8月19日）.xlsx[天津]: 前 20 行未找到表头,跳过
2026-08-28 15:52:47,444 - E:\STangWork\PythonProjects\skp_parser\parser\xls_parser.py - WARNING - E:\STangWork\STangFiles\各省重点项目：2020年起\2026年重点项目\2026年各省重点重大项目清单（截止2026年8月19日）.xlsx[福建]: 前 20 行未找到表头,跳过
2026-08-28 15:52:47,444 - E:\STangWork\PythonProjects\skp_parser\parser\xls_parser.py - WARNING - E:\STangWork\STangFiles\各省重点项目：2020年起\2026年重点项目\2026年各省重点重大项目清单（截止2026年8月19日）.xlsx[贵州]: 前 20 行未找到表头,跳过
2026-08-28 15:52:47,444 - E:\STangWork\PythonProjects\skp_parser\parser\xls_parser.py - WARNING - E:\STangWork\STangFiles\各省重点项目：2020年起\2026年重点项目\2026年各省重点重大项目清单（截止2026年8月19日）.xlsx[湖北]: 前 20 行未找到表头,跳过
2026-08-28 15:52:47,446 - E:\STangWork\PythonProjects\skp_parser\parser\xls_parser.py - WARNING - E:\STangWork\STangFiles\各省重点项目：2020年起\2026年重点项目\2026年各省重点重大项目清单（截止2026年8月19日）.xlsx[重庆]: 前 20 行未找到表头,跳过
2026-08-28 15:52:47,446 - E:\STangWork\PythonProjects\skp_parser\parser\xls_parser.py - WARNING - E:\STangWork\STangFiles\各省重点项目：2020年起\2026年重点项目\2026年各省重点重大项目清单（截止2026年8月19日）.xlsx[安徽]: 前 20 行未找到表头,跳过
2026-08-28 15:52:47,446 - E:\STangWork\PythonProjects\skp_parser\parser\xls_parser.py - WARNING - E:\STangWork\STangFiles\各省重点项目：2020年起\2026年重点项目\2026年各省重点重大项目清单（截止2026年8月19日）.xlsx[甘肃]: 前 20 行未找到表头,跳过
2026-08-28 15:52:47,446 - E:\STangWork\PythonProjects\skp_parser\parser\xls_parser.py - WARNING - E:\STangWork\STangFiles\各省重点项目：2020年起\2026年重点项目\2026年各省重点重大项目清单（截止2026年8月19日）.xlsx[广东]: 前 20 行未找到表头,跳过
2026-08-28 15:52:47,446 - E:\STangWork\PythonProjects\skp_parser\parser\xls_parser.py - WARNING - E:\STangWork\STangFiles\各省重点项目：2020年起\2026年重点项目\2026年各省重点重大项目清单（截止2026年8月19日）.xlsx[江西]: 前 20 行未找到表头,跳过
2026-08-28 15:52:47,447 - E:\STangWork\PythonProjects\skp_parser\parser\xls_parser.py - WARNING - E:\STangWork\STangFiles\各省重点项目：2020年起\2026年重点项目\2026年各省重点重大项目清单（截止2026年8月19日）.xlsx[河南]: 前 20 行未找到表头,跳过
2026-08-28 15:52:47,447 - E:\STangWork\PythonProjects\skp_parser\parser\xls_parser.py - WARNING - E:\STangWork\STangFiles\各省重点项目：2020年起\2026年重点项目\2026年各省重点重大项目清单（截止2026年8月19日）.xlsx[山东]: 前 20 行未找到表头,跳过
2026-08-28 15:52:47,447 - E:\STangWork\PythonProjects\skp_parser\parser\xls_parser.py - WARNING - E:\STangWork\STangFiles\各省重点项目：2020年起\2026年重点项目\2026年各省重点重大项目清单（截止2026年8月19日）.xlsx[陕西]: 前 20 行未找到表头,跳过
2026-08-28 15:52:47,447 - E:\STangWork\PythonProjects\skp_parser\parser\xls_parser.py - WARNING - E:\STangWork\STangFiles\各省重点项目：2020年起\2026年重点项目\2026年各省重点重大项目清单（截止2026年8月19日）.xlsx[云南]: 前 20 行未找到表头,跳过
2026-08-28 15:52:47,448 - E:\STangWork\PythonProjects\skp_parser\parser\xls_parser.py - WARNING - E:\STangWork\STangFiles\各省重点项目：2020年起\2026年重点项目\2026年各省重点重大项目清单（截止2026年8月19日）.xlsx[浙江]: 前 20 行未找到表头,跳过
2026-08-28 15:52:47,449 - E:\STangWork\PythonProjects\skp_parser\parser\xls_parser.py - WARNING - E:\STangWork\STangFiles\各省重点项目：2020年起\2026年重点项目\2026年各省重点重大项目清单（截止2026年8月19日）.xlsx[地级市]: 前 20 行未找到表头,跳过
2026-08-28 15:52:47,452 - E:\STangWork\PythonProjects\skp_parser\parser\xls_parser.py - WARNING - E:\STangWork\STangFiles\各省重点项目：2020年起\2026年重点项目\2026年各省重点重大项目清单（截止2026年8月19日）.xlsx[省份新建拟建项目]: 前 20 行未找到表头,跳过
2026-08-28 15:52:47,453 - E:\STangWork\PythonProjects\skp_parser\main.py - WARNING - 分类校验[2026年各省重点重大项目清单（截止2026年8月19日）.xlsx] 第四批-.0 河北省 703个 1.5万亿元 / ①新开工项目349项，包括：
战略性新兴产业（230项）、
传统产业升级改造（34项）、
现代服务业（34项）、
基础设施（33项）、
社会事业（18项）；
②续建项目259项，包括：
战略性新兴产业（10: 标题声明 230 项,解析 0 项
2026-08-28 15:52:47,453 - E:\STangWork\PythonProjects\skp_parser\main.py - WARNING - 分类校验[2026年各省重点重大项目清单（截止2026年8月19日）.xlsx] 第四批-.0 四川省 810项 / 7916.5亿元 （1）按建设状态：
①续建项目532个、2025年预计完成投资6076.8亿元；
②计划新开工项目278个、2025年预计完成投资1839.7亿元。
（2）按行业领域：
①基础设施项目280个、2025: 标题声明 230 项,解析 0 项
2026-08-28 15:52:47,453 - E:\STangWork\PythonProjects\skp_parser\main.py - WARNING - 分类校验[2026年各省重点重大项目清单（截止2026年8月19日）.xlsx] 第五批-.0 河北省 703个 1.5万亿元 / ①新开工项目349项，包括：
战略性新兴产业（230项）、
传统产业升级改造（34项）、
现代服务业（34项）、
基础设施（33项）、
社会事业（18项）；
②续建项目259项，包括：
战略性新兴产业（10: 标题声明 230 项,解析 0 项
2026-08-28 15:52:47,453 - E:\STangWork\PythonProjects\skp_parser\main.py - WARNING - 分类校验[2026年各省重点重大项目清单（截止2026年8月19日）.xlsx] 第五批-.0 四川省 810项 / 7916.5亿元 （1）按建设状态：
①续建项目532个、2025年预计完成投资6076.8亿元；
②计划新开工项目278个、2025年预计完成投资1839.7亿元。
（2）按行业领域：
①基础设施项目280个、2025: 标题声明 230 项,解析 0 项
2026-08-28 15:52:47,453 - E:\STangWork\PythonProjects\skp_parser\main.py - WARNING - 分类校验[2026年各省重点重大项目清单（截止2026年8月19日）.xlsx] 第四批-.0 宁夏回族自治区 210项 6039.7319亿元 787.3162亿元 ①重点建设项目总计100项，总投资3854.3352亿元，年计划投资650.9774亿元。其中：
产业项目（65项）：总投资2782.6271亿元，年计划投资437.68: 标题声明 65 项,解析 0 项
2026-08-28 15:52:47,453 - E:\STangWork\PythonProjects\skp_parser\main.py - WARNING - 分类校验[2026年各省重点重大项目清单（截止2026年8月19日）.xlsx] 第四批-.0 河北省 639 个 1.38 万亿元 2200 亿元 ①按建设进度划分：
新开工项目328 个，总投资 3857.2 亿元，年度预计投资 727.7 亿元；
续建项目 233 个，总投资 8437.3 亿元，年度预计投资 1268.2 亿元；: 标题声明 325 项,解析 0 项
2026-08-28 15:52:47,453 - E:\STangWork\PythonProjects\skp_parser\main.py - WARNING - 分类校验[2026年各省重点重大项目清单（截止2026年8月19日）.xlsx] 第四批-.0 云南省 1650个 27410亿元 4519亿元 省级重大项目1650个，总投资27410亿元，年度计划投资4519亿元（其中，年度计划投资10亿元以上的“重中之重”项目115个，总投资13175亿元，年度计划投资2145亿元）。包括：
（1: 标题声明 325 项,解析 0 项
2026-08-28 15:52:48,418 - E:\STangWork\PythonProjects\skp_parser\util\db_util.py - INFO - 数据库连接池已关闭
2026-08-28 15:53:03,044 - E:\STangWork\PythonProjects\skp_parser\parser\xls_parser.py - WARNING - E:\STangWork\STangFiles\各省重点项目：2020年起\2025年重点项目\2025年各省市重大项目汇总.xlsx[北京市]: 前 20 行未找到表头,跳过
2026-08-28 15:53:03,045 - E:\STangWork\PythonProjects\skp_parser\parser\xls_parser.py - WARNING - E:\STangWork\STangFiles\各省重点项目：2020年起\2025年重点项目\2025年各省市重大项目汇总.xlsx[上海市]: 前 20 行未找到表头,跳过
2026-08-28 15:53:03,045 - E:\STangWork\PythonProjects\skp_parser\parser\xls_parser.py - WARNING - E:\STangWork\STangFiles\各省重点项目：2020年起\2025年重点项目\2025年各省市重大项目汇总.xlsx[天津市]: 前 20 行未找到表头,跳过
2026-08-28 15:53:03,047 - E:\STangWork\PythonProjects\skp_parser\parser\xls_parser.py - WARNING - E:\STangWork\STangFiles\各省重点项目：2020年起\2025年重点项目\2025年各省市重大项目汇总.xlsx[重庆市]: 前 20 行未找到表头,跳过
2026-08-28 15:53:03,067 - E:\STangWork\PythonProjects\skp_parser\parser\xls_parser.py - WARNING - E:\STangWork\STangFiles\各省重点项目：2020年起\2025年重点项目\2025年各省市重大项目汇总.xlsx[宁夏回族自治区]: 前 20 行未找到表头,跳过
2026-08-28 15:53:03,069 - E:\STangWork\PythonProjects\skp_parser\parser\xls_parser.py - WARNING - E:\STangWork\STangFiles\各省重点项目：2020年起\2025年重点项目\2025年各省市重大项目汇总.xlsx[新疆维吾尔自治区]: 前 20 行未找到表头,跳过
2026-08-28 15:53:03,069 - E:\STangWork\PythonProjects\skp_parser\parser\xls_parser.py - WARNING - E:\STangWork\STangFiles\各省重点项目：2020年起\2025年重点项目\2025年各省市重大项目汇总.xlsx[安徽省]: 前 20 行未找到表头,跳过
2026-08-28 15:53:03,069 - E:\STangWork\PythonProjects\skp_parser\parser\xls_parser.py - WARNING - E:\STangWork\STangFiles\各省重点项目：2020年起\2025年重点项目\2025年各省市重大项目汇总.xlsx[福建省]: 前 20 行未找到表头,跳过
2026-08-28 15:53:03,070 - E:\STangWork\PythonProjects\skp_parser\parser\xls_parser.py - WARNING - E:\STangWork\STangFiles\各省重点项目：2020年起\2025年重点项目\2025年各省市重大项目汇总.xlsx[甘肃省]: 前 20 行未找到表头,跳过
2026-08-28 15:53:03,070 - E:\STangWork\PythonProjects\skp_parser\parser\xls_parser.py - WARNING - E:\STangWork\STangFiles\各省重点项目：2020年起\2025年重点项目\2025年各省市重大项目汇总.xlsx[广东省]: 前 20 行未找到表头,跳过
2026-08-28 15:53:03,070 - E:\STangWork\PythonProjects\skp_parser\parser\xls_parser.py - WARNING - E:\STangWork\STangFiles\各省重点项目：2020年起\2025年重点项目\2025年各省市重大项目汇总.xlsx[贵州省]: 前 20 行未找到表头,跳过
2026-08-28 15:53:03,072 - E:\STangWork\PythonProjects\skp_parser\parser\xls_parser.py - WARNING - E:\STangWork\STangFiles\各省重点项目：2020年起\2025年重点项目\2025年各省市重大项目汇总.xlsx[海南省]: 前 20 行未找到表头,跳过
2026-08-28 15:53:03,073 - E:\STangWork\PythonProjects\skp_parser\parser\xls_parser.py - WARNING - E:\STangWork\STangFiles\各省重点项目：2020年起\2025年重点项目\2025年各省市重大项目汇总.xlsx[河北省]: 前 20 行未找到表头,跳过
2026-08-28 15:53:03,073 - E:\STangWork\PythonProjects\skp_parser\parser\xls_parser.py - WARNING - E:\STangWork\STangFiles\各省重点项目：2020年起\2025年重点项目\2025年各省市重大项目汇总.xlsx[河南省]: 前 20 行未找到表头,跳过
2026-08-28 15:53:03,074 - E:\STangWork\PythonProjects\skp_parser\parser\xls_parser.py - WARNING - E:\STangWork\STangFiles\各省重点项目：2020年起\2025年重点项目\2025年各省市重大项目汇总.xlsx[湖北省]: 前 20 行未找到表头,跳过
2026-08-28 15:53:03,074 - E:\STangWork\PythonProjects\skp_parser\parser\xls_parser.py - WARNING - E:\STangWork\STangFiles\各省重点项目：2020年起\2025年重点项目\2025年各省市重大项目汇总.xlsx[湖南省]: 前 20 行未找到表头,跳过
2026-08-28 15:53:03,075 - E:\STangWork\PythonProjects\skp_parser\parser\xls_parser.py - WARNING - E:\STangWork\STangFiles\各省重点项目：2020年起\2025年重点项目\2025年各省市重大项目汇总.xlsx[江苏省]: 前 20 行未找到表头,跳过
2026-08-28 15:53:03,076 - E:\STangWork\PythonProjects\skp_parser\parser\xls_parser.py - WARNING - E:\STangWork\STangFiles\各省重点项目：2020年起\2025年重点项目\2025年各省市重大项目汇总.xlsx[江西省]: 前 20 行未找到表头,跳过
2026-08-28 15:53:03,076 - E:\STangWork\PythonProjects\skp_parser\parser\xls_parser.py - WARNING - E:\STangWork\STangFiles\各省重点项目：2020年起\2025年重点项目\2025年各省市重大项目汇总.xlsx[山东省]: 前 20 行未找到表头,跳过
2026-08-28 15:53:03,077 - E:\STangWork\PythonProjects\skp_parser\parser\xls_parser.py - WARNING - E:\STangWork\STangFiles\各省重点项目：2020年起\2025年重点项目\2025年各省市重大项目汇总.xlsx[山西省]: 前 20 行未找到表头,跳过
2026-08-28 15:53:03,078 - E:\STangWork\PythonProjects\skp_parser\parser\xls_parser.py - WARNING - E:\STangWork\STangFiles\各省重点项目：2020年起\2025年重点项目\2025年各省市重大项目汇总.xlsx[陕西省]: 前 20 行未找到表头,跳过
2026-08-28 15:53:03,078 - E:\STangWork\PythonProjects\skp_parser\parser\xls_parser.py - WARNING - E:\STangWork\STangFiles\各省重点项目：2020年起\2025年重点项目\2025年各省市重大项目汇总.xlsx[四川省]: 前 20 行未找到表头,跳过
2026-08-28 15:53:03,078 - E:\STangWork\PythonProjects\skp_parser\parser\xls_parser.py - WARNING - E:\STangWork\STangFiles\各省重点项目：2020年起\2025年重点项目\2025年各省市重大项目汇总.xlsx[云南省]: 前 20 行未找到表头,跳过
2026-08-28 15:53:03,079 - E:\STangWork\PythonProjects\skp_parser\parser\xls_parser.py - WARNING - E:\STangWork\STangFiles\各省重点项目：2020年起\2025年重点项目\2025年各省市重大项目汇总.xlsx[浙江省]: 前 20 行未找到表头,跳过
2026-08-28 15:53:36,120 - E:\STangWork\PythonProjects\skp_parser\util\db_util.py - INFO - 数据库连接池已创建: 127.0.0.1:3306/suidaobig
2026-08-28 15:53:39,098 - E:\STangWork\PythonProjects\skp_parser\main.py - WARNING - 分类校验[2025年各省重点重大项目清单（截止2025年10月31日）.xlsx] 第一批-.0 河北省 703个 1.5万亿元 / ①新开工项目349项，包括：
战略性新兴产业（230项）、
传统产业升级改造（34项）、
现代服务业（34项）、
基础设施（33项）、
社会事业（18项）；
②续建项目259项，包括：
战略性新兴产业（10: 标题声明 230 项,解析 0 项
2026-08-28 15:53:39,100 - E:\STangWork\PythonProjects\skp_parser\main.py - WARNING - 分类校验[2025年各省重点重大项目清单（截止2025年10月31日）.xlsx] 第一批-.0 四川省 810项 / 7916.5亿元 （1）按建设状态：
①续建项目532个、2025年预计完成投资6076.8亿元；
②计划新开工项目278个、2025年预计完成投资1839.7亿元。
（2）按行业领域：
①基础设施项目280个、2025: 标题声明 230 项,解析 0 项
2026-08-28 15:53:39,100 - E:\STangWork\PythonProjects\skp_parser\main.py - WARNING - 分类校验[2025年各省重点重大项目清单（截止2025年10月31日）.xlsx] 第二批-.0 河北省 703个 1.5万亿元 / ①新开工项目349项，包括：
战略性新兴产业（230项）、
传统产业升级改造（34项）、
现代服务业（34项）、
基础设施（33项）、
社会事业（18项）；
②续建项目259项，包括：
战略性新兴产业（10: 标题声明 230 项,解析 0 项
2026-08-28 15:53:39,100 - E:\STangWork\PythonProjects\skp_parser\main.py - WARNING - 分类校验[2025年各省重点重大项目清单（截止2025年10月31日）.xlsx] 第二批-.0 四川省 810项 / 7916.5亿元 （1）按建设状态：
①续建项目532个、2025年预计完成投资6076.8亿元；
②计划新开工项目278个、2025年预计完成投资1839.7亿元。
（2）按行业领域：
①基础设施项目280个、2025: 标题声明 230 项,解析 0 项
2026-08-28 15:53:39,100 - E:\STangWork\PythonProjects\skp_parser\main.py - WARNING - 分类校验[2025年各省重点重大项目清单（截止2025年10月31日）.xlsx] 第三批-.0 河北省 703个 1.5万亿元 / ①新开工项目349项，包括：
战略性新兴产业（230项）、
传统产业升级改造（34项）、
现代服务业（34项）、
基础设施（33项）、
社会事业（18项）；
②续建项目259项，包括：
战略性新兴产业（10: 标题声明 230 项,解析 0 项
2026-08-28 15:53:39,100 - E:\STangWork\PythonProjects\skp_parser\main.py - WARNING - 分类校验[2025年各省重点重大项目清单（截止2025年10月31日）.xlsx] 第三批-.0 四川省 810项 / 7916.5亿元 （1）按建设状态：
①续建项目532个、2025年预计完成投资6076.8亿元；
②计划新开工项目278个、2025年预计完成投资1839.7亿元。
（2）按行业领域：
①基础设施项目280个、2025: 标题声明 230 项,解析 0 项
2026-08-28 15:53:39,100 - E:\STangWork\PythonProjects\skp_parser\main.py - WARNING - 分类校验[2025年各省重点重大项目清单（截止2025年10月31日）.xlsx] 第四批-.0 河北省 703个 1.5万亿元 / ①新开工项目349项，包括：
战略性新兴产业（230项）、
传统产业升级改造（34项）、
现代服务业（34项）、
基础设施（33项）、
社会事业（18项）；
②续建项目259项，包括：
战略性新兴产业（10: 标题声明 230 项,解析 0 项
2026-08-28 15:53:39,101 - E:\STangWork\PythonProjects\skp_parser\main.py - WARNING - 分类校验[2025年各省重点重大项目清单（截止2025年10月31日）.xlsx] 第四批-.0 四川省 810项 / 7916.5亿元 （1）按建设状态：
①续建项目532个、2025年预计完成投资6076.8亿元；
②计划新开工项目278个、2025年预计完成投资1839.7亿元。
（2）按行业领域：
①基础设施项目280个、2025: 标题声明 230 项,解析 0 项
2026-08-28 15:53:39,101 - E:\STangWork\PythonProjects\skp_parser\main.py - WARNING - 分类校验[2025年各省重点重大项目清单（截止2025年10月31日）.xlsx] 第五批-.0 河北省 703个 1.5万亿元 / ①新开工项目349项，包括：
战略性新兴产业（230项）、
传统产业升级改造（34项）、
现代服务业（34项）、
基础设施（33项）、
社会事业（18项）；
②续建项目259项，包括：
战略性新兴产业（10: 标题声明 230 项,解析 0 项
2026-08-28 15:53:39,101 - E:\STangWork\PythonProjects\skp_parser\main.py - WARNING - 分类校验[2025年各省重点重大项目清单（截止2025年10月31日）.xlsx] 第五批-.0 四川省 810项 / 7916.5亿元 （1）按建设状态：
①续建项目532个、2025年预计完成投资6076.8亿元；
②计划新开工项目278个、2025年预计完成投资1839.7亿元。
（2）按行业领域：
①基础设施项目280个、2025: 标题声明 230 项,解析 0 项
2026-08-28 15:53:39,101 - E:\STangWork\PythonProjects\skp_parser\main.py - WARNING - 分类校验[2025年各省重点重大项目清单（截止2025年10月31日）.xlsx] 第四批-.0 宁夏回族自治区 210项 6039.7319亿元 787.3162亿元 ①重点建设项目总计100项，总投资3854.3352亿元，年计划投资650.9774亿元。其中：
产业项目（65项）：总投资2782.6271亿元，年计划投资437.68: 标题声明 65 项,解析 0 项
2026-08-28 15:53:39,101 - E:\STangWork\PythonProjects\skp_parser\main.py - WARNING - 分类校验[2025年各省重点重大项目清单（截止2025年10月31日）.xlsx] 第四批-.0 河北省 639 个 1.38 万亿元 2200 亿元 ①按建设进度划分：
新开工项目328 个，总投资 3857.2 亿元，年度预计投资 727.7 亿元；
续建项目 233 个，总投资 8437.3 亿元，年度预计投资 1268.2 亿元；: 标题声明 325 项,解析 0 项
2026-08-28 15:53:39,101 - E:\STangWork\PythonProjects\skp_parser\main.py - WARNING - 分类校验[2025年各省重点重大项目清单（截止2025年10月31日）.xlsx] 第四批-.0 云南省 1650个 27410亿元 4519亿元 省级重大项目1650个，总投资27410亿元，年度计划投资4519亿元（其中，年度计划投资10亿元以上的“重中之重”项目115个，总投资13175亿元，年度计划投资2145亿元）。包括：
（1: 标题声明 325 项,解析 0 项
2026-08-28 15:53:45,660 - E:\STangWork\PythonProjects\skp_parser\main.py - WARNING - 分类校验[2026年各省重点重大项目清单（截止2026年8月19日）.xlsx] 第四批-.0 河北省 703个 1.5万亿元 / ①新开工项目349项，包括：
战略性新兴产业（230项）、
传统产业升级改造（34项）、
现代服务业（34项）、
基础设施（33项）、
社会事业（18项）；
②续建项目259项，包括：
战略性新兴产业（10: 标题声明 230 项,解析 0 项
2026-08-28 15:53:45,660 - E:\STangWork\PythonProjects\skp_parser\main.py - WARNING - 分类校验[2026年各省重点重大项目清单（截止2026年8月19日）.xlsx] 第四批-.0 四川省 810项 / 7916.5亿元 （1）按建设状态：
①续建项目532个、2025年预计完成投资6076.8亿元；
②计划新开工项目278个、2025年预计完成投资1839.7亿元。
（2）按行业领域：
①基础设施项目280个、2025: 标题声明 230 项,解析 0 项
2026-08-28 15:53:45,660 - E:\STangWork\PythonProjects\skp_parser\main.py - WARNING - 分类校验[2026年各省重点重大项目清单（截止2026年8月19日）.xlsx] 第五批-.0 河北省 703个 1.5万亿元 / ①新开工项目349项，包括：
战略性新兴产业（230项）、
传统产业升级改造（34项）、
现代服务业（34项）、
基础设施（33项）、
社会事业（18项）；
②续建项目259项，包括：
战略性新兴产业（10: 标题声明 230 项,解析 0 项
2026-08-28 15:53:45,660 - E:\STangWork\PythonProjects\skp_parser\main.py - WARNING - 分类校验[2026年各省重点重大项目清单（截止2026年8月19日）.xlsx] 第五批-.0 四川省 810项 / 7916.5亿元 （1）按建设状态：
①续建项目532个、2025年预计完成投资6076.8亿元；
②计划新开工项目278个、2025年预计完成投资1839.7亿元。
（2）按行业领域：
①基础设施项目280个、2025: 标题声明 230 项,解析 0 项
2026-08-28 15:53:45,660 - E:\STangWork\PythonProjects\skp_parser\main.py - WARNING - 分类校验[2026年各省重点重大项目清单（截止2026年8月19日）.xlsx] 第四批-.0 宁夏回族自治区 210项 6039.7319亿元 787.3162亿元 ①重点建设项目总计100项，总投资3854.3352亿元，年计划投资650.9774亿元。其中：
产业项目（65项）：总投资2782.6271亿元，年计划投资437.68: 标题声明 65 项,解析 0 项
2026-08-28 15:53:45,660 - E:\STangWork\PythonProjects\skp_parser\main.py - WARNING - 分类校验[2026年各省重点重大项目清单（截止2026年8月19日）.xlsx] 第四批-.0 河北省 639 个 1.38 万亿元 2200 亿元 ①按建设进度划分：
新开工项目328 个，总投资 3857.2 亿元，年度预计投资 727.7 亿元；
续建项目 233 个，总投资 8437.3 亿元，年度预计投资 1268.2 亿元；: 标题声明 325 项,解析 0 项
2026-08-28 15:53:45,662 - E:\STangWork\PythonProjects\skp_parser\main.py - WARNING - 分类校验[2026年各省重点重大项目清单（截止2026年8月19日）.xlsx] 第四批-.0 云南省 1650个 27410亿元 4519亿元 省级重大项目1650个，总投资27410亿元，年度计划投资4519亿元（其中，年度计划投资10亿元以上的“重中之重”项目115个，总投资13175亿元，年度计划投资2145亿元）。包括：
（1: 标题声明 325 项,解析 0 项
2026-08-28 15:53:52,403 - E:\STangWork\PythonProjects\skp_parser\util\db_util.py - INFO - 数据库连接池已关闭
2026-08-28 15:54:15,478 - E:\STangWork\PythonProjects\skp_parser\util\db_util.py - INFO - 数据库连接池已创建: 127.0.0.1:3306/suidaobig
2026-08-28 15:54:20,065 - E:\STangWork\PythonProjects\skp_parser\main.py - WARNING - 分类校验[2025年各省重点重大项目清单（截止2025年10月31日）.xlsx] 第一批-.0 河北省 703个 1.5万亿元 / ①新开工项目349项，包括：
战略性新兴产业（230项）、
传统产业升级改造（34项）、
现代服务业（34项）、
基础设施（33项）、
社会事业（18项）；
②续建项目259项，包括：
战略性新兴产业（10: 标题声明 230 项,解析 0 项
2026-08-28 15:54:20,066 - E:\STangWork\PythonProjects\skp_parser\main.py - WARNING - 分类校验[2025年各省重点重大项目清单（截止2025年10月31日）.xlsx] 第一批-.0 四川省 810项 / 7916.5亿元 （1）按建设状态：
①续建项目532个、2025年预计完成投资6076.8亿元；
②计划新开工项目278个、2025年预计完成投资1839.7亿元。
（2）按行业领域：
①基础设施项目280个、2025: 标题声明 230 项,解析 0 项
2026-08-28 15:54:20,066 - E:\STangWork\PythonProjects\skp_parser\main.py - WARNING - 分类校验[2025年各省重点重大项目清单（截止2025年10月31日）.xlsx] 第二批-.0 河北省 703个 1.5万亿元 / ①新开工项目349项，包括：
战略性新兴产业（230项）、
传统产业升级改造（34项）、
现代服务业（34项）、
基础设施（33项）、
社会事业（18项）；
②续建项目259项，包括：
战略性新兴产业（10: 标题声明 230 项,解析 0 项
2026-08-28 15:54:20,066 - E:\STangWork\PythonProjects\skp_parser\main.py - WARNING - 分类校验[2025年各省重点重大项目清单（截止2025年10月31日）.xlsx] 第二批-.0 四川省 810项 / 7916.5亿元 （1）按建设状态：
①续建项目532个、2025年预计完成投资6076.8亿元；
②计划新开工项目278个、2025年预计完成投资1839.7亿元。
（2）按行业领域：
①基础设施项目280个、2025: 标题声明 230 项,解析 0 项
2026-08-28 15:54:20,066 - E:\STangWork\PythonProjects\skp_parser\main.py - WARNING - 分类校验[2025年各省重点重大项目清单（截止2025年10月31日）.xlsx] 第三批-.0 河北省 703个 1.5万亿元 / ①新开工项目349项，包括：
战略性新兴产业（230项）、
传统产业升级改造（34项）、
现代服务业（34项）、
基础设施（33项）、
社会事业（18项）；
②续建项目259项，包括：
战略性新兴产业（10: 标题声明 230 项,解析 0 项
2026-08-28 15:54:20,066 - E:\STangWork\PythonProjects\skp_parser\main.py - WARNING - 分类校验[2025年各省重点重大项目清单（截止2025年10月31日）.xlsx] 第三批-.0 四川省 810项 / 7916.5亿元 （1）按建设状态：
①续建项目532个、2025年预计完成投资6076.8亿元；
②计划新开工项目278个、2025年预计完成投资1839.7亿元。
（2）按行业领域：
①基础设施项目280个、2025: 标题声明 230 项,解析 0 项
2026-08-28 15:54:20,066 - E:\STangWork\PythonProjects\skp_parser\main.py - WARNING - 分类校验[2025年各省重点重大项目清单（截止2025年10月31日）.xlsx] 第四批-.0 河北省 703个 1.5万亿元 / ①新开工项目349项，包括：
战略性新兴产业（230项）、
传统产业升级改造（34项）、
现代服务业（34项）、
基础设施（33项）、
社会事业（18项）；
②续建项目259项，包括：
战略性新兴产业（10: 标题声明 230 项,解析 0 项
2026-08-28 15:54:20,066 - E:\STangWork\PythonProjects\skp_parser\main.py - WARNING - 分类校验[2025年各省重点重大项目清单（截止2025年10月31日）.xlsx] 第四批-.0 四川省 810项 / 7916.5亿元 （1）按建设状态：
①续建项目532个、2025年预计完成投资6076.8亿元；
②计划新开工项目278个、2025年预计完成投资1839.7亿元。
（2）按行业领域：
①基础设施项目280个、2025: 标题声明 230 项,解析 0 项
2026-08-28 15:54:20,067 - E:\STangWork\PythonProjects\skp_parser\main.py - WARNING - 分类校验[2025年各省重点重大项目清单（截止2025年10月31日）.xlsx] 第五批-.0 河北省 703个 1.5万亿元 / ①新开工项目349项，包括：
战略性新兴产业（230项）、
传统产业升级改造（34项）、
现代服务业（34项）、
基础设施（33项）、
社会事业（18项）；
②续建项目259项，包括：
战略性新兴产业（10: 标题声明 230 项,解析 0 项
2026-08-28 15:54:20,067 - E:\STangWork\PythonProjects\skp_parser\main.py - WARNING - 分类校验[2025年各省重点重大项目清单（截止2025年10月31日）.xlsx] 第五批-.0 四川省 810项 / 7916.5亿元 （1）按建设状态：
①续建项目532个、2025年预计完成投资6076.8亿元；
②计划新开工项目278个、2025年预计完成投资1839.7亿元。
（2）按行业领域：
①基础设施项目280个、2025: 标题声明 230 项,解析 0 项
2026-08-28 15:54:20,067 - E:\STangWork\PythonProjects\skp_parser\main.py - WARNING - 分类校验[2025年各省重点重大项目清单（截止2025年10月31日）.xlsx] 第四批-.0 宁夏回族自治区 210项 6039.7319亿元 787.3162亿元 ①重点建设项目总计100项，总投资3854.3352亿元，年计划投资650.9774亿元。其中：
产业项目（65项）：总投资2782.6271亿元，年计划投资437.68: 标题声明 65 项,解析 0 项
2026-08-28 15:54:20,067 - E:\STangWork\PythonProjects\skp_parser\main.py - WARNING - 分类校验[2025年各省重点重大项目清单（截止2025年10月31日）.xlsx] 第四批-.0 河北省 639 个 1.38 万亿元 2200 亿元 ①按建设进度划分：
新开工项目328 个，总投资 3857.2 亿元，年度预计投资 727.7 亿元；
续建项目 233 个，总投资 8437.3 亿元，年度预计投资 1268.2 亿元；: 标题声明 325 项,解析 0 项
2026-08-28 15:54:20,067 - E:\STangWork\PythonProjects\skp_parser\main.py - WARNING - 分类校验[2025年各省重点重大项目清单（截止2025年10月31日）.xlsx] 第四批-.0 云南省 1650个 27410亿元 4519亿元 省级重大项目1650个，总投资27410亿元，年度计划投资4519亿元（其中，年度计划投资10亿元以上的“重中之重”项目115个，总投资13175亿元，年度计划投资2145亿元）。包括：
（1: 标题声明 325 项,解析 0 项
2026-08-28 15:54:28,415 - E:\STangWork\PythonProjects\skp_parser\main.py - WARNING - 分类校验[2026年各省重点重大项目清单（截止2026年8月19日）.xlsx] 第四批-.0 河北省 703个 1.5万亿元 / ①新开工项目349项，包括：
战略性新兴产业（230项）、
传统产业升级改造（34项）、
现代服务业（34项）、
基础设施（33项）、
社会事业（18项）；
②续建项目259项，包括：
战略性新兴产业（10: 标题声明 230 项,解析 0 项
2026-08-28 15:54:28,415 - E:\STangWork\PythonProjects\skp_parser\main.py - WARNING - 分类校验[2026年各省重点重大项目清单（截止2026年8月19日）.xlsx] 第四批-.0 四川省 810项 / 7916.5亿元 （1）按建设状态：
①续建项目532个、2025年预计完成投资6076.8亿元；
②计划新开工项目278个、2025年预计完成投资1839.7亿元。
（2）按行业领域：
①基础设施项目280个、2025: 标题声明 230 项,解析 0 项
2026-08-28 15:54:28,415 - E:\STangWork\PythonProjects\skp_parser\main.py - WARNING - 分类校验[2026年各省重点重大项目清单（截止2026年8月19日）.xlsx] 第五批-.0 河北省 703个 1.5万亿元 / ①新开工项目349项，包括：
战略性新兴产业（230项）、
传统产业升级改造（34项）、
现代服务业（34项）、
基础设施（33项）、
社会事业（18项）；
②续建项目259项，包括：
战略性新兴产业（10: 标题声明 230 项,解析 0 项
2026-08-28 15:54:28,416 - E:\STangWork\PythonProjects\skp_parser\main.py - WARNING - 分类校验[2026年各省重点重大项目清单（截止2026年8月19日）.xlsx] 第五批-.0 四川省 810项 / 7916.5亿元 （1）按建设状态：
①续建项目532个、2025年预计完成投资6076.8亿元；
②计划新开工项目278个、2025年预计完成投资1839.7亿元。
（2）按行业领域：
①基础设施项目280个、2025: 标题声明 230 项,解析 0 项
2026-08-28 15:54:28,416 - E:\STangWork\PythonProjects\skp_parser\main.py - WARNING - 分类校验[2026年各省重点重大项目清单（截止2026年8月19日）.xlsx] 第四批-.0 宁夏回族自治区 210项 6039.7319亿元 787.3162亿元 ①重点建设项目总计100项，总投资3854.3352亿元，年计划投资650.9774亿元。其中：
产业项目（65项）：总投资2782.6271亿元，年计划投资437.68: 标题声明 65 项,解析 0 项
2026-08-28 15:54:28,416 - E:\STangWork\PythonProjects\skp_parser\main.py - WARNING - 分类校验[2026年各省重点重大项目清单（截止2026年8月19日）.xlsx] 第四批-.0 河北省 639 个 1.38 万亿元 2200 亿元 ①按建设进度划分：
新开工项目328 个，总投资 3857.2 亿元，年度预计投资 727.7 亿元；
续建项目 233 个，总投资 8437.3 亿元，年度预计投资 1268.2 亿元；: 标题声明 325 项,解析 0 项
2026-08-28 15:54:28,416 - E:\STangWork\PythonProjects\skp_parser\main.py - WARNING - 分类校验[2026年各省重点重大项目清单（截止2026年8月19日）.xlsx] 第四批-.0 云南省 1650个 27410亿元 4519亿元 省级重大项目1650个，总投资27410亿元，年度计划投资4519亿元（其中，年度计划投资10亿元以上的“重中之重”项目115个，总投资13175亿元，年度计划投资2145亿元）。包括：
（1: 标题声明 325 项,解析 0 项
2026-08-28 15:54:38,401 - E:\STangWork\PythonProjects\skp_parser\util\db_util.py - INFO - 数据库连接池已关闭
2026-08-28 15:55:52,119 - E:\STangWork\PythonProjects\skp_parser\util\db_util.py - INFO - 数据库连接池已创建: 127.0.0.1:3306/suidaobig
2026-08-28 15:55:52,536 - E:\STangWork\PythonProjects\skp_parser\main.py - WARNING - 分类校验[1.2021年自治区重点建设项目投资计划.xlsx] 重大产业项目: 标题声明 50 项,解析 68 项
2026-08-28 15:55:52,536 - E:\STangWork\PythonProjects\skp_parser\main.py - WARNING - 分类校验[1.2021年自治区重点建设项目投资计划.xlsx] 重大产业项目-工业: 标题声明 43 项,解析 41 项
2026-08-28 15:55:52,536 - E:\STangWork\PythonProjects\skp_parser\main.py - WARNING - 分类校验[1.2021年自治区重点建设项目投资计划.xlsx] 民生及社会事业项目: 标题声明 18 项,解析 21 项
2026-08-28 15:55:52,538 - E:\STangWork\PythonProjects\skp_parser\main.py - WARNING - 分类校验[1.2021年自治区重点建设项目投资计划.xlsx] 民生及社会事业项目-生态环保: 标题声明 8 项,解析 11 项
2026-08-28 15:56:23,917 - E:\STangWork\PythonProjects\skp_parser\util\db_util.py - INFO - 数据库连接池已关闭
2026-08-28 15:56:33,884 - E:\STangWork\PythonProjects\skp_parser\util\db_util.py - INFO - 数据库连接池已创建: 127.0.0.1:3306/suidaobig
2026-08-28 15:57:03,834 - E:\STangWork\PythonProjects\skp_parser\util\db_util.py - INFO - 数据库连接池已关闭
2026-08-28 15:59:36,309 - E:\STangWork\PythonProjects\skp_parser\util\db_util.py - INFO - 数据库连接池已创建: 127.0.0.1:3306/suidaobig
2026-08-28 15:59:36,375 - E:\STangWork\PythonProjects\skp_parser\util\db_util.py - INFO - 数据库连接池已关闭
2026-08-28 16:01:25,670 - E:\STangWork\PythonProjects\skp_parser\util\db_util.py - INFO - 数据库连接池已创建: 127.0.0.1:3306/suidaobig
2026-08-28 16:01:26,204 - E:\STangWork\PythonProjects\skp_parser\main.py - WARNING - 分类校验[2025年四川省重点项目名单.xlsx] 基础设施项目: 标题声明 280 项,解析 297 项
2026-08-28 16:01:26,204 - E:\STangWork\PythonProjects\skp_parser\main.py - WARNING - 分类校验[2025年四川省重点项目名单.xlsx] 基础设施项目-交通基础设施: 标题声明 97 项,解析 0 项
2026-08-28 16:01:26,205 - E:\STangWork\PythonProjects\skp_parser\main.py - WARNING - 分类校验[2025年四川省重点项目名单.xlsx] 基础设施项目-Ⅲ 高速公路: 标题声明 28 项,解析 1 项
2026-08-28 16:01:26,206 - E:\STangWork\PythonProjects\skp_parser\main.py - WARNING - 分类校验[2025年四川省重点项目名单.xlsx] 基础设施项目-G7611西昌至香格里拉（四川境）高速公路 凉山州: 标题声明 28 项,解析 0 项
2026-08-28 16:01:26,206 - E:\STangWork\PythonProjects\skp_parser\main.py - WARNING - 分类校验[2025年四川省重点项目名单.xlsx] 基础设施项目-G7611昭通（川滇界）至西昌段高速公路 凉山州: 标题声明 28 项,解析 1 项
2026-08-28 16:01:26,206 - E:\STangWork\PythonProjects\skp_parser\main.py - WARNING - 分类校验[2025年四川省重点项目名单.xlsx] 基础设施项目-G0611郎木寺（川甘界）至川主寺高速公路 阿坝州: 标题声明 28 项,解析 0 项
2026-08-28 16:01:26,206 - E:\STangWork\PythonProjects\skp_parser\main.py - WARNING - 分类校验[2025年四川省重点项目名单.xlsx] 基础设施项目-G0611川主寺至汶川高速公路 阿坝州: 标题声明 28 项,解析 2 项
2026-08-28 16:01:26,206 - E:\STangWork\PythonProjects\skp_parser\main.py - WARNING - 分类校验[2025年四川省重点项目名单.xlsx] 基础设施项目-G4216新市至金阳段高速公路 宜宾市凉山州: 标题声明 28 项,解析 0 项
2026-08-28 16:01:26,206 - E:\STangWork\PythonProjects\skp_parser\main.py - WARNING - 分类校验[2025年四川省重点项目名单.xlsx] 基础设施项目-G4216金阳至宁南段高速公路 凉山州: 标题声明 28 项,解析 0 项
2026-08-28 16:01:26,206 - E:\STangWork\PythonProjects\skp_parser\main.py - WARNING - 分类校验[2025年四川省重点项目名单.xlsx] 基础设施项目-G4216宁南至攀枝花段高速公路 凉山州攀枝花市: 标题声明 28 项,解析 4 项
2026-08-28 16:01:26,206 - E:\STangWork\PythonProjects\skp_parser\main.py - WARNING - 分类校验[2025年四川省重点项目名单.xlsx] 基础设施项目-镇巴至广安高速公路通江至广安段 巴中市达州市广安市: 标题声明 28 项,解析 0 项
2026-08-28 16:01:26,206 - E:\STangWork\PythonProjects\skp_parser\main.py - WARNING - 分类校验[2025年四川省重点项目名单.xlsx] 基础设施项目-镇巴至广安高速公路川陕界至王坪段 巴中市: 标题声明 28 项,解析 6 项
2026-08-28 16:01:26,207 - E:\STangWork\PythonProjects\skp_parser\main.py - WARNING - 分类校验[2025年四川省重点项目名单.xlsx] 基础设施项目-G4218康定至新都桥高速公路 甘孜州: 标题声明 28 项,解析 0 项
2026-08-28 16:01:26,207 - E:\STangWork\PythonProjects\skp_parser\main.py - WARNING - 分类校验[2025年四川省重点项目名单.xlsx] 基础设施项目-G4218康定过境段高速公路 甘孜州: 标题声明 28 项,解析 3 项
2026-08-28 16:01:26,207 - E:\STangWork\PythonProjects\skp_parser\main.py - WARNING - 分类校验[2025年四川省重点项目名单.xlsx] 基础设施项目-资中至铜梁（四川境）高速公路 资阳市内江市: 标题声明 28 项,解析 0 项
2026-08-28 16:01:26,207 - E:\STangWork\PythonProjects\skp_parser\main.py - WARNING - 分类校验[2025年四川省重点项目名单.xlsx] 基础设施项目-资中至乐山高速公路 乐山市眉山市内江市: 标题声明 28 项,解析 13 项
2026-08-28 16:01:26,207 - E:\STangWork\PythonProjects\skp_parser\main.py - WARNING - 分类校验[2025年四川省重点项目名单.xlsx] 基础设施项目-水利基础设施: 标题声明 11 项,解析 9 项
2026-08-28 16:01:26,207 - E:\STangWork\PythonProjects\skp_parser\main.py - WARNING - 分类校验[2025年四川省重点项目名单.xlsx] 产业项目-能源产业: 标题声明 67 项,解析 0 项
2026-08-28 16:01:29,871 - E:\STangWork\PythonProjects\skp_parser\main.py - WARNING - 通知信息解析失败 市政办〔2022〕7号附件4.xlsx: No /Root object! - Is this really a PDF?
2026-08-28 16:01:30,581 - E:\STangWork\PythonProjects\skp_parser\main.py - WARNING - 分类校验[2020年四川省重点项目清单-整理版.xlsx] 基础设施项目: 标题声明 266 项,解析 287 项
2026-08-28 16:01:30,581 - E:\STangWork\PythonProjects\skp_parser\main.py - WARNING - 分类校验[2020年四川省重点项目清单-整理版.xlsx] 基础设施项目-交通: 标题声明 136 项,解析 0 项
2026-08-28 16:01:30,581 - E:\STangWork\PythonProjects\skp_parser\main.py - WARNING - 分类校验[2020年四川省重点项目清单-整理版.xlsx] 基础设施项目-Ⅲ 高速公路: 标题声明 41 项,解析 45 项
2026-08-28 16:01:30,581 - E:\STangWork\PythonProjects\skp_parser\main.py - WARNING - 分类校验[2020年四川省重点项目清单-整理版.xlsx] 基础设施项目-能源基础设施: 标题声明 7 项,解析 14 项
2026-08-28 16:01:30,581 - E:\STangWork\PythonProjects\skp_parser\main.py - WARNING - 分类校验[2020年四川省重点项目清单-整理版.xlsx] 基础设施项目-水利: 标题声明 13 项,解析 30 项
2026-08-28 16:01:30,582 - E:\STangWork\PythonProjects\skp_parser\main.py - WARNING - 分类校验[2020年四川省重点项目清单-整理版.xlsx] 产业及创新平台项目-能源产业: 标题声明 35 项,解析 0 项
2026-08-28 16:01:30,582 - E:\STangWork\PythonProjects\skp_parser\main.py - WARNING - 分类校验[2020年四川省重点项目清单-整理版.xlsx] 生态建设和环境保护项目: 标题声明 35 项,解析 37 项
2026-08-28 16:01:31,910 - E:\STangWork\PythonProjects\skp_parser\util\db_util.py - INFO - 数据库连接池已关闭
2026-08-28 16:02:18,109 - E:\STangWork\PythonProjects\skp_parser\util\db_util.py - INFO - 数据库连接池已创建: 127.0.0.1:3306/suidaobig
2026-08-28 16:02:18,509 - E:\STangWork\PythonProjects\skp_parser\main.py - WARNING - 分类校验[2025年四川省重点项目名单.xlsx] 基础设施项目: 标题声明 280 项,解析 310 项
2026-08-28 16:02:18,509 - E:\STangWork\PythonProjects\skp_parser\main.py - WARNING - 分类校验[2025年四川省重点项目名单.xlsx] 基础设施项目-交通基础设施: 标题声明 97 项,解析 0 项
2026-08-28 16:02:18,509 - E:\STangWork\PythonProjects\skp_parser\main.py - WARNING - 分类校验[2025年四川省重点项目名单.xlsx] 基础设施项目-Ⅲ 高速公路: 标题声明 28 项,解析 43 项
2026-08-28 16:02:18,511 - E:\STangWork\PythonProjects\skp_parser\main.py - WARNING - 分类校验[2025年四川省重点项目名单.xlsx] 基础设施项目-水利基础设施: 标题声明 11 项,解析 9 项
2026-08-28 16:02:18,511 - E:\STangWork\PythonProjects\skp_parser\main.py - WARNING - 分类校验[2025年四川省重点项目名单.xlsx] 产业项目-能源产业: 标题声明 67 项,解析 0 项
2026-08-28 16:02:22,968 - E:\STangWork\PythonProjects\skp_parser\main.py - WARNING - 分类校验[2020年四川省重点项目清单-整理版.xlsx] 基础设施项目: 标题声明 266 项,解析 287 项
2026-08-28 16:02:22,968 - E:\STangWork\PythonProjects\skp_parser\main.py - WARNING - 分类校验[2020年四川省重点项目清单-整理版.xlsx] 基础设施项目-交通: 标题声明 136 项,解析 0 项
2026-08-28 16:02:22,968 - E:\STangWork\PythonProjects\skp_parser\main.py - WARNING - 分类校验[2020年四川省重点项目清单-整理版.xlsx] 基础设施项目-Ⅲ 高速公路: 标题声明 41 项,解析 45 项
2026-08-28 16:02:22,969 - E:\STangWork\PythonProjects\skp_parser\main.py - WARNING - 分类校验[2020年四川省重点项目清单-整理版.xlsx] 基础设施项目-能源基础设施: 标题声明 7 项,解析 14 项
2026-08-28 16:02:22,969 - E:\STangWork\PythonProjects\skp_parser\main.py - WARNING - 分类校验[2020年四川省重点项目清单-整理版.xlsx] 基础设施项目-水利: 标题声明 13 项,解析 30 项
2026-08-28 16:02:22,969 - E:\STangWork\PythonProjects\skp_parser\main.py - WARNING - 分类校验[2020年四川省重点项目清单-整理版.xlsx] 产业及创新平台项目-能源产业: 标题声明 35 项,解析 0 项
2026-08-28 16:02:22,969 - E:\STangWork\PythonProjects\skp_parser\main.py - WARNING - 分类校验[2020年四川省重点项目清单-整理版.xlsx] 生态建设和环境保护项目: 标题声明 35 项,解析 37 项
2026-08-28 16:02:24,433 - E:\STangWork\PythonProjects\skp_parser\util\db_util.py - INFO - 数据库连接池已关闭
2026-08-28 16:06:27,215 - E:\STangWork\PythonProjects\skp_parser\util\db_util.py - INFO - 数据库连接池已创建: 127.0.0.1:3306/suidaobig
2026-08-28 16:06:28,035 - E:\STangWork\PythonProjects\skp_parser\main.py - WARNING - 分类校验[附件1：中山市2021年市重点建设项目计划表.xlsx] 基础设施项目-新型基础设施建设工程: 标题声明 8 项,解析 0 项
2026-08-28 16:06:28,035 - E:\STangWork\PythonProjects\skp_parser\main.py - WARNING - 分类校验[附件1：中山市2021年市重点建设项目计划表.xlsx] 基础设施项目-交通工程: 标题声明 33 项,解析 0 项
2026-08-28 16:06:28,037 - E:\STangWork\PythonProjects\skp_parser\main.py - WARNING - 分类校验[附件1：中山市2021年市重点建设项目计划表.xlsx] 基础设施项目-能源工程: 标题声明 1 项,解析 0 项
2026-08-28 16:06:28,037 - E:\STangWork\PythonProjects\skp_parser\main.py - WARNING - 分类校验[附件1：中山市2021年市重点建设项目计划表.xlsx] 基础设施项目-市政设施工程: 标题声明 12 项,解析 0 项
2026-08-28 16:06:28,037 - E:\STangWork\PythonProjects\skp_parser\main.py - WARNING - 分类校验[附件1：中山市2021年市重点建设项目计划表.xlsx] 产业工程-新一代电子信息技术工程: 标题声明 20 项,解析 0 项
2026-08-28 16:06:28,037 - E:\STangWork\PythonProjects\skp_parser\main.py - WARNING - 分类校验[附件1：中山市2021年市重点建设项目计划表.xlsx] 产业工程-新开工项目: 标题声明 32 项,解析 43 项
2026-08-28 16:06:28,037 - E:\STangWork\PythonProjects\skp_parser\main.py - WARNING - 分类校验[附件1：中山市2021年市重点建设项目计划表.xlsx] 产业工程-续建项目: 标题声明 60 项,解析 69 项
2026-08-28 16:06:28,037 - E:\STangWork\PythonProjects\skp_parser\main.py - WARNING - 分类校验[附件1：中山市2021年市重点建设项目计划表.xlsx] 产业工程-生物医药工程: 标题声明 13 项,解析 0 项
2026-08-28 16:06:28,037 - E:\STangWork\PythonProjects\skp_parser\main.py - WARNING - 分类校验[附件1：中山市2021年市重点建设项目计划表.xlsx] 产业工程-高端装备制造工程: 标题声明 36 项,解析 0 项
2026-08-28 16:06:28,037 - E:\STangWork\PythonProjects\skp_parser\main.py - WARNING - 分类校验[附件1：中山市2021年市重点建设项目计划表.xlsx] 产业工程-传统产业升级工程: 标题声明 26 项,解析 0 项
2026-08-28 16:06:28,037 - E:\STangWork\PythonProjects\skp_parser\main.py - WARNING - 分类校验[附件1：中山市2021年市重点建设项目计划表.xlsx] 产业工程-产业园平台: 标题声明 12 项,解析 0 项
2026-08-28 16:06:28,037 - E:\STangWork\PythonProjects\skp_parser\main.py - WARNING - 分类校验[附件1：中山市2021年市重点建设项目计划表.xlsx] 产业工程-现代服务业工程: 标题声明 29 项,解析 0 项
2026-08-28 16:06:28,037 - E:\STangWork\PythonProjects\skp_parser\main.py - WARNING - 分类校验[附件1：中山市2021年市重点建设项目计划表.xlsx] 民生工程-教育项目: 标题声明 11 项,解析 0 项
2026-08-28 16:06:28,037 - E:\STangWork\PythonProjects\skp_parser\main.py - WARNING - 分类校验[附件1：中山市2021年市重点建设项目计划表.xlsx] 民生工程-医疗卫生项目: 标题声明 2 项,解析 0 项
2026-08-28 16:06:28,037 - E:\STangWork\PythonProjects\skp_parser\main.py - WARNING - 分类校验[附件1：中山市2021年市重点建设项目计划表.xlsx] 民生工程-文化体育项目: 标题声明 1 项,解析 0 项
2026-08-28 16:06:28,038 - E:\STangWork\PythonProjects\skp_parser\main.py - WARNING - 分类校验[附件1：中山市2021年市重点建设项目计划表.xlsx] 民生工程-生态保护项目: 标题声明 20 项,解析 0 项
2026-08-28 16:06:28,915 - E:\STangWork\PythonProjects\skp_parser\util\db_util.py - INFO - 数据库连接池已关闭
2026-08-28 16:13:55,244 - E:\STangWork\PythonProjects\skp_parser\util\db_util.py - INFO - 数据库连接池已创建: 127.0.0.1:3306/suidaobig
2026-08-28 16:13:58,864 - E:\STangWork\PythonProjects\skp_parser\main.py - WARNING - 分类校验[杭州.xlsx] 前期储备项目: 标题声明 172 项,解析 0 项
2026-08-28 16:13:58,864 - E:\STangWork\PythonProjects\skp_parser\main.py - WARNING - 分类校验[杭州.xlsx] 计划开工项目: 标题声明 185 项,解析 0 项
2026-08-28 16:13:58,864 - E:\STangWork\PythonProjects\skp_parser\main.py - WARNING - 分类校验[杭州.xlsx] 续建项目: 标题声明 85 项,解析 0 项
2026-08-28 16:13:58,866 - E:\STangWork\PythonProjects\skp_parser\main.py - WARNING - 分类校验[杭州.xlsx] 竣工、投用、决算项目: 标题声明 267 项,解析 0 项
2026-08-28 16:14:02,501 - E:\STangWork\PythonProjects\skp_parser\util\db_util.py - INFO - 数据库连接池已关闭
2026-08-28 16:43:57,259 - E:\STangWork\PythonProjects\skp_parser\util\db_util.py - INFO - 数据库连接池已创建: 127.0.0.1:3306/suidaobig
2026-08-28 16:43:59,835 - E:\STangWork\PythonProjects\skp_parser\util\db_util.py - INFO - 表 skp_project 已新增列 project_owner
2026-08-28 16:43:59,837 - E:\STangWork\PythonProjects\skp_parser\util\db_util.py - INFO - 数据库表初始化完成(skp_file/skp_project/skp_file_extra/skp_notice/skp_category_declared)
2026-08-28 16:43:59,839 - E:\STangWork\PythonProjects\skp_parser\util\db_util.py - INFO - 数据库连接池已关闭
2026-08-28 16:45:59,401 - E:\STangWork\PythonProjects\skp_parser\util\db_util.py - INFO - 数据库连接池已创建: 127.0.0.1:3306/suidaobig
2026-08-28 16:46:02,940 - E:\STangWork\PythonProjects\skp_parser\main.py - WARNING - 分类校验[杭州.xlsx] 前期储备项目: 标题声明 172 项,解析 0 项
2026-08-28 16:46:02,940 - E:\STangWork\PythonProjects\skp_parser\main.py - WARNING - 分类校验[杭州.xlsx] 计划开工项目: 标题声明 185 项,解析 0 项
2026-08-28 16:46:02,941 - E:\STangWork\PythonProjects\skp_parser\main.py - WARNING - 分类校验[杭州.xlsx] 续建项目: 标题声明 85 项,解析 0 项
2026-08-28 16:46:02,943 - E:\STangWork\PythonProjects\skp_parser\main.py - WARNING - 分类校验[杭州.xlsx] 竣工、投用、决算项目: 标题声明 267 项,解析 0 项
2026-08-28 16:46:06,077 - E:\STangWork\PythonProjects\skp_parser\util\db_util.py - INFO - 数据库连接池已关闭
2026-08-28 17:20:42,488 - E:\STangWork\PythonProjects\skp_parser\parser\xls_parser.py - WARNING - E:\STangWork\STangFiles\各省重点项目：2020年起\2025年重点项目\2025年各省重点重大项目清单（截止2025年10月31日）.xlsx[地级市]: 判定为各省汇总表干扰数据,已跳过并记录名单
2026-08-28 17:21:18,610 - E:\STangWork\PythonProjects\skp_parser\parser\xls_parser.py - WARNING - E:\STangWork\STangFiles\各省重点项目：2020年起\2025年重点项目\2025年各省重点重大项目清单（截止2025年10月31日）.xlsx[地级市]: 判定为各省汇总表干扰数据,已跳过并记录名单
2026-08-28 17:22:14,447 - E:\STangWork\PythonProjects\skp_parser\parser\xls_parser.py - WARNING - E:\STangWork\STangFiles\各省重点项目：2020年起\2025年重点项目\2025年各省重点重大项目清单（截止2025年10月31日）.xlsx[第一批（截止2025.01.24）]: 判定为各省汇总表干扰数据,已跳过并记录名单
2026-08-28 17:22:14,457 - E:\STangWork\PythonProjects\skp_parser\parser\xls_parser.py - WARNING - E:\STangWork\STangFiles\各省重点项目：2020年起\2025年重点项目\2025年各省重点重大项目清单（截止2025年10月31日）.xlsx[第二批（截止2025.3.11）]: 判定为各省汇总表干扰数据,已跳过并记录名单
2026-08-28 17:22:14,462 - E:\STangWork\PythonProjects\skp_parser\parser\xls_parser.py - WARNING - E:\STangWork\STangFiles\各省重点项目：2020年起\2025年重点项目\2025年各省重点重大项目清单（截止2025年10月31日）.xlsx[第三批（截止2025.05.15） ]: 判定为各省汇总表干扰数据,已跳过并记录名单
2026-08-28 17:22:14,469 - E:\STangWork\PythonProjects\skp_parser\parser\xls_parser.py - WARNING - E:\STangWork\STangFiles\各省重点项目：2020年起\2025年重点项目\2025年各省重点重大项目清单（截止2025年10月31日）.xlsx[第四批（截止2025.07.23）]: 判定为各省汇总表干扰数据,已跳过并记录名单
2026-08-28 17:22:14,470 - E:\STangWork\PythonProjects\skp_parser\parser\xls_parser.py - WARNING - E:\STangWork\STangFiles\各省重点项目：2020年起\2025年重点项目\2025年各省重点重大项目清单（截止2025年10月31日）.xlsx[第五批（截止2025.12.31） ]: 判定为各省汇总表干扰数据,已跳过并记录名单
2026-08-28 17:22:14,472 - E:\STangWork\PythonProjects\skp_parser\parser\xls_parser.py - WARNING - E:\STangWork\STangFiles\各省重点项目：2020年起\2025年重点项目\2025年各省重点重大项目清单（截止2025年10月31日）.xlsx[地级市]: 判定为各省汇总表干扰数据,已跳过并记录名单
2026-08-28 17:22:14,474 - E:\STangWork\PythonProjects\skp_parser\parser\xls_parser.py - WARNING - E:\STangWork\STangFiles\各省重点项目：2020年起\2025年重点项目\2025年各省重点重大项目清单（截止2025年10月31日）.xlsx[第四批（截止2024.11.28）]: 判定为各省汇总表干扰数据,已跳过并记录名单
2026-08-28 17:22:54,626 - E:\STangWork\PythonProjects\skp_parser\parser\xls_parser.py - WARNING - E:\STangWork\STangFiles\各省重点项目：2020年起\2025年重点项目\2025年各省重点重大项目清单（截止2025年10月31日）.xlsx[第一批（截止2025.01.24）]: 判定为各省汇总表干扰数据,已跳过并记录名单
2026-08-28 17:22:54,637 - E:\STangWork\PythonProjects\skp_parser\parser\xls_parser.py - WARNING - E:\STangWork\STangFiles\各省重点项目：2020年起\2025年重点项目\2025年各省重点重大项目清单（截止2025年10月31日）.xlsx[第二批（截止2025.3.11）]: 判定为各省汇总表干扰数据,已跳过并记录名单
2026-08-28 17:22:54,641 - E:\STangWork\PythonProjects\skp_parser\parser\xls_parser.py - WARNING - E:\STangWork\STangFiles\各省重点项目：2020年起\2025年重点项目\2025年各省重点重大项目清单（截止2025年10月31日）.xlsx[第三批（截止2025.05.15） ]: 判定为各省汇总表干扰数据,已跳过并记录名单
2026-08-28 17:22:54,649 - E:\STangWork\PythonProjects\skp_parser\parser\xls_parser.py - WARNING - E:\STangWork\STangFiles\各省重点项目：2020年起\2025年重点项目\2025年各省重点重大项目清单（截止2025年10月31日）.xlsx[第四批（截止2025.07.23）]: 判定为各省汇总表干扰数据,已跳过并记录名单
2026-08-28 17:22:54,649 - E:\STangWork\PythonProjects\skp_parser\parser\xls_parser.py - WARNING - E:\STangWork\STangFiles\各省重点项目：2020年起\2025年重点项目\2025年各省重点重大项目清单（截止2025年10月31日）.xlsx[第五批（截止2025.12.31） ]: 判定为各省汇总表干扰数据,已跳过并记录名单
2026-08-28 17:22:54,654 - E:\STangWork\PythonProjects\skp_parser\parser\xls_parser.py - WARNING - E:\STangWork\STangFiles\各省重点项目：2020年起\2025年重点项目\2025年各省重点重大项目清单（截止2025年10月31日）.xlsx[地级市]: 判定为各省汇总表干扰数据,已跳过并记录名单
2026-08-28 17:22:54,656 - E:\STangWork\PythonProjects\skp_parser\parser\xls_parser.py - WARNING - E:\STangWork\STangFiles\各省重点项目：2020年起\2025年重点项目\2025年各省重点重大项目清单（截止2025年10月31日）.xlsx[第四批（截止2024.11.28）]: 判定为各省汇总表干扰数据,已跳过并记录名单
2026-08-28 17:23:14,126 - E:\STangWork\PythonProjects\skp_parser\parser\xls_parser.py - WARNING - E:\STangWork\STangFiles\各省重点项目：2020年起\2025年重点项目\2025年各省重点重大项目清单（截止2025年10月31日）.xlsx[第一批（截止2025.01.24）]: 判定为各省汇总表干扰数据,已跳过并记录名单
2026-08-28 17:23:14,136 - E:\STangWork\PythonProjects\skp_parser\parser\xls_parser.py - WARNING - E:\STangWork\STangFiles\各省重点项目：2020年起\2025年重点项目\2025年各省重点重大项目清单（截止2025年10月31日）.xlsx[第二批（截止2025.3.11）]: 判定为各省汇总表干扰数据,已跳过并记录名单
2026-08-28 17:23:14,141 - E:\STangWork\PythonProjects\skp_parser\parser\xls_parser.py - WARNING - E:\STangWork\STangFiles\各省重点项目：2020年起\2025年重点项目\2025年各省重点重大项目清单（截止2025年10月31日）.xlsx[第三批（截止2025.05.15） ]: 判定为各省汇总表干扰数据,已跳过并记录名单
2026-08-28 17:23:14,148 - E:\STangWork\PythonProjects\skp_parser\parser\xls_parser.py - WARNING - E:\STangWork\STangFiles\各省重点项目：2020年起\2025年重点项目\2025年各省重点重大项目清单（截止2025年10月31日）.xlsx[第四批（截止2025.07.23）]: 判定为各省汇总表干扰数据,已跳过并记录名单
2026-08-28 17:23:14,149 - E:\STangWork\PythonProjects\skp_parser\parser\xls_parser.py - WARNING - E:\STangWork\STangFiles\各省重点项目：2020年起\2025年重点项目\2025年各省重点重大项目清单（截止2025年10月31日）.xlsx[第五批（截止2025.12.31） ]: 判定为各省汇总表干扰数据,已跳过并记录名单
2026-08-28 17:23:14,153 - E:\STangWork\PythonProjects\skp_parser\parser\xls_parser.py - WARNING - E:\STangWork\STangFiles\各省重点项目：2020年起\2025年重点项目\2025年各省重点重大项目清单（截止2025年10月31日）.xlsx[第四批（截止2024.11.28）]: 判定为各省汇总表干扰数据,已跳过并记录名单
2026-08-28 17:23:23,916 - E:\STangWork\PythonProjects\skp_parser\util\db_util.py - INFO - 数据库连接池已创建: 127.0.0.1:3306/suidaobig
2026-08-28 17:23:24,113 - E:\STangWork\PythonProjects\skp_parser\parser\xls_parser.py - WARNING - E:\STangWork\STangFiles\各省重点项目：2020年起\2025年重点项目\2025年各省重点重大项目清单（截止2025年10月31日）.xlsx[第一批（截止2025.01.24）]: 判定为各省汇总表干扰数据,已跳过并记录名单
2026-08-28 17:23:24,127 - E:\STangWork\PythonProjects\skp_parser\parser\xls_parser.py - WARNING - E:\STangWork\STangFiles\各省重点项目：2020年起\2025年重点项目\2025年各省重点重大项目清单（截止2025年10月31日）.xlsx[第二批（截止2025.3.11）]: 判定为各省汇总表干扰数据,已跳过并记录名单
2026-08-28 17:23:24,132 - E:\STangWork\PythonProjects\skp_parser\parser\xls_parser.py - WARNING - E:\STangWork\STangFiles\各省重点项目：2020年起\2025年重点项目\2025年各省重点重大项目清单（截止2025年10月31日）.xlsx[第三批（截止2025.05.15） ]: 判定为各省汇总表干扰数据,已跳过并记录名单
2026-08-28 17:23:24,140 - E:\STangWork\PythonProjects\skp_parser\parser\xls_parser.py - WARNING - E:\STangWork\STangFiles\各省重点项目：2020年起\2025年重点项目\2025年各省重点重大项目清单（截止2025年10月31日）.xlsx[第四批（截止2025.07.23）]: 判定为各省汇总表干扰数据,已跳过并记录名单
2026-08-28 17:23:24,140 - E:\STangWork\PythonProjects\skp_parser\parser\xls_parser.py - WARNING - E:\STangWork\STangFiles\各省重点项目：2020年起\2025年重点项目\2025年各省重点重大项目清单（截止2025年10月31日）.xlsx[第五批（截止2025.12.31） ]: 判定为各省汇总表干扰数据,已跳过并记录名单
2026-08-28 17:23:24,146 - E:\STangWork\PythonProjects\skp_parser\parser\xls_parser.py - WARNING - E:\STangWork\STangFiles\各省重点项目：2020年起\2025年重点项目\2025年各省重点重大项目清单（截止2025年10月31日）.xlsx[第四批（截止2024.11.28）]: 判定为各省汇总表干扰数据,已跳过并记录名单
2026-08-28 17:23:28,646 - E:\STangWork\PythonProjects\skp_parser\util\db_util.py - INFO - 数据库连接池已关闭
2026-08-28 17:23:37,463 - E:\STangWork\PythonProjects\skp_parser\util\db_util.py - INFO - 数据库连接池已创建: 127.0.0.1:3306/suidaobig
2026-08-28 17:23:37,464 - E:\STangWork\PythonProjects\skp_parser\util\db_util.py - INFO - 数据库连接池已关闭
2026-08-28 17:23:45,096 - E:\STangWork\PythonProjects\skp_parser\util\db_util.py - INFO - 数据库连接池已创建: 127.0.0.1:3306/suidaobig
2026-08-28 17:23:45,188 - E:\STangWork\PythonProjects\skp_parser\util\db_util.py - INFO - 数据库连接池已关闭
2026-08-28 17:23:54,676 - E:\STangWork\PythonProjects\skp_parser\util\db_util.py - INFO - 数据库连接池已创建: 127.0.0.1:3306/suidaobig
2026-08-28 17:23:54,833 - E:\STangWork\PythonProjects\skp_parser\util\db_util.py - INFO - 数据库连接池已关闭
2026-08-28 17:24:31,471 - E:\STangWork\PythonProjects\skp_parser\util\db_util.py - INFO - 数据库连接池已创建: 127.0.0.1:3306/suidaobig
2026-08-28 17:24:31,721 - E:\STangWork\PythonProjects\skp_parser\parser\xls_parser.py - WARNING - E:\STangWork\STangFiles\各省重点项目：2020年起\2025年重点项目\2025年各省重点重大项目清单（截止2025年10月31日）.xlsx[第一批（截止2025.01.24）]: 判定为各省汇总表干扰数据,已跳过并记录名单
2026-08-28 17:24:31,737 - E:\STangWork\PythonProjects\skp_parser\parser\xls_parser.py - WARNING - E:\STangWork\STangFiles\各省重点项目：2020年起\2025年重点项目\2025年各省重点重大项目清单（截止2025年10月31日）.xlsx[第二批（截止2025.3.11）]: 判定为各省汇总表干扰数据,已跳过并记录名单
2026-08-28 17:24:31,742 - E:\STangWork\PythonProjects\skp_parser\parser\xls_parser.py - WARNING - E:\STangWork\STangFiles\各省重点项目：2020年起\2025年重点项目\2025年各省重点重大项目清单（截止2025年10月31日）.xlsx[第三批（截止2025.05.15） ]: 判定为各省汇总表干扰数据,已跳过并记录名单
2026-08-28 17:24:31,749 - E:\STangWork\PythonProjects\skp_parser\parser\xls_parser.py - WARNING - E:\STangWork\STangFiles\各省重点项目：2020年起\2025年重点项目\2025年各省重点重大项目清单（截止2025年10月31日）.xlsx[第四批（截止2025.07.23）]: 判定为各省汇总表干扰数据,已跳过并记录名单
2026-08-28 17:24:31,750 - E:\STangWork\PythonProjects\skp_parser\parser\xls_parser.py - WARNING - E:\STangWork\STangFiles\各省重点项目：2020年起\2025年重点项目\2025年各省重点重大项目清单（截止2025年10月31日）.xlsx[第五批（截止2025.12.31） ]: 判定为各省汇总表干扰数据,已跳过并记录名单
2026-08-28 17:24:31,753 - E:\STangWork\PythonProjects\skp_parser\parser\xls_parser.py - WARNING - E:\STangWork\STangFiles\各省重点项目：2020年起\2025年重点项目\2025年各省重点重大项目清单（截止2025年10月31日）.xlsx[地级市]: 判定为各省汇总表干扰数据,已跳过并记录名单
2026-08-28 17:24:31,756 - E:\STangWork\PythonProjects\skp_parser\parser\xls_parser.py - WARNING - E:\STangWork\STangFiles\各省重点项目：2020年起\2025年重点项目\2025年各省重点重大项目清单（截止2025年10月31日）.xlsx[第四批（截止2024.11.28）]: 判定为各省汇总表干扰数据,已跳过并记录名单
2026-08-28 17:24:37,834 - E:\STangWork\PythonProjects\skp_parser\util\db_util.py - INFO - 数据库连接池已关闭
2026-08-28 17:25:47,995 - E:\STangWork\PythonProjects\skp_parser\util\db_util.py - INFO - 数据库连接池已创建: 127.0.0.1:3306/suidaobig
2026-08-28 17:39:06,567 - E:\STangWork\PythonProjects\skp_parser\util\db_util.py - INFO - 数据库连接池已关闭
2026-08-28 17:47:21,359 - <stdin> - INFO - 全量 xlsx 重跑开始: 325 个
2026-08-28 17:47:21,363 - E:\STangWork\PythonProjects\skp_parser\util\db_util.py - INFO - 数据库连接池已创建: 127.0.0.1:3306/suidaobig
2026-08-28 17:47:21,623 - E:\STangWork\PythonProjects\skp_parser\main.py - WARNING - 分类校验[北京市2020年重点工程计划.xlsx] 基础设施项目: 标题声明 100 项,解析 7 项
2026-08-28 17:47:29,280 - <stdin> - INFO - [ok] 北京市2020年重点工程计划.xlsx | 300 | 
2026-08-28 17:47:40,967 - <stdin> - INFO - [ok] 重庆2020重大基础设施项目清单.xlsx | 1185 | 
2026-08-28 17:47:41,396 - E:\STangWork\PythonProjects\skp_parser\main.py - WARNING - 分类校验[2020年内蒙古自治区重点经济合作项目.xlsx] 战略性新兴产业: 标题声明 30 项,解析 29 项
2026-08-28 17:47:41,396 - E:\STangWork\PythonProjects\skp_parser\main.py - WARNING - 分类校验[2020年内蒙古自治区重点经济合作项目.xlsx] 冶金: 标题声明 6 项,解析 5 项
2026-08-28 17:47:41,396 - E:\STangWork\PythonProjects\skp_parser\main.py - WARNING - 分类校验[2020年内蒙古自治区重点经济合作项目.xlsx] 基础设施: 标题声明 21 项,解析 15 项
2026-08-28 17:47:45,677 - <stdin> - INFO - [ok] 2020年内蒙古自治区重点经济合作项目.xlsx | 190 | 
2026-08-28 17:51:23,614 - E:\STangWork\PythonProjects\skp_parser\main.py - WARNING - 分类校验[2020年宁夏全区重大项目清单（最新）.xlsx] 工业: 标题声明 478 项,解析 0 项
2026-08-28 17:51:23,614 - E:\STangWork\PythonProjects\skp_parser\main.py - WARNING - 分类校验[2020年宁夏全区重大项目清单（最新）.xlsx] 其他: 标题声明 134 项,解析 8 项
2026-08-28 17:51:23,614 - E:\STangWork\PythonProjects\skp_parser\main.py - WARNING - 分类校验[2020年宁夏全区重大项目清单（最新）.xlsx] 其他-拟建项目: 标题声明 38 项,解析 0 项
2026-08-28 17:51:23,614 - E:\STangWork\PythonProjects\skp_parser\main.py - WARNING - 分类校验[2020年宁夏全区重大项目清单（最新）.xlsx] 现代服务业: 标题声明 235 项,解析 0 项
2026-08-28 17:51:23,615 - E:\STangWork\PythonProjects\skp_parser\main.py - WARNING - 分类校验[2020年宁夏全区重大项目清单（最新）.xlsx] 现代商贸服务业: 标题声明 13 项,解析 21 项
2026-08-28 17:51:23,615 - E:\STangWork\PythonProjects\skp_parser\main.py - WARNING - 分类校验[2020年宁夏全区重大项目清单（最新）.xlsx] -: 标题声明 72 项,解析 26 项
2026-08-28 17:51:23,615 - E:\STangWork\PythonProjects\skp_parser\main.py - WARNING - 分类校验[2020年宁夏全区重大项目清单（最新）.xlsx] 丝路明珠塔: 标题声明 46 项,解析 45 项
2026-08-28 17:51:23,615 - E:\STangWork\PythonProjects\skp_parser\main.py - WARNING - 分类校验[2020年宁夏全区重大项目清单（最新）.xlsx] 产业融合: 标题声明 63 项,解析 12 项
2026-08-28 17:51:23,615 - E:\STangWork\PythonProjects\skp_parser\main.py - WARNING - 分类校验[2020年宁夏全区重大项目清单（最新）.xlsx] 产业融合-拟建项目: 标题声明 20 项,解析 0 项
2026-08-28 17:51:23,615 - E:\STangWork\PythonProjects\skp_parser\main.py - WARNING - 分类校验[2020年宁夏全区重大项目清单（最新）.xlsx] 现代农业: 标题声明 59 项,解析 0 项
2026-08-28 17:51:23,615 - E:\STangWork\PythonProjects\skp_parser\main.py - WARNING - 分类校验[2020年宁夏全区重大项目清单（最新）.xlsx] 经果林产业: 标题声明 1 项,解析 2 项
2026-08-28 17:51:23,615 - E:\STangWork\PythonProjects\skp_parser\main.py - WARNING - 分类校验[2020年宁夏全区重大项目清单（最新）.xlsx] 现代畜牧业: 标题声明 47 项,解析 28 项
2026-08-28 17:51:23,615 - E:\STangWork\PythonProjects\skp_parser\main.py - WARNING - 分类校验[2020年宁夏全区重大项目清单（最新）.xlsx] 现代畜牧业-拟建项目: 标题声明 2 项,解析 0 项
2026-08-28 17:51:23,615 - E:\STangWork\PythonProjects\skp_parser\main.py - WARNING - 分类校验[2020年宁夏全区重大项目清单（最新）.xlsx] 交通基础设施: 标题声明 43 项,解析 0 项
2026-08-28 17:51:23,615 - E:\STangWork\PythonProjects\skp_parser\main.py - WARNING - 分类校验[2020年宁夏全区重大项目清单（最新）.xlsx] 高速公路: 标题声明 5 项,解析 6 项
2026-08-28 17:51:23,616 - E:\STangWork\PythonProjects\skp_parser\main.py - WARNING - 分类校验[2020年宁夏全区重大项目清单（最新）.xlsx] 普通公路: 标题声明 13 项,解析 16 项
2026-08-28 17:51:23,616 - E:\STangWork\PythonProjects\skp_parser\main.py - WARNING - 分类校验[2020年宁夏全区重大项目清单（最新）.xlsx] 交通枢纽: 标题声明 16 项,解析 3 项
2026-08-28 17:51:23,616 - E:\STangWork\PythonProjects\skp_parser\main.py - WARNING - 分类校验[2020年宁夏全区重大项目清单（最新）.xlsx] 交通枢纽-拟建项目: 标题声明 6 项,解析 0 项
2026-08-28 17:51:23,616 - E:\STangWork\PythonProjects\skp_parser\main.py - WARNING - 分类校验[2020年宁夏全区重大项目清单（最新）.xlsx] 农林水利基础设施: 标题声明 63 项,解析 0 项
2026-08-28 17:51:23,616 - E:\STangWork\PythonProjects\skp_parser\main.py - WARNING - 分类校验[2020年宁夏全区重大项目清单（最新）.xlsx] 水利设施: 标题声明 18 项,解析 25 项
2026-08-28 17:51:23,616 - E:\STangWork\PythonProjects\skp_parser\main.py - WARNING - 分类校验[2020年宁夏全区重大项目清单（最新）.xlsx] 农业农村: 标题声明 9 项,解析 17 项
2026-08-28 17:51:23,616 - E:\STangWork\PythonProjects\skp_parser\main.py - WARNING - 分类校验[2020年宁夏全区重大项目清单（最新）.xlsx] 林业建设: 标题声明 23 项,解析 4 项
2026-08-28 17:51:23,616 - E:\STangWork\PythonProjects\skp_parser\main.py - WARNING - 分类校验[2020年宁夏全区重大项目清单（最新）.xlsx] 林业建设-拟建项目: 标题声明 8 项,解析 0 项
2026-08-28 17:51:23,616 - E:\STangWork\PythonProjects\skp_parser\main.py - WARNING - 分类校验[2020年宁夏全区重大项目清单（最新）.xlsx] 社会公共服务: 标题声明 81 项,解析 0 项
2026-08-28 17:51:23,616 - E:\STangWork\PythonProjects\skp_parser\main.py - WARNING - 分类校验[2020年宁夏全区重大项目清单（最新）.xlsx] 教育: 标题声明 12 项,解析 19 项
2026-08-28 17:51:23,616 - E:\STangWork\PythonProjects\skp_parser\main.py - WARNING - 分类校验[2020年宁夏全区重大项目清单（最新）.xlsx] 医疗卫生: 标题声明 11 项,解析 15 项
2026-08-28 17:51:23,616 - E:\STangWork\PythonProjects\skp_parser\main.py - WARNING - 分类校验[2020年宁夏全区重大项目清单（最新）.xlsx] 社会保障: 标题声明 27 项,解析 4 项
2026-08-28 17:51:23,617 - E:\STangWork\PythonProjects\skp_parser\main.py - WARNING - 分类校验[2020年宁夏全区重大项目清单（最新）.xlsx] 物流配送-拟建项目: 标题声明 20 项,解析 0 项
2026-08-28 17:51:23,617 - E:\STangWork\PythonProjects\skp_parser\main.py - WARNING - 分类校验[2020年宁夏全区重大项目清单（最新）.xlsx] 市政基础设施: 标题声明 112 项,解析 0 项
2026-08-28 17:51:23,617 - E:\STangWork\PythonProjects\skp_parser\main.py - WARNING - 分类校验[2020年宁夏全区重大项目清单（最新）.xlsx] 其他综合基础设施: 标题声明 67 项,解析 19 项
2026-08-28 17:51:23,617 - E:\STangWork\PythonProjects\skp_parser\main.py - WARNING - 分类校验[2020年宁夏全区重大项目清单（最新）.xlsx] 其他综合基础设施-拟建项目: 标题声明 4 项,解析 0 项
2026-08-28 17:51:23,617 - E:\STangWork\PythonProjects\skp_parser\main.py - WARNING - 分类校验[2020年宁夏全区重大项目清单（最新）.xlsx] 生态环保: 标题声明 70 项,解析 0 项
2026-08-28 17:51:23,617 - E:\STangWork\PythonProjects\skp_parser\main.py - WARNING - 分类校验[2020年宁夏全区重大项目清单（最新）.xlsx] 污水垃圾处理: 标题声明 56 项,解析 29 项
2026-08-28 17:51:23,617 - E:\STangWork\PythonProjects\skp_parser\main.py - WARNING - 分类校验[2020年宁夏全区重大项目清单（最新）.xlsx] 污水垃圾处理-拟建项目: 标题声明 9 项,解析 0 项
2026-08-28 17:51:23,617 - E:\STangWork\PythonProjects\skp_parser\main.py - WARNING - 分类校验[2020年宁夏全区重大项目清单（最新）.xlsx] 公共安全: 标题声明 20 项,解析 0 项
2026-08-28 17:51:23,617 - E:\STangWork\PythonProjects\skp_parser\main.py - WARNING - 分类校验[2020年宁夏全区重大项目清单（最新）.xlsx] 消防应急设施-拟建项目: 标题声明 2 项,解析 0 项
2026-08-28 17:51:23,617 - E:\STangWork\PythonProjects\skp_parser\main.py - WARNING - 分类校验[2020年宁夏全区重大项目清单（最新）.xlsx] 标注“▲”: 标题声明 35 项,解析 28 项
2026-08-28 17:51:33,834 - <stdin> - INFO - [ok] 2020年宁夏全区重大项目清单（最新）.xlsx | 830 | 
2026-08-28 17:51:37,177 - E:\STangWork\PythonProjects\skp_parser\main.py - WARNING - 分类校验[2020年宁夏自治区重点项目投资计划.xlsx] 重大产业项目: 标题声明 43 项,解析 80 项
2026-08-28 17:51:37,177 - E:\STangWork\PythonProjects\skp_parser\main.py - WARNING - 分类校验[2020年宁夏自治区重点项目投资计划.xlsx] 重大产业项目-工业: 标题声明 39 项,解析 73 项
2026-08-28 17:51:37,177 - E:\STangWork\PythonProjects\skp_parser\main.py - WARNING - 分类校验[2020年宁夏自治区重点项目投资计划.xlsx] 重大产业项目-服务业: 标题声明 2 项,解析 5 项
2026-08-28 17:51:37,177 - E:\STangWork\PythonProjects\skp_parser\main.py - WARNING - 分类校验[2020年宁夏自治区重点项目投资计划.xlsx] 重大基础设施项目: 标题声明 21 项,解析 24 项
2026-08-28 17:51:37,177 - E:\STangWork\PythonProjects\skp_parser\main.py - WARNING - 分类校验[2020年宁夏自治区重点项目投资计划.xlsx] 重大基础设施项目-市政建设: 标题声明 7 项,解析 10 项
2026-08-28 17:51:37,177 - E:\STangWork\PythonProjects\skp_parser\main.py - WARNING - 分类校验[2020年宁夏自治区重点项目投资计划.xlsx] 标注“▲”: 标题声明 35 项,解析 28 项
2026-08-28 17:51:42,323 - <stdin> - INFO - [ok] 2020年宁夏自治区重点项目投资计划.xlsx | 212 | 
2026-08-28 17:51:42,526 - E:\STangWork\PythonProjects\skp_parser\main.py - WARNING - 分类校验[海南省2020年重点预备项目投资计划.xlsx] 海南医学院项目: 标题声明 2 项,解析 28 项
2026-08-28 17:51:43,725 - <stdin> - INFO - [ok] 海南省2020年重点预备项目投资计划.xlsx | 64 | 
2026-08-28 17:51:45,798 - <stdin> - INFO - [ok] 2020年山东省重大准备项目名单.xlsx | 88 | 
2026-08-28 17:51:48,471 - <stdin> - INFO - [ok] 2020年山东省重大建设项目名单.xlsx | 233 | 
2026-08-28 17:51:49,673 - E:\STangWork\PythonProjects\skp_parser\main.py - WARNING - 分类校验[2020年四川省重点项目清单-整理版.xlsx] 基础设施项目: 标题声明 266 项,解析 0 项
2026-08-28 17:51:49,674 - E:\STangWork\PythonProjects\skp_parser\main.py - WARNING - 分类校验[2020年四川省重点项目清单-整理版.xlsx] 基础设施项目-交通: 标题声明 136 项,解析 0 项
2026-08-28 17:51:49,674 - E:\STangWork\PythonProjects\skp_parser\main.py - WARNING - 分类校验[2020年四川省重点项目清单-整理版.xlsx] Ⅲ 高速公路: 标题声明 41 项,解析 45 项
2026-08-28 17:51:49,674 - E:\STangWork\PythonProjects\skp_parser\main.py - WARNING - 分类校验[2020年四川省重点项目清单-整理版.xlsx] Ⅳ 国省干线及经济干线: 标题声明 60 项,解析 101 项
2026-08-28 17:51:49,674 - E:\STangWork\PythonProjects\skp_parser\main.py - WARNING - 分类校验[2020年四川省重点项目清单-整理版.xlsx] Ⅴ 港口、码头、航运: 标题声明 7 项,解析 113 项
2026-08-28 17:51:49,674 - E:\STangWork\PythonProjects\skp_parser\main.py - WARNING - 分类校验[2020年四川省重点项目清单-整理版.xlsx] Ⅴ 港口、码头、航运-水利: 标题声明 11 项,解析 28 项
2026-08-28 17:51:49,674 - E:\STangWork\PythonProjects\skp_parser\main.py - WARNING - 分类校验[2020年四川省重点项目清单-整理版.xlsx] 产业及创新平台项目: 标题声明 341 项,解析 290 项
2026-08-28 17:51:49,674 - E:\STangWork\PythonProjects\skp_parser\main.py - WARNING - 分类校验[2020年四川省重点项目清单-整理版.xlsx] 产业及创新平台项目-能源产业: 标题声明 35 项,解析 0 项
2026-08-28 17:51:49,674 - E:\STangWork\PythonProjects\skp_parser\main.py - WARNING - 分类校验[2020年四川省重点项目清单-整理版.xlsx] Ⅳ 其他: 标题声明 2 项,解析 13 项
2026-08-28 17:51:49,674 - E:\STangWork\PythonProjects\skp_parser\main.py - WARNING - 分类校验[2020年四川省重点项目清单-整理版.xlsx] 生态建设和环境保护项目: 标题声明 35 项,解析 37 项
2026-08-28 17:51:49,674 - E:\STangWork\PythonProjects\skp_parser\main.py - WARNING - 分类校验[2020年四川省重点项目清单-整理版.xlsx] Ⅱ 其他: 标题声明 1 项,解析 6 项
2026-08-28 17:51:56,346 - <stdin> - INFO - [ok] 2020年四川省重点项目清单-整理版.xlsx | 723 | 
2026-08-28 17:51:57,422 - E:\STangWork\PythonProjects\skp_parser\main.py - WARNING - 分类校验[2020年四川省重点项目清单.xlsx] 基础设施项目: 标题声明 266 项,解析 0 项
2026-08-28 17:51:57,422 - E:\STangWork\PythonProjects\skp_parser\main.py - WARNING - 分类校验[2020年四川省重点项目清单.xlsx] 基础设施项目-交通: 标题声明 136 项,解析 0 项
2026-08-28 17:51:57,422 - E:\STangWork\PythonProjects\skp_parser\main.py - WARNING - 分类校验[2020年四川省重点项目清单.xlsx] Ⅲ 高速公路: 标题声明 41 项,解析 45 项
2026-08-28 17:51:57,423 - E:\STangWork\PythonProjects\skp_parser\main.py - WARNING - 分类校验[2020年四川省重点项目清单.xlsx] Ⅳ 国省干线及经济干线: 标题声明 60 项,解析 101 项
2026-08-28 17:51:57,423 - E:\STangWork\PythonProjects\skp_parser\main.py - WARNING - 分类校验[2020年四川省重点项目清单.xlsx] 城市基础设施: 标题声明 33 项,解析 106 项
2026-08-28 17:51:57,423 - E:\STangWork\PythonProjects\skp_parser\main.py - WARNING - 分类校验[2020年四川省重点项目清单.xlsx] 城市基础设施-水利: 标题声明 11 项,解析 28 项
2026-08-28 17:51:57,423 - E:\STangWork\PythonProjects\skp_parser\main.py - WARNING - 分类校验[2020年四川省重点项目清单.xlsx] 产业及创新平台项目: 标题声明 341 项,解析 0 项
2026-08-28 17:51:57,423 - E:\STangWork\PythonProjects\skp_parser\main.py - WARNING - 分类校验[2020年四川省重点项目清单.xlsx] 战略性新兴产业: 标题声明 45 项,解析 290 项
2026-08-28 17:51:57,423 - E:\STangWork\PythonProjects\skp_parser\main.py - WARNING - 分类校验[2020年四川省重点项目清单.xlsx] 战略性新兴产业-能源产业: 标题声明 35 项,解析 0 项
2026-08-28 17:51:57,423 - E:\STangWork\PythonProjects\skp_parser\main.py - WARNING - 分类校验[2020年四川省重点项目清单.xlsx] Ⅳ 其他: 标题声明 2 项,解析 13 项
2026-08-28 17:51:57,423 - E:\STangWork\PythonProjects\skp_parser\main.py - WARNING - 分类校验[2020年四川省重点项目清单.xlsx] Ⅱ 其他: 标题声明 1 项,解析 6 项
2026-08-28 17:52:02,944 - <stdin> - INFO - [ok] 2020年四川省重点项目清单.xlsx | 721 | 
2026-08-28 17:52:07,617 - <stdin> - INFO - [ok] 北京市2021年重点工程计划.xlsx | 600 | 
2026-08-28 17:52:07,842 - E:\STangWork\PythonProjects\skp_parser\main.py - WARNING - 分类校验[2021年上海市重大建设项目清单.xlsx] 社会民生类: 标题声明 9 项,解析 29 项
2026-08-28 17:52:07,842 - E:\STangWork\PythonProjects\skp_parser\main.py - WARNING - 分类校验[2021年上海市重大建设项目清单.xlsx] 生态文明建设类: 标题声明 7 项,解析 12 项
2026-08-28 17:52:07,842 - E:\STangWork\PythonProjects\skp_parser\main.py - WARNING - 分类校验[2021年上海市重大建设项目清单.xlsx] 城市基础设施类: 标题声明 7 项,解析 53 项
2026-08-28 17:52:07,842 - E:\STangWork\PythonProjects\skp_parser\main.py - WARNING - 分类校验[2021年上海市重大建设项目清单.xlsx] 城乡融合与乡村振兴类: 标题声明 7 项,解析 13 项
2026-08-28 17:52:09,723 - <stdin> - INFO - [ok] 2021年上海市重大建设项目清单.xlsx | 215 | 
2026-08-28 17:52:22,890 - <stdin> - INFO - [ok] 附件2 2021年第一批自治区层面统筹推进重大项目（续建）进度目标责任表（调整后）.xlsx | 1246 | 
2026-08-28 17:52:24,355 - <stdin> - INFO - [ok] 附件2 2021年第二批自治区层面统筹推进重大项目（续建）进度目标责任表.xlsx | 392 | 
2026-08-28 17:52:25,254 - <stdin> - INFO - [ok] 附件2 2021年第三批自治区层面统筹推进重大项目（续建）进度目标责任表.xlsx | 376 | 
2026-08-28 17:52:25,735 - <stdin> - INFO - [ok] 2.2021年第四批自治区层面统筹推进重大项目（续建）进度目标责任表.xlsx | 38 | 
2026-08-28 17:52:25,846 - E:\STangWork\PythonProjects\skp_parser\parser\xlsx_parser.py - WARNING - E:\STangWork\STangFiles\各省重点项目：2020年起\2021年重点项目\06内蒙古自治区2021年重点项目清单\内蒙古自治区2021年重点经济合作项目.xlsx[Sheet1]: 前 20 行未找到表头,跳过
2026-08-28 17:52:32,337 - <stdin> - INFO - [ok] 内蒙古自治区2021年重点经济合作项目.xlsx | 380 | 
2026-08-28 17:52:32,700 - E:\STangWork\PythonProjects\skp_parser\main.py - WARNING - 分类校验[1.2021年自治区重点建设项目投资计划.xlsx] 重大产业项目: 标题声明 50 项,解析 41 项
2026-08-28 17:52:32,701 - E:\STangWork\PythonProjects\skp_parser\main.py - WARNING - 分类校验[1.2021年自治区重点建设项目投资计划.xlsx] 重大产业项目-工业: 标题声明 43 项,解析 41 项
2026-08-28 17:52:32,701 - E:\STangWork\PythonProjects\skp_parser\main.py - WARNING - 分类校验[1.2021年自治区重点建设项目投资计划.xlsx] 风力发电项目: 标题声明 4 项,解析 11 项
2026-08-28 17:52:32,701 - E:\STangWork\PythonProjects\skp_parser\main.py - WARNING - 分类校验[1.2021年自治区重点建设项目投资计划.xlsx] 民生及社会事业项目: 标题声明 18 项,解析 21 项
2026-08-28 17:52:32,701 - E:\STangWork\PythonProjects\skp_parser\main.py - WARNING - 分类校验[1.2021年自治区重点建设项目投资计划.xlsx] 民生及社会事业项目-生态环保: 标题声明 8 项,解析 11 项
2026-08-28 17:52:36,772 - <stdin> - INFO - [ok] 1.2021年自治区重点建设项目投资计划.xlsx | 111 | 
2026-08-28 17:52:37,322 - E:\STangWork\PythonProjects\skp_parser\main.py - WARNING - 分类校验[2.2021年自治区重点预备开工项目投资计划.xlsx] 产业: 标题声明 18 项,解析 3 项
2026-08-28 17:52:37,322 - E:\STangWork\PythonProjects\skp_parser\main.py - WARNING - 分类校验[2.2021年自治区重点预备开工项目投资计划.xlsx] 青铜峡市工业园区精细化工项目: 标题声明 2 项,解析 16 项
2026-08-28 17:52:37,322 - E:\STangWork\PythonProjects\skp_parser\main.py - WARNING - 分类校验[2.2021年自治区重点预备开工项目投资计划.xlsx] 基础设施: 标题声明 10 项,解析 5 项
2026-08-28 17:52:37,322 - E:\STangWork\PythonProjects\skp_parser\main.py - WARNING - 分类校验[2.2021年自治区重点预备开工项目投资计划.xlsx] 铁路专用线项目: 标题声明 5 项,解析 8 项
2026-08-28 17:52:37,322 - E:\STangWork\PythonProjects\skp_parser\main.py - WARNING - 分类校验[2.2021年自治区重点预备开工项目投资计划.xlsx] 铁路专用线项目-灵武临港产业园铁路专用线: 标题声明 5 项,解析 4 项
2026-08-28 17:52:40,066 - <stdin> - INFO - [ok] 2.2021年自治区重点预备开工项目投资计划.xlsx | 34 | 
2026-08-28 17:52:41,182 - <stdin> - INFO - [ok] 3.2021年自治区重点前期工作项目计划.xlsx | 40 | 
2026-08-28 17:55:41,347 - <stdin> - INFO - [ok] 安徽省2021年重点项目投资计划.xlsx | 15848 | 
2026-08-28 17:56:28,883 - <stdin> - INFO - [ok] 广东省2021年重点项目计划表.xlsx | 4676 | 
2026-08-28 17:56:29,182 - E:\STangWork\PythonProjects\skp_parser\main.py - WARNING - 分类校验[附件1：中山市2021年市重点建设项目计划表.xlsx] 基础设施项目: 标题声明 54 项,解析 0 项
2026-08-28 17:56:29,182 - E:\STangWork\PythonProjects\skp_parser\main.py - WARNING - 分类校验[附件1：中山市2021年市重点建设项目计划表.xlsx] 新型基础设施建设工程: 标题声明 8 项,解析 0 项
2026-08-28 17:56:29,182 - E:\STangWork\PythonProjects\skp_parser\main.py - WARNING - 分类校验[附件1：中山市2021年市重点建设项目计划表.xlsx] 新开工项目: 标题声明 46 项,解析 69 项
2026-08-28 17:56:29,183 - E:\STangWork\PythonProjects\skp_parser\main.py - WARNING - 分类校验[附件1：中山市2021年市重点建设项目计划表.xlsx] 续建项目: 标题声明 116 项,解析 126 项
2026-08-28 17:56:29,183 - E:\STangWork\PythonProjects\skp_parser\main.py - WARNING - 分类校验[附件1：中山市2021年市重点建设项目计划表.xlsx] 交通工程: 标题声明 33 项,解析 0 项
2026-08-28 17:56:29,183 - E:\STangWork\PythonProjects\skp_parser\main.py - WARNING - 分类校验[附件1：中山市2021年市重点建设项目计划表.xlsx] 计划投产项目: 标题声明 24 项,解析 29 项
2026-08-28 17:56:29,183 - E:\STangWork\PythonProjects\skp_parser\main.py - WARNING - 分类校验[附件1：中山市2021年市重点建设项目计划表.xlsx] 能源工程: 标题声明 1 项,解析 0 项
2026-08-28 17:56:29,183 - E:\STangWork\PythonProjects\skp_parser\main.py - WARNING - 分类校验[附件1：中山市2021年市重点建设项目计划表.xlsx] 市政设施工程: 标题声明 12 项,解析 0 项
2026-08-28 17:56:29,183 - E:\STangWork\PythonProjects\skp_parser\main.py - WARNING - 分类校验[附件1：中山市2021年市重点建设项目计划表.xlsx] 产业工程: 标题声明 136 项,解析 0 项
2026-08-28 17:56:29,183 - E:\STangWork\PythonProjects\skp_parser\main.py - WARNING - 分类校验[附件1：中山市2021年市重点建设项目计划表.xlsx] 新一代电子信息技术工程: 标题声明 20 项,解析 0 项
2026-08-28 17:56:29,183 - E:\STangWork\PythonProjects\skp_parser\main.py - WARNING - 分类校验[附件1：中山市2021年市重点建设项目计划表.xlsx] 生物医药工程: 标题声明 13 项,解析 0 项
2026-08-28 17:56:29,183 - E:\STangWork\PythonProjects\skp_parser\main.py - WARNING - 分类校验[附件1：中山市2021年市重点建设项目计划表.xlsx] 高端装备制造工程: 标题声明 36 项,解析 0 项
2026-08-28 17:56:29,183 - E:\STangWork\PythonProjects\skp_parser\main.py - WARNING - 分类校验[附件1：中山市2021年市重点建设项目计划表.xlsx] 传统产业升级工程: 标题声明 26 项,解析 0 项
2026-08-28 17:56:29,183 - E:\STangWork\PythonProjects\skp_parser\main.py - WARNING - 分类校验[附件1：中山市2021年市重点建设项目计划表.xlsx] 产业园平台: 标题声明 12 项,解析 0 项
2026-08-28 17:56:29,183 - E:\STangWork\PythonProjects\skp_parser\main.py - WARNING - 分类校验[附件1：中山市2021年市重点建设项目计划表.xlsx] 现代服务业工程: 标题声明 29 项,解析 0 项
2026-08-28 17:56:29,183 - E:\STangWork\PythonProjects\skp_parser\main.py - WARNING - 分类校验[附件1：中山市2021年市重点建设项目计划表.xlsx] 民生工程: 标题声明 34 项,解析 0 项
2026-08-28 17:56:29,183 - E:\STangWork\PythonProjects\skp_parser\main.py - WARNING - 分类校验[附件1：中山市2021年市重点建设项目计划表.xlsx] 教育项目: 标题声明 11 项,解析 0 项
2026-08-28 17:56:29,184 - E:\STangWork\PythonProjects\skp_parser\main.py - WARNING - 分类校验[附件1：中山市2021年市重点建设项目计划表.xlsx] 医疗卫生项目: 标题声明 2 项,解析 0 项
2026-08-28 17:56:29,184 - E:\STangWork\PythonProjects\skp_parser\main.py - WARNING - 分类校验[附件1：中山市2021年市重点建设项目计划表.xlsx] 文化体育项目: 标题声明 1 项,解析 0 项
2026-08-28 17:56:29,184 - E:\STangWork\PythonProjects\skp_parser\main.py - WARNING - 分类校验[附件1：中山市2021年市重点建设项目计划表.xlsx] 生态保护项目: 标题声明 20 项,解析 0 项
2026-08-28 17:56:31,783 - <stdin> - INFO - [ok] 附件1：中山市2021年市重点建设项目计划表.xlsx | 224 | 
2026-08-28 17:56:31,864 - E:\STangWork\PythonProjects\skp_parser\main.py - WARNING - 分类校验[附件2：中山市2021年市重点前期预备项目计划表.xlsx] 基础设施项目: 标题声明 40 项,解析 0 项
2026-08-28 17:56:31,864 - E:\STangWork\PythonProjects\skp_parser\main.py - WARNING - 分类校验[附件2：中山市2021年市重点前期预备项目计划表.xlsx] 产业工程: 标题声明 86 项,解析 0 项
2026-08-28 17:56:31,864 - E:\STangWork\PythonProjects\skp_parser\main.py - WARNING - 分类校验[附件2：中山市2021年市重点前期预备项目计划表.xlsx] 民生工程: 标题声明 25 项,解析 0 项
2026-08-28 17:56:34,067 - <stdin> - INFO - [ok] 附件2：中山市2021年市重点前期预备项目计划表.xlsx | 151 | 
2026-08-28 17:56:34,640 - <stdin> - INFO - [ok] 2.海南省2021年重点（重大）预备项目投资计划表.xlsx | 50 | 
2026-08-28 17:56:43,204 - <stdin> - INFO - [ok] 附件：1．2021年省重点建设项目形象进度计划.xlsx | 1236 | 
2026-08-28 17:56:43,590 - E:\STangWork\PythonProjects\skp_parser\main.py - WARNING - 分类校验[2022年北京市“3个100”重点工程（清单）.xlsx] 基础设施: 标题声明 11 项,解析 100 项
2026-08-28 17:56:43,590 - E:\STangWork\PythonProjects\skp_parser\main.py - WARNING - 分类校验[2022年北京市“3个100”重点工程（清单）.xlsx] 民生改善项目: 标题声明 6 项,解析 100 项
2026-08-28 17:56:47,211 - <stdin> - INFO - [ok] 2022年北京市“3个100”重点工程（清单）.xlsx | 300 | 
2026-08-28 17:57:16,500 - <stdin> - INFO - [ok] 2022年度青浦区重大项目建设计划表.xlsx | 171 | 
2026-08-28 17:57:21,839 - E:\STangWork\PythonProjects\skp_parser\main.py - WARNING - 分类校验[重庆市开州区人民政府办公室关于下达开州区2022—2026年重点建设项目五年滚动规划和2022年第一批重点建设项目计划的通知附件.xlsx] 浦里新区综合能源站: 标题声明 2 项,解析 5 项
2026-08-28 17:57:21,839 - E:\STangWork\PythonProjects\skp_parser\main.py - WARNING - 分类校验[重庆市开州区人民政府办公室关于下达开州区2022—2026年重点建设项目五年滚动规划和2022年第一批重点建设项目计划的通知附件.xlsx] 专项债券项目 —— —— —— —— —— —— —— ——: 标题声明 9 项,解析 40 项
2026-08-28 17:57:21,839 - E:\STangWork\PythonProjects\skp_parser\main.py - WARNING - 分类校验[重庆市开州区人民政府办公室关于下达开州区2022—2026年重点建设项目五年滚动规划和2022年第一批重点建设项目计划的通知附件.xlsx] 银行融资项目 —— —— —— —— —— —— —— ——: 标题声明 9 项,解析 61 项
2026-08-28 17:57:21,839 - E:\STangWork\PythonProjects\skp_parser\main.py - WARNING - 分类校验[重庆市开州区人民政府办公室关于下达开州区2022—2026年重点建设项目五年滚动规划和2022年第一批重点建设项目计划的通知附件.xlsx] 故城业态装饰及运营 湖山文旅公司: 标题声明 9 项,解析 7 项
2026-08-28 17:57:21,853 - E:\STangWork\PythonProjects\skp_parser\main.py - WARNING - 通知信息解析失败 重庆市开州区人民政府办公室关于下达开州区2022—2026年重点建设项目五年滚动规划和2022年第一批重点建设项目计划的通知附件.xlsx: No /Root object! - Is this really a PDF?
2026-08-28 17:57:30,648 - <stdin> - INFO - [ok] 重庆市开州区人民政府办公室关于下达开州区2022—2026年重点建设项目五年滚动规划和2022年第一批重点建设项目计划的通知附件.xlsx | 773 | 
2026-08-28 17:57:31,050 - E:\STangWork\PythonProjects\skp_parser\parser\xlsx_parser.py - WARNING - E:\STangWork\STangFiles\各省重点项目：2020年起\2022年重点项目\04重庆市2022年重点项目清单\江北区2022年\附件3：2022年区级政府投资重点前期项目.xlsx[Sheet2]: 前 20 行未找到表头,跳过
2026-08-28 17:57:31,889 - <stdin> - INFO - [ok] 附件3：2022年区级政府投资重点前期项目.xlsx | 76 | 
2026-08-28 17:57:31,974 - E:\STangWork\PythonProjects\skp_parser\parser\xlsx_parser.py - WARNING - E:\STangWork\STangFiles\各省重点项目：2020年起\2022年重点项目\04重庆市2022年重点项目清单\江北区2022年\附件4：2022年区级政府投资一般项目.xlsx[Sheet2]: 前 20 行未找到表头,跳过
2026-08-28 17:57:35,642 - <stdin> - INFO - [ok] 附件4：2022年区级政府投资一般项目.xlsx | 197 | 
2026-08-28 17:57:35,974 - <stdin> - INFO - [ok] 附件1 2022年第一批自治区层面统筹推进重大项目汇总表.xlsx.xlsx | 0 | 
2026-08-28 17:57:38,865 - <stdin> - INFO - [ok] 附件2 2022年第一批自治区层面统筹推进重大项目（新开工）进度目标责任表.xlsx.xlsx | 190 | 
2026-08-28 17:57:48,068 - <stdin> - INFO - [ok] 附件3 2022年第一批自治区层面统筹推进重大项目（续建）进度目标责任表.xlsx.xlsx | 1065 | 
2026-08-28 17:57:51,163 - <stdin> - INFO - [ok] 附件4 2022年第一批自治区层面统筹推进重大项目（竣工投产）进度目标责任表.xlsx.xlsx | 217 | 
2026-08-28 17:57:51,330 - E:\STangWork\PythonProjects\skp_parser\main.py - WARNING - 通知信息解析失败 柳发改重大〔2022〕9号附件1：2022年第一批自治区层面统筹推进重大项目（新开工）进度目标责任表.xlsx.xlsx: No /Root object! - Is this really a PDF?
2026-08-28 17:57:51,914 - <stdin> - INFO - [ok] 柳发改重大〔2022〕9号附件1：2022年第一批自治区层面统筹推进重大项目（新开工）进度目标责任表.xlsx.xlsx | 7 | 
2026-08-28 17:57:51,989 - E:\STangWork\PythonProjects\skp_parser\main.py - WARNING - 通知信息解析失败 柳发改重大〔2022〕9号附件2：2022年第一批自治区层面统筹推进重大项目（续建）进度目标责任表.xlsx.xlsx: No /Root object! - Is this really a PDF?
2026-08-28 17:57:53,297 - <stdin> - INFO - [ok] 柳发改重大〔2022〕9号附件2：2022年第一批自治区层面统筹推进重大项目（续建）进度目标责任表.xlsx.xlsx | 57 | 
2026-08-28 17:57:53,385 - E:\STangWork\PythonProjects\skp_parser\main.py - WARNING - 通知信息解析失败 柳发改重大〔2022〕9号附件3：2022年第一批自治区层面统筹推进重大项目（竣工投产）进度目标责任表.xlsx: No /Root object! - Is this really a PDF?
2026-08-28 17:57:53,623 - <stdin> - INFO - [ok] 柳发改重大〔2022〕9号附件3：2022年第一批自治区层面统筹推进重大项目（竣工投产）进度目标责任表.xlsx | 31 | 
2026-08-28 17:57:53,846 - E:\STangWork\PythonProjects\skp_parser\main.py - WARNING - 通知信息解析失败 市政办〔2022〕7号附件1.xlsx: No /Root object! - Is this really a PDF?
2026-08-28 17:57:56,049 - <stdin> - INFO - [ok] 市政办〔2022〕7号附件1.xlsx | 270 | 
2026-08-28 17:57:56,173 - E:\STangWork\PythonProjects\skp_parser\main.py - WARNING - 通知信息解析失败 市政办〔2022〕7号附件2.xlsx: No /Root object! - Is this really a PDF?
2026-08-28 17:57:58,401 - <stdin> - INFO - [ok] 市政办〔2022〕7号附件2.xlsx | 214 | 
2026-08-28 17:57:58,635 - E:\STangWork\PythonProjects\skp_parser\main.py - WARNING - 通知信息解析失败 市政办〔2022〕7号附件3.xlsx: No /Root object! - Is this really a PDF?
2026-08-28 17:58:03,898 - <stdin> - INFO - [ok] 市政办〔2022〕7号附件3.xlsx | 543 | 
2026-08-28 17:58:04,378 - E:\STangWork\PythonProjects\skp_parser\main.py - WARNING - 通知信息解析失败 市政办〔2022〕7号附件4.xlsx: No /Root object! - Is this really a PDF?
2026-08-28 17:58:06,533 - <stdin> - INFO - [ok] 市政办〔2022〕7号附件4.xlsx | 133 | 
2026-08-28 17:58:06,820 - E:\STangWork\PythonProjects\skp_parser\parser\xlsx_parser.py - WARNING - E:\STangWork\STangFiles\各省重点项目：2020年起\2022年重点项目\05广西自治区2022年重点项目清单\2、2022年广西第二批\附件2 2022年第二批自治区层面统筹推进重大项目（新开工）进度目标责任表.xlsx[Sheet1]: 前 20 行未找到表头,跳过
2026-08-28 17:58:08,309 - <stdin> - INFO - [ok] 附件2 2022年第二批自治区层面统筹推进重大项目（新开工）进度目标责任表.xlsx | 82 | 
2026-08-28 17:58:08,467 - E:\STangWork\PythonProjects\skp_parser\parser\xlsx_parser.py - WARNING - E:\STangWork\STangFiles\各省重点项目：2020年起\2022年重点项目\05广西自治区2022年重点项目清单\2、2022年广西第二批\附件3 2022年第二批自治区层面统筹推进重大项目（续建）进度目标责任表.xlsx[Sheet1]: 前 20 行未找到表头,跳过
2026-08-28 17:58:09,368 - <stdin> - INFO - [ok] 附件3 2022年第二批自治区层面统筹推进重大项目（续建）进度目标责任表.xlsx | 27 | 
2026-08-28 17:58:10,061 - <stdin> - INFO - [ok] 附件4 2022年第二批自治区层面统筹推进重大项目（竣工投产）进度目标责任表.xlsx | 1 | 
2026-08-28 17:58:10,504 - E:\STangWork\PythonProjects\skp_parser\parser\xlsx_parser.py - WARNING - E:\STangWork\STangFiles\各省重点项目：2020年起\2022年重点项目\05广西自治区2022年重点项目清单\2、2022年广西第二批\附件5 2022年第二批自治区层面统筹推进重大项目（预备）进度目标责任表.xlsx[Sheet1]: 前 20 行未找到表头,跳过
2026-08-28 17:58:12,812 - <stdin> - INFO - [ok] 附件5 2022年第二批自治区层面统筹推进重大项目（预备）进度目标责任表.xlsx | 200 | 
2026-08-28 17:58:12,957 - E:\STangWork\PythonProjects\skp_parser\parser\xlsx_parser.py - WARNING - E:\STangWork\STangFiles\各省重点项目：2020年起\2022年重点项目\05广西自治区2022年重点项目清单\3、2022年广西第三批\附件2：2022年第三批自治区层面统筹推进重大项目（新开工）进度目标责任表.xlsx[Sheet1]: 前 20 行未找到表头,跳过
2026-08-28 17:58:14,072 - <stdin> - INFO - [ok] 附件2：2022年第三批自治区层面统筹推进重大项目（新开工）进度目标责任表.xlsx | 60 | 
2026-08-28 17:58:14,137 - E:\STangWork\PythonProjects\skp_parser\parser\xlsx_parser.py - WARNING - E:\STangWork\STangFiles\各省重点项目：2020年起\2022年重点项目\05广西自治区2022年重点项目清单\3、2022年广西第三批\附件3：2022年第三批自治区层面统筹推进重大项目（续建）进度目标责任表.xlsx[Sheet1]: 前 20 行未找到表头,跳过
2026-08-28 17:58:14,606 - <stdin> - INFO - [ok] 附件3：2022年第三批自治区层面统筹推进重大项目（续建）进度目标责任表.xlsx | 17 | 
2026-08-28 17:58:15,098 - <stdin> - INFO - [ok] 附件4：2022年第三批自治区层面统筹推进重大项目（竣工投产）进度目标责任表.xlsx | 2 | 
2026-08-28 17:58:15,465 - E:\STangWork\PythonProjects\skp_parser\parser\xlsx_parser.py - WARNING - E:\STangWork\STangFiles\各省重点项目：2020年起\2022年重点项目\05广西自治区2022年重点项目清单\3、2022年广西第三批\附件5：2022年第三批自治区层面统筹推进重大项目（预备）进度目标责任表.xlsx[Sheet1]: 前 20 行未找到表头,跳过
2026-08-28 17:58:20,832 - <stdin> - INFO - [ok] 附件5：2022年第三批自治区层面统筹推进重大项目（预备）进度目标责任表.xlsx | 428 | 
2026-08-28 17:58:23,494 - <stdin> - INFO - [ok] 附件2：2022年第四批自治区层面统筹推进重大项目（新开工）进度目标责任表.xlsx | 22 | 
2026-08-28 17:58:24,658 - <stdin> - INFO - [ok] 附件3：2022年第四批自治区层面统筹推进重大项目（续建）进度目标责任表.xlsx | 21 | 
2026-08-28 17:58:24,959 - E:\STangWork\PythonProjects\skp_parser\parser\xlsx_parser.py - WARNING - E:\STangWork\STangFiles\各省重点项目：2020年起\2022年重点项目\05广西自治区2022年重点项目清单\4、2022年广西第四批\附件4：2022年第四批自治区层面统筹推进重大项目（预备）进度目标责任表.xlsx[Sheet1]: 前 20 行未找到表头,跳过
2026-08-28 17:58:26,661 - <stdin> - INFO - [ok] 附件4：2022年第四批自治区层面统筹推进重大项目（预备）进度目标责任表.xlsx | 111 | 
2026-08-28 17:58:28,326 - <stdin> - INFO - [ok] 附件 2022年上半年自治区层面统筹推进重大项目退出项目清单.xlsx | 143 | 
2026-08-28 17:58:32,721 - <stdin> - INFO - [ok] 内蒙古自治区2022年重点经济合作项目.xlsx | 688 | 
2026-08-28 17:58:33,228 - <stdin> - INFO - [ok] 阿拉善左旗2022年重大项目清单.xlsx | 49 | 
2026-08-28 17:58:35,015 - <stdin> - INFO - [ok] 银川市2022年重点建设项目投资计划.xlsx | 69 | 
2026-08-28 17:58:57,652 - E:\STangWork\PythonProjects\skp_parser\main.py - WARNING - 分类校验[附件-1 2022年自治区重点建设项目投资计划.xlsx] 重大产业项目: 标题声明 68 项,解析 51 项
2026-08-28 17:58:57,652 - E:\STangWork\PythonProjects\skp_parser\main.py - WARNING - 分类校验[附件-1 2022年自治区重点建设项目投资计划.xlsx] 重大产业项目-工业项目: 标题声明 54 项,解析 51 项
2026-08-28 17:58:57,652 - E:\STangWork\PythonProjects\skp_parser\main.py - WARNING - 分类校验[附件-1 2022年自治区重点建设项目投资计划.xlsx] 年光伏竞争配置项目: 标题声明 14 项,解析 15 项
2026-08-28 17:58:57,652 - E:\STangWork\PythonProjects\skp_parser\main.py - WARNING - 分类校验[附件-1 2022年自治区重点建设项目投资计划.xlsx] 电网建设工程: 标题声明 8 项,解析 22 项
2026-08-28 17:58:57,652 - E:\STangWork\PythonProjects\skp_parser\main.py - WARNING - 分类校验[附件-1 2022年自治区重点建设项目投资计划.xlsx] 标注“▲”: 标题声明 35 项,解析 28 项
2026-08-28 17:59:00,430 - <stdin> - INFO - [ok] 附件-1 2022年自治区重点建设项目投资计划.xlsx | 148 | 
2026-08-28 17:59:11,673 - E:\STangWork\PythonProjects\skp_parser\main.py - WARNING - 分类校验[附件-2 2022年自治区重点预备开工项目投资计划.xlsx] 标注“▲”: 标题声明 35 项,解析 28 项
2026-08-28 17:59:14,648 - <stdin> - INFO - [ok] 附件-2 2022年自治区重点预备开工项目投资计划.xlsx | 58 | 
2026-08-28 17:59:15,134 - E:\STangWork\PythonProjects\skp_parser\main.py - WARNING - 分类校验[附件-3 2022年自治区重点前期工作项目投资计划.xlsx] 标注“▲”: 标题声明 35 项,解析 28 项
2026-08-28 17:59:16,509 - <stdin> - INFO - [ok] 附件-3 2022年自治区重点前期工作项目投资计划.xlsx | 58 | 
2026-08-28 17:59:33,624 - <stdin> - INFO - [ok] 福州市：2022年度市重点项目目标责任表.xlsx | 1797 | 
2026-08-28 17:59:39,144 - <stdin> - INFO - [ok] 2022年省市重点项目名单.xlsx | 393 | 
2026-08-28 18:00:02,818 - <stdin> - INFO - [ok] 2022年三门峡市重点建设项目名单.xlsx | 499 | 
2026-08-28 18:00:04,682 - E:\STangWork\PythonProjects\skp_parser\main.py - WARNING - 分类校验[2022年河南省重点建设项目名单.xlsx] 郑州市中心城区新建道路及城市功能提升打捆项目: 标题声明 10 项,解析 126 项
2026-08-28 18:00:04,682 - E:\STangWork\PythonProjects\skp_parser\main.py - WARNING - 分类校验[2022年河南省重点建设项目名单.xlsx] 铁路专用线打捆项目: 标题声明 14 项,解析 10 项
2026-08-28 18:00:04,682 - E:\STangWork\PythonProjects\skp_parser\main.py - WARNING - 分类校验[2022年河南省重点建设项目名单.xlsx] 铁路前期打捆项目: 标题声明 6 项,解析 0 项
2026-08-28 18:00:04,682 - E:\STangWork\PythonProjects\skp_parser\main.py - WARNING - 分类校验[2022年河南省重点建设项目名单.xlsx] 航空前期打捆项目: 标题声明 4 项,解析 0 项
2026-08-28 18:00:04,682 - E:\STangWork\PythonProjects\skp_parser\main.py - WARNING - 分类校验[2022年河南省重点建设项目名单.xlsx] 交通枢纽（-能源项目（: 标题声明 4 项,解析 0 项
2026-08-28 18:00:04,682 - E:\STangWork\PythonProjects\skp_parser\main.py - WARNING - 分类校验[2022年河南省重点建设项目名单.xlsx] 千伏电网打捆项目: 标题声明 22 项,解析 0 项
2026-08-28 18:00:04,682 - E:\STangWork\PythonProjects\skp_parser\main.py - WARNING - 分类校验[2022年河南省重点建设项目名单.xlsx] 新能源打捆项目: 标题声明 23 项,解析 0 项
2026-08-28 18:00:04,682 - E:\STangWork\PythonProjects\skp_parser\main.py - WARNING - 分类校验[2022年河南省重点建设项目名单.xlsx] 煤炭（-水利（: 标题声明 23 项,解析 24 项
2026-08-28 18:00:04,683 - E:\STangWork\PythonProjects\skp_parser\main.py - WARNING - 分类校验[2022年河南省重点建设项目名单.xlsx] 河南省小浪底北岸灌区工程 小浪底北岸灌区工程属于大（: 标题声明 23 项,解析 26 项
2026-08-28 18:00:04,683 - E:\STangWork\PythonProjects\skp_parser\main.py - WARNING - 分类校验[2022年河南省重点建设项目名单.xlsx] 郑州航空港经济综合实验区航空物流打捆项目: 标题声明 15 项,解析 178 项
2026-08-28 18:00:04,683 - E:\STangWork\PythonProjects\skp_parser\main.py - WARNING - 分类校验[2022年河南省重点建设项目名单.xlsx] 郑东新区龙湖金融中心外环打捆项目: 标题声明 12 项,解析 6 项
2026-08-28 18:00:04,683 - E:\STangWork\PythonProjects\skp_parser\main.py - WARNING - 分类校验[2022年河南省重点建设项目名单.xlsx] 民生和社会事业项目（-教育（: 标题声明 12 项,解析 0 项
2026-08-28 18:00:04,683 - E:\STangWork\PythonProjects\skp_parser\main.py - WARNING - 分类校验[2022年河南省重点建设项目名单.xlsx] 教育能力提升打捆项目: 标题声明 62 项,解析 0 项
2026-08-28 18:00:04,683 - E:\STangWork\PythonProjects\skp_parser\main.py - WARNING - 分类校验[2022年河南省重点建设项目名单.xlsx] 教育能力提升打捆项目-医疗（: 标题声明 62 项,解析 0 项
2026-08-28 18:00:04,683 - E:\STangWork\PythonProjects\skp_parser\main.py - WARNING - 分类校验[2022年河南省重点建设项目名单.xlsx] 公共卫生打捆项目: 标题声明 81 项,解析 4 项
2026-08-28 18:00:04,683 - E:\STangWork\PythonProjects\skp_parser\main.py - WARNING - 分类校验[2022年河南省重点建设项目名单.xlsx] 省直青年人才公寓项目: 标题声明 10 项,解析 24 项
2026-08-28 18:00:04,683 - E:\STangWork\PythonProjects\skp_parser\main.py - WARNING - 分类校验[2022年河南省重点建设项目名单.xlsx] 郑东新区二期便民服务中心打捆项目: 标题声明 4 项,解析 10 项
2026-08-28 18:00:04,683 - E:\STangWork\PythonProjects\skp_parser\main.py - WARNING - 分类校验[2022年河南省重点建设项目名单.xlsx] 保密打捆项目: 标题声明 6 项,解析 42 项
2026-08-28 18:00:04,683 - E:\STangWork\PythonProjects\skp_parser\main.py - WARNING - 分类校验[2022年河南省重点建设项目名单.xlsx] 保密打捆项目-健康养老（: 标题声明 6 项,解析 30 项
2026-08-28 18:00:04,683 - E:\STangWork\PythonProjects\skp_parser\main.py - WARNING - 分类校验[2022年河南省重点建设项目名单.xlsx] 重大基础设施项目（: 标题声明 10 项,解析 0 项
2026-08-28 18:00:04,684 - E:\STangWork\PythonProjects\skp_parser\main.py - WARNING - 分类校验[2022年河南省重点建设项目名单.xlsx] 产业转型升级项目（: 标题声明 23 项,解析 0 项
2026-08-28 18:00:04,684 - E:\STangWork\PythonProjects\skp_parser\main.py - WARNING - 分类校验[2022年河南省重点建设项目名单.xlsx] 生态环保项目（: 标题声明 12 项,解析 116 项
2026-08-28 18:00:04,684 - E:\STangWork\PythonProjects\skp_parser\main.py - WARNING - 分类校验[2022年河南省重点建设项目名单.xlsx] 民生和社会事业项目（: 标题声明 12 项,解析 26 项
2026-08-28 18:00:45,221 - <stdin> - INFO - [ok] 2022年河南省重点建设项目名单.xlsx | 3584 | 
2026-08-28 18:00:51,051 - <stdin> - INFO - [ok] 附件：湖北省2022年省级重点项目.xlsx | 545 | 
2026-08-28 18:01:12,997 - <stdin> - INFO - [ok] 南通市2022年市级重大产业项目清单.xlsx | 225 | 
2026-08-28 18:01:14,234 - <stdin> - INFO - [ok] 太仓市2022年重点项目清单.xlsx | 176 | 
2026-08-28 18:01:17,109 - E:\STangWork\PythonProjects\skp_parser\parser\xlsx_parser.py - WARNING - E:\STangWork\STangFiles\各省重点项目：2020年起\2022年重点项目\23江西省2022年重点项目清单\2022年抚州市\抚州市2022年市重点建设项目计划.xlsx[Sheet2]: 前 20 行未找到表头,跳过
2026-08-28 18:01:17,111 - E:\STangWork\PythonProjects\skp_parser\parser\xlsx_parser.py - WARNING - E:\STangWork\STangFiles\各省重点项目：2020年起\2022年重点项目\23江西省2022年重点项目清单\2022年抚州市\抚州市2022年市重点建设项目计划.xlsx[Sheet3]: 前 20 行未找到表头,跳过
2026-08-28 18:01:17,114 - E:\STangWork\PythonProjects\skp_parser\main.py - WARNING - 分类校验[抚州市2022年市重点建设项目计划.xlsx] 市本级项目-基础设施类: 标题声明 42 项,解析 0 项
2026-08-28 18:01:17,114 - E:\STangWork\PythonProjects\skp_parser\main.py - WARNING - 分类校验[抚州市2022年市重点建设项目计划.xlsx] 市本级项目-计划建成项目: 标题声明 126 项,解析 138 项
2026-08-28 18:01:17,114 - E:\STangWork\PythonProjects\skp_parser\main.py - WARNING - 分类校验[抚州市2022年市重点建设项目计划.xlsx] 市本级项目-社会事业民生类: 标题声明 53 项,解析 0 项
2026-08-28 18:01:17,114 - E:\STangWork\PythonProjects\skp_parser\main.py - WARNING - 分类校验[抚州市2022年市重点建设项目计划.xlsx] 市本级项目-产业类: 标题声明 34 项,解析 0 项
2026-08-28 18:01:17,114 - E:\STangWork\PythonProjects\skp_parser\main.py - WARNING - 分类校验[抚州市2022年市重点建设项目计划.xlsx] 市本级项目-生态环保类: 标题声明 9 项,解析 0 项
2026-08-28 18:01:17,114 - E:\STangWork\PythonProjects\skp_parser\main.py - WARNING - 分类校验[抚州市2022年市重点建设项目计划.xlsx] 县（区）项目: 标题声明 7 项,解析 438 项
2026-08-28 18:01:17,114 - E:\STangWork\PythonProjects\skp_parser\main.py - WARNING - 分类校验[抚州市2022年市重点建设项目计划.xlsx] 县（区）项目-基础设施类: 标题声明 74 项,解析 0 项
2026-08-28 18:01:17,114 - E:\STangWork\PythonProjects\skp_parser\main.py - WARNING - 分类校验[抚州市2022年市重点建设项目计划.xlsx] 县（区）项目-计划建成项目: 标题声明 389 项,解析 438 项
2026-08-28 18:01:17,114 - E:\STangWork\PythonProjects\skp_parser\main.py - WARNING - 分类校验[抚州市2022年市重点建设项目计划.xlsx] 县（区）项目-社会事业民生类: 标题声明 94 项,解析 0 项
2026-08-28 18:01:17,114 - E:\STangWork\PythonProjects\skp_parser\main.py - WARNING - 分类校验[抚州市2022年市重点建设项目计划.xlsx] 县（区）项目-产业类: 标题声明 249 项,解析 0 项
2026-08-28 18:01:17,114 - E:\STangWork\PythonProjects\skp_parser\main.py - WARNING - 分类校验[抚州市2022年市重点建设项目计划.xlsx] 县（区）项目-生态环保类: 标题声明 21 项,解析 0 项
2026-08-28 18:01:21,316 - <stdin> - INFO - [ok] 抚州市2022年市重点建设项目计划.xlsx | 576 | 
2026-08-28 18:01:21,601 - E:\STangWork\PythonProjects\skp_parser\main.py - WARNING - 分类校验[汉中市2022年重点项目计划（公开）.xlsx] 基础设施体系: 标题声明 165 项,解析 39 项
2026-08-28 18:01:21,601 - E:\STangWork\PythonProjects\skp_parser\main.py - WARNING - 分类校验[汉中市2022年重点项目计划（公开）.xlsx] 基础设施体系-综合交通枢纽建设行动: 标题声明 32 项,解析 14 项
2026-08-28 18:01:21,601 - E:\STangWork\PythonProjects\skp_parser\main.py - WARNING - 分类校验[汉中市2022年重点项目计划（公开）.xlsx] 交通枢纽及客运站建设工程-农村基础设施及水利工程提升行动: 标题声明 22 项,解析 0 项
2026-08-28 18:01:21,601 - E:\STangWork\PythonProjects\skp_parser\main.py - WARNING - 分类校验[汉中市2022年重点项目计划（公开）.xlsx] 灾后恢复重建工程-城镇基础设施提升行动: 标题声明 40 项,解析 0 项
2026-08-28 18:01:21,602 - E:\STangWork\PythonProjects\skp_parser\main.py - WARNING - 分类校验[汉中市2022年重点项目计划（公开）.xlsx] 棚户区及老旧小区改造行动: 标题声明 17 项,解析 46 项
2026-08-28 18:01:21,602 - E:\STangWork\PythonProjects\skp_parser\main.py - WARNING - 分类校验[汉中市2022年重点项目计划（公开）.xlsx] 现代产业体系: 标题声明 231 项,解析 12 项
2026-08-28 18:01:21,602 - E:\STangWork\PythonProjects\skp_parser\main.py - WARNING - 分类校验[汉中市2022年重点项目计划（公开）.xlsx] 循环工业提升工程-服务业扩容提质行动: 标题声明 66 项,解析 0 项
2026-08-28 18:01:21,602 - E:\STangWork\PythonProjects\skp_parser\main.py - WARNING - 分类校验[汉中市2022年重点项目计划（公开）.xlsx] 现代物流建设工程: 标题声明 13 项,解析 45 项
2026-08-28 18:01:21,602 - E:\STangWork\PythonProjects\skp_parser\main.py - WARNING - 分类校验[汉中市2022年重点项目计划（公开）.xlsx] 基础设施体系-城镇基础设施提升行动: 标题声明 2 项,解析 8 项
2026-08-28 18:01:21,602 - E:\STangWork\PythonProjects\skp_parser\main.py - WARNING - 分类校验[汉中市2022年重点项目计划（公开）.xlsx] 基础设施体系-信息基础设施升级行动: 标题声明 2 项,解析 11 项
2026-08-28 18:01:21,602 - E:\STangWork\PythonProjects\skp_parser\main.py - WARNING - 分类校验[汉中市2022年重点项目计划（公开）.xlsx] 生产性服务业扩规提质工程: 标题声明 6 项,解析 8 项
2026-08-28 18:01:27,441 - <stdin> - INFO - [ok] 汉中市2022年重点项目计划（公开）.xlsx | 496 | 
2026-08-28 18:01:35,011 - <stdin> - INFO - [ok] 陕西省2022年重点建设项目计划.xlsx | 1240 | 
2026-08-28 18:01:35,376 - E:\STangWork\PythonProjects\skp_parser\parser\xlsx_parser.py - WARNING - E:\STangWork\STangFiles\各省重点项目：2020年起\2022年重点项目\29四川省2022年重点项目清单\2022年巴中市\巴中市2022年市级重点项目建设计划建议表(公示）.xlsx[1KCVGwlGx1nDPl]: 前 20 行未找到表头,跳过
2026-08-28 18:01:39,340 - <stdin> - INFO - [ok] 巴中市2022年市级重点项目建设计划建议表(公示）.xlsx | 201 | 
2026-08-28 18:01:44,640 - <stdin> - INFO - [ok] 广安市2022年省市重点项目表.xlsx | 117 | 
2026-08-28 18:01:47,117 - <stdin> - INFO - [ok] 2022年甘孜州重点项目名单.xlsx | 394 | 
2026-08-28 18:01:47,261 - E:\STangWork\PythonProjects\skp_parser\main.py - WARNING - 分类校验[绵阳市2022年省市重点项目名单.xlsx] 科技城新区配套设施北部生态公园项目 科技城新区
（涪城区）: 标题声明 300 项,解析 308 项
2026-08-28 18:01:51,406 - <stdin> - INFO - [ok] 绵阳市2022年省市重点项目名单.xlsx | 337 | 
2026-08-28 18:01:56,428 - <stdin> - INFO - [ok] 附件1.云南省2022年度省级重大项目清单-1.xlsx | 1239 | 
2026-08-28 18:01:56,997 - <stdin> - INFO - [ok] 附件2.云南省2022年度“重中之重”项目清单.xlsx | 104 | 
2026-08-28 18:02:05,164 - <stdin> - INFO - [ok] （调整后）1.云南省2022年度省级重大项目清单.xlsx.xlsx | 1260 | 
2026-08-28 18:02:07,058 - <stdin> - INFO - [ok] （调整后）2.云南省2022年度“重中之重”项目清单.xlsx.xlsx | 114 | 
2026-08-28 18:02:12,216 - <stdin> - INFO - [ok] 附件 台州市2022年重点建设项目计划表.xlsx | 526 | 
2026-08-28 18:02:49,807 - <stdin> - INFO - [ok] 附件1：2022年度市重点建设项目计划表.xlsx | 175 | 
2026-08-28 18:02:49,940 - E:\STangWork\PythonProjects\skp_parser\main.py - WARNING - 分类校验[2023年上海市重大工程清单.xlsx] 社会民生类: 标题声明 13 项,解析 27 项
2026-08-28 18:02:49,940 - E:\STangWork\PythonProjects\skp_parser\main.py - WARNING - 分类校验[2023年上海市重大工程清单.xlsx] 生态文明建设类: 标题声明 1 项,解析 17 项
2026-08-28 18:02:49,940 - E:\STangWork\PythonProjects\skp_parser\main.py - WARNING - 分类校验[2023年上海市重大工程清单.xlsx] 城市基础设施类: 标题声明 1 项,解析 62 项
2026-08-28 18:02:49,940 - E:\STangWork\PythonProjects\skp_parser\main.py - WARNING - 分类校验[2023年上海市重大工程清单.xlsx] 城乡融合与乡村振兴类: 标题声明 7 项,解析 8 项
2026-08-28 18:02:52,457 - <stdin> - INFO - [ok] 2023年上海市重大工程清单.xlsx | 241 | 
2026-08-28 18:02:53,278 - E:\STangWork\PythonProjects\skp_parser\parser\xlsx_parser.py - WARNING - E:\STangWork\STangFiles\各省重点项目：2020年起\2023年重点项目\04重庆市2023年重点项目清单\2023年北碚区\附件：北碚区2023年重点项目工作计划.xlsx[Sheet1]: 前 20 行未找到表头,跳过
2026-08-28 18:02:58,972 - <stdin> - INFO - [ok] 附件：北碚区2023年重点项目工作计划.xlsx | 282 | 
2026-08-28 18:03:19,787 - E:\STangWork\PythonProjects\skp_parser\main.py - WARNING - 分类校验[奉节委办发〔2023〕1号附件.xlsx] 县城管局: 标题声明 5 项,解析 10 项
2026-08-28 18:03:19,787 - E:\STangWork\PythonProjects\skp_parser\main.py - WARNING - 分类校验[奉节委办发〔2023〕1号附件.xlsx] 县乡村振兴局: 标题声明 8 项,解析 6 项
2026-08-28 18:03:19,787 - E:\STangWork\PythonProjects\skp_parser\main.py - WARNING - 分类校验[奉节委办发〔2023〕1号附件.xlsx] 县水利局: 标题声明 36 项,解析 22 项
2026-08-28 18:03:19,787 - E:\STangWork\PythonProjects\skp_parser\main.py - WARNING - 分类校验[奉节委办发〔2023〕1号附件.xlsx] 奉节县蓼叶溪水库工程 县水电开发公司 县水利局 佘春林 黎  源 新民镇: 标题声明 16 项,解析 0 项
2026-08-28 18:03:19,787 - E:\STangWork\PythonProjects\skp_parser\main.py - WARNING - 分类校验[奉节委办发〔2023〕1号附件.xlsx] 奉节县林政水库 县水电开发公司 县水利局 佘春林 黎  源 草堂镇: 标题声明 16 项,解析 1 项
2026-08-28 18:03:19,787 - E:\STangWork\PythonProjects\skp_parser\main.py - WARNING - 分类校验[奉节委办发〔2023〕1号附件.xlsx] 奉节县招峰水库工程 县水电开发公司 县水利局 佘春林 黎  源 鹤峰乡: 标题声明 16 项,解析 1 项
2026-08-28 18:03:19,787 - E:\STangWork\PythonProjects\skp_parser\main.py - WARNING - 分类校验[奉节委办发〔2023〕1号附件.xlsx] 奉节县西牛冲水库工程 县水电开发公司 县水利局 佘春林 黎  源 永乐镇: 标题声明 16 项,解析 0 项
2026-08-28 18:03:19,787 - E:\STangWork\PythonProjects\skp_parser\main.py - WARNING - 分类校验[奉节委办发〔2023〕1号附件.xlsx] 县文化旅游委: 标题声明 36 项,解析 35 项
2026-08-28 18:03:19,787 - E:\STangWork\PythonProjects\skp_parser\main.py - WARNING - 分类校验[奉节委办发〔2023〕1号附件.xlsx] 县教委: 标题声明 9 项,解析 13 项
2026-08-28 18:03:19,787 - E:\STangWork\PythonProjects\skp_parser\main.py - WARNING - 分类校验[奉节委办发〔2023〕1号附件.xlsx] 县科技局: 标题声明 4 项,解析 5 项
2026-08-28 18:03:19,787 - E:\STangWork\PythonProjects\skp_parser\main.py - WARNING - 分类校验[奉节委办发〔2023〕1号附件.xlsx] 县生态环境局: 标题声明 1 项,解析 2 项
2026-08-28 18:03:19,788 - E:\STangWork\PythonProjects\skp_parser\main.py - WARNING - 分类校验[奉节委办发〔2023〕1号附件.xlsx] 奉节县乡村振兴示范项目（二期） 奉节县橙乡旅游开发有限公司 县乡村振兴局 马  毅 黎 源 相关乡镇: 标题声明 6 项,解析 0 项
2026-08-28 18:03:19,788 - E:\STangWork\PythonProjects\skp_parser\main.py - WARNING - 分类校验[奉节委办发〔2023〕1号附件.xlsx] 奉节县兰天水库 县水电开发公司 县水利局 佘春林 黎  源 岩湾乡 重大前期 政府 建设: 标题声明 9 项,解析 0 项
2026-08-28 18:03:19,788 - E:\STangWork\PythonProjects\skp_parser\main.py - WARNING - 分类校验[奉节委办发〔2023〕1号附件.xlsx] 奉节县围子水库工程 县水电开发公司 县水利局 佘春林 黎  源 五马镇 重大前期 政府 建设: 标题声明 9 项,解析 1 项
2026-08-28 18:03:19,788 - E:\STangWork\PythonProjects\skp_parser\main.py - WARNING - 分类校验[奉节委办发〔2023〕1号附件.xlsx] 奉节县黄龙水库工程 县水电开发公司 县水利局 佘春林 黎  源 朱衣镇 重大前期 政府 建设: 标题声明 9 项,解析 1 项
2026-08-28 18:03:19,788 - E:\STangWork\PythonProjects\skp_parser\main.py - WARNING - 分类校验[奉节委办发〔2023〕1号附件.xlsx] 奉节县晓阳水库工程 县水电开发公司 县水利局 佘春林 黎  源 吐祥镇 重大前期 政府 建设: 标题声明 9 项,解析 2 项
2026-08-28 18:03:19,788 - E:\STangWork\PythonProjects\skp_parser\main.py - WARNING - 分类校验[奉节委办发〔2023〕1号附件.xlsx] 肖洪波: 标题声明 2 项,解析 1 项
2026-08-28 18:03:19,788 - E:\STangWork\PythonProjects\skp_parser\main.py - WARNING - 分类校验[奉节委办发〔2023〕1号附件.xlsx] 黎源: 标题声明 2 项,解析 1 项
2026-08-28 18:03:19,789 - E:\STangWork\PythonProjects\skp_parser\main.py - WARNING - 分类校验[奉节委办发〔2023〕1号附件.xlsx] 彭建民: 标题声明 2 项,解析 0 项
2026-08-28 18:03:19,789 - E:\STangWork\PythonProjects\skp_parser\main.py - WARNING - 分类校验[奉节委办发〔2023〕1号附件.xlsx] 曹铁建: 标题声明 2 项,解析 1 项
2026-08-28 18:03:19,789 - E:\STangWork\PythonProjects\skp_parser\main.py - WARNING - 分类校验[奉节委办发〔2023〕1号附件.xlsx] 郑仕伟: 标题声明 2 项,解析 1 项
2026-08-28 18:03:20,008 - E:\STangWork\PythonProjects\skp_parser\main.py - WARNING - 通知信息解析失败 奉节委办发〔2023〕1号附件.xlsx: No /Root object! - Is this really a PDF?
2026-08-28 18:03:26,439 - <stdin> - INFO - [ok] 奉节委办发〔2023〕1号附件.xlsx | 378 | 
2026-08-28 18:03:28,188 - <stdin> - INFO - [ok] 2023年度巴南区级重点项目.xlsx | 135 | 
2026-08-28 18:03:28,388 - E:\STangWork\PythonProjects\skp_parser\main.py - WARNING - 分类校验[渝北区2023年重点项目名单.xlsx] 市政工程(共-教育(共: 标题声明 18 项,解析 34 项
2026-08-28 18:03:32,688 - <stdin> - INFO - [ok] 渝北区2023年重点项目名单.xlsx | 207 | 
2026-08-28 18:03:40,840 - <stdin> - INFO - [ok] 附件：桂林市2023年市级层面重大项目投资计划表.xlsx.xlsx | 1012 | 
2026-08-28 18:03:41,502 - E:\STangWork\PythonProjects\skp_parser\main.py - WARNING - 分类校验[（贵重点项目办3号附件）贵港市2023年市级层面重大项目目标责任表.xlsx.xlsx] 港北区全域旅游建设项目: 标题声明 2 项,解析 480 项
2026-08-28 18:03:52,690 - <stdin> - INFO - [ok] （贵重点项目办3号附件）贵港市2023年市级层面重大项目目标责任表.xlsx.xlsx | 950 | 
2026-08-28 18:04:01,092 - <stdin> - INFO - [ok] 2023年自治区层面统筹推进重大项目（新开工）进度目标责任表.xlsx.xlsx | 606 | 
2026-08-28 18:04:06,623 - <stdin> - INFO - [ok] 2023年自治区层面统筹推进重大项目（竣工投产）进度目标责任表.xlsx.xlsx | 255 | 
2026-08-28 18:04:11,277 - <stdin> - INFO - [ok] 2023年自治区层面统筹推进重大项目（续建）进度目标责任表.xlsx.xlsx | 1283 | 
2026-08-28 18:04:12,926 - <stdin> - INFO - [ok] 2023年第二批自治区层面统筹推进重大项目（新开工）进度目标责任表.xlsx | 22 | 
2026-08-28 18:04:13,336 - <stdin> - INFO - [ok] 2023年第二批自治区层面统筹推进重大项目（续建）进度目标责任表.xlsx | 19 | 
2026-08-28 18:04:13,631 - E:\STangWork\PythonProjects\skp_parser\parser\xlsx_parser.py - WARNING - E:\STangWork\STangFiles\各省重点项目：2020年起\2023年重点项目\06内蒙古自治区2023年重点项目清单\2023年呼和浩特市\附件下载1：经开区2023年城市建设重点项目册.xlsx.xlsx[Sheet3]: 前 20 行未找到表头,跳过
2026-08-28 18:04:13,637 - E:\STangWork\PythonProjects\skp_parser\parser\xlsx_parser.py - WARNING - E:\STangWork\STangFiles\各省重点项目：2020年起\2023年重点项目\06内蒙古自治区2023年重点项目清单\2023年呼和浩特市\附件下载1：经开区2023年城市建设重点项目册.xlsx.xlsx[Sheet31]: 前 20 行未找到表头,跳过
2026-08-28 18:04:13,817 - E:\STangWork\PythonProjects\skp_parser\main.py - WARNING - 分类校验[附件下载1：经开区2023年城市建设重点项目册.xlsx.xlsx] 基础设施类（共: 标题声明 32 项,解析 19 项
2026-08-28 18:04:13,817 - E:\STangWork\PythonProjects\skp_parser\main.py - WARNING - 分类校验[附件下载1：经开区2023年城市建设重点项目册.xlsx.xlsx] 生态环境治理类（共: 标题声明 2 项,解析 1 项
2026-08-28 18:04:13,817 - E:\STangWork\PythonProjects\skp_parser\main.py - WARNING - 分类校验[附件下载1：经开区2023年城市建设重点项目册.xlsx.xlsx] 城市更新类（共: 标题声明 2 项,解析 25 项
2026-08-28 18:04:13,817 - E:\STangWork\PythonProjects\skp_parser\main.py - WARNING - 分类校验[附件下载1：经开区2023年城市建设重点项目册.xlsx.xlsx] 市政基础设施建设工程（共: 标题声明 33 项,解析 21 项
2026-08-28 18:04:13,817 - E:\STangWork\PythonProjects\skp_parser\main.py - WARNING - 分类校验[附件下载1：经开区2023年城市建设重点项目册.xlsx.xlsx] 生态环境建设工程（共: 标题声明 2 项,解析 0 项
2026-08-28 18:04:15,951 - <stdin> - INFO - [ok] 附件下载1：经开区2023年城市建设重点项目册.xlsx.xlsx | 339 | 
2026-08-28 18:04:43,969 - <stdin> - INFO - [ok] 附件：内蒙古自治区2023年计划实施重点民间投资项目清单.xlsx | 2618 | 
2026-08-28 18:04:46,497 - <stdin> - INFO - [ok] 滁州市2023年城建重点项目建设计划表（续建、新建、储备）.xlsx | 237 | 
2026-08-28 18:04:58,770 - <stdin> - INFO - [ok] 2023年度市级重点项目名录.xlsx | 2034 | 
2026-08-28 18:04:59,701 - E:\STangWork\PythonProjects\skp_parser\parser\xlsx_parser.py - WARNING - E:\STangWork\STangFiles\各省重点项目：2020年起\2023年重点项目\12甘肃省2023年重点项目清单\2023年金昌市\1.金昌市2023年重点投资项目清单.xlsx[续建] 解析跳过: Value does not match pattern ^[$]?([A-Za-z]{1,3})[$]?(\d+)(:[$]?([A-Za-z]{1,3})[$]?(\d+)?)?$|^[A-Za-z]{1,3}:[A-Za-z]{1,3}$
2026-08-28 18:05:07,354 - E:\STangWork\PythonProjects\skp_parser\main.py - WARNING - 分类校验[1.金昌市2023年重点投资项目清单.xlsx] 社会事业-体育: 标题声明 5 项,解析 0 项
2026-08-28 18:05:07,355 - E:\STangWork\PythonProjects\skp_parser\main.py - WARNING - 分类校验[1.金昌市2023年重点投资项目清单.xlsx] 其他: 标题声明 5 项,解析 0 项
2026-08-28 18:05:11,528 - <stdin> - INFO - [ok] 1.金昌市2023年重点投资项目清单.xlsx | 195 | 
2026-08-28 18:05:13,259 - <stdin> - INFO - [ok] 2.金昌市2023年重大前期项目清单.xlsx | 106 | 
2026-08-28 18:05:13,643 - E:\STangWork\PythonProjects\skp_parser\main.py - WARNING - 分类校验[附件1：中山市2023年市重点建设项目计划表.xlsx] 基础设施工程: 标题声明 87 项,解析 0 项
2026-08-28 18:05:13,643 - E:\STangWork\PythonProjects\skp_parser\main.py - WARNING - 分类校验[附件1：中山市2023年市重点建设项目计划表.xlsx] 基础设施工程-交通工程: 标题声明 19 项,解析 0 项
2026-08-28 18:05:13,643 - E:\STangWork\PythonProjects\skp_parser\main.py - WARNING - 分类校验[附件1：中山市2023年市重点建设项目计划表.xlsx] 续建项目: 标题声明 148 项,解析 162 项
2026-08-28 18:05:13,643 - E:\STangWork\PythonProjects\skp_parser\main.py - WARNING - 分类校验[附件1：中山市2023年市重点建设项目计划表.xlsx] 计划投产项目: 标题声明 40 项,解析 44 项
2026-08-28 18:05:13,643 - E:\STangWork\PythonProjects\skp_parser\main.py - WARNING - 分类校验[附件1：中山市2023年市重点建设项目计划表.xlsx] 计划投产项目-能源工程: 标题声明 3 项,解析 0 项
2026-08-28 18:05:13,643 - E:\STangWork\PythonProjects\skp_parser\main.py - WARNING - 分类校验[附件1：中山市2023年市重点建设项目计划表.xlsx] 续建项目-水务工程: 标题声明 21 项,解析 0 项
2026-08-28 18:05:13,643 - E:\STangWork\PythonProjects\skp_parser\main.py - WARNING - 分类校验[附件1：中山市2023年市重点建设项目计划表.xlsx] 计划投产项目-城市建设工程: 标题声明 44 项,解析 0 项
2026-08-28 18:05:13,643 - E:\STangWork\PythonProjects\skp_parser\main.py - WARNING - 分类校验[附件1：中山市2023年市重点建设项目计划表.xlsx] 产业工程: 标题声明 215 项,解析 0 项
2026-08-28 18:05:13,643 - E:\STangWork\PythonProjects\skp_parser\main.py - WARNING - 分类校验[附件1：中山市2023年市重点建设项目计划表.xlsx] 产业工程-工业项目: 标题声明 184 项,解析 0 项
2026-08-28 18:05:13,645 - E:\STangWork\PythonProjects\skp_parser\main.py - WARNING - 分类校验[附件1：中山市2023年市重点建设项目计划表.xlsx] 计划投产项目-现代服务业工程: 标题声明 31 项,解析 0 项
2026-08-28 18:05:13,645 - E:\STangWork\PythonProjects\skp_parser\main.py - WARNING - 分类校验[附件1：中山市2023年市重点建设项目计划表.xlsx] 民生保障工程: 标题声明 27 项,解析 0 项
2026-08-28 18:05:13,645 - E:\STangWork\PythonProjects\skp_parser\main.py - WARNING - 分类校验[附件1：中山市2023年市重点建设项目计划表.xlsx] 民生保障工程-社会事业项目: 标题声明 8 项,解析 0 项
2026-08-28 18:05:13,645 - E:\STangWork\PythonProjects\skp_parser\main.py - WARNING - 分类校验[附件1：中山市2023年市重点建设项目计划表.xlsx] 计划投产项目-居民保障项目: 标题声明 19 项,解析 0 项
2026-08-28 18:05:16,535 - <stdin> - INFO - [ok] 附件1：中山市2023年市重点建设项目计划表.xlsx | 329 | 
2026-08-28 18:05:18,644 - <stdin> - INFO - [ok] 附件2：中山市2023年市重点前期预备项目计划表.xlsx | 118 | 
2026-08-28 18:05:23,362 - <stdin> - INFO - [ok] 深圳市2023年重大项目计划清单.xlsx | 830 | 
2026-08-28 18:05:23,660 - E:\STangWork\PythonProjects\skp_parser\parser\xlsx_parser.py - WARNING - E:\STangWork\STangFiles\各省重点项目：2020年起\2023年重点项目\14贵州省2023年重点项目清单\2023年贵阳贵安\2023年贵阳贵安省重大工程和重点项目信息表.xlsx[Sheet1]: 前 20 行未找到表头,跳过
2026-08-28 18:05:31,141 - <stdin> - INFO - [ok] 2023年贵阳贵安省重大工程和重点项目信息表.xlsx | 681 | 
2026-08-28 18:05:33,225 - <stdin> - INFO - [ok] 一、二、三批市本级重点项目白名单 （2023年第一次动态调整整）.xlsx.xlsx | 167 | 
2026-08-28 18:05:35,915 - <stdin> - INFO - [ok] 附件：2023年市重点项目名单.xlsx | 624 | 
2026-08-28 18:05:36,060 - E:\STangWork\PythonProjects\skp_parser\main.py - WARNING - 分类校验[1.襄阳市2023年省级重点项目建设计划.xlsx] 续建项目: 标题声明 32 项,解析 25 项
2026-08-28 18:05:36,060 - E:\STangWork\PythonProjects\skp_parser\main.py - WARNING - 分类校验[1.襄阳市2023年省级重点项目建设计划.xlsx] 续建项目-生态文明建设类: 标题声明 2 项,解析 1 项
2026-08-28 18:05:36,060 - E:\STangWork\PythonProjects\skp_parser\main.py - WARNING - 分类校验[1.襄阳市2023年省级重点项目建设计划.xlsx] 湖北汉江新集水电站: 标题声明 2 项,解析 6 项
2026-08-28 18:05:38,177 - <stdin> - INFO - [ok] 1.襄阳市2023年省级重点项目建设计划.xlsx | 37 | 
2026-08-28 18:05:40,260 - <stdin> - INFO - [ok] 2.襄阳市2023年市级重点项目建设计划.xlsx | 115 | 
2026-08-28 18:05:40,440 - E:\STangWork\PythonProjects\skp_parser\main.py - WARNING - 分类校验[2023年市级重点项目清单(0529).xlsx] 续建项目: 标题声明 51 项,解析 43 项
2026-08-28 18:05:40,440 - E:\STangWork\PythonProjects\skp_parser\main.py - WARNING - 分类校验[2023年市级重点项目清单(0529).xlsx] 新开工项目: 标题声明 73 项,解析 64 项
2026-08-28 18:05:40,440 - E:\STangWork\PythonProjects\skp_parser\main.py - WARNING - 分类校验[2023年市级重点项目清单(0529).xlsx] 前期推进项目: 标题声明 18 项,解析 15 项
2026-08-28 18:05:42,548 - <stdin> - INFO - [ok] 2023年市级重点项目清单(0529).xlsx | 138 | 
2026-08-28 18:05:42,961 - E:\STangWork\PythonProjects\skp_parser\main.py - WARNING - 分类校验[2023湖北省重点项目清单.xlsx] 续建项目: 标题声明 291 项,解析 185 项
2026-08-28 18:05:42,961 - E:\STangWork\PythonProjects\skp_parser\main.py - WARNING - 分类校验[2023湖北省重点项目清单.xlsx] 续建项目-重大基础设施类: 标题声明 73 项,解析 58 项
2026-08-28 18:05:42,961 - E:\STangWork\PythonProjects\skp_parser\main.py - WARNING - 分类校验[2023湖北省重点项目清单.xlsx] 湖北长阳清江抽水蓄能电站: 标题声明 73 项,解析 2 项
2026-08-28 18:05:42,961 - E:\STangWork\PythonProjects\skp_parser\main.py - WARNING - 分类校验[2023湖北省重点项目清单.xlsx] 湖北紫云山抽水蓄能电站: 标题声明 73 项,解析 14 项
2026-08-28 18:05:42,961 - E:\STangWork\PythonProjects\skp_parser\main.py - WARNING - 分类校验[2023湖北省重点项目清单.xlsx] 湖北紫云山抽水蓄能电站-生态文明建设类: 标题声明 17 项,解析 3 项
2026-08-28 18:05:42,961 - E:\STangWork\PythonProjects\skp_parser\main.py - WARNING - 分类校验[2023湖北省重点项目清单.xlsx] 湖北汉江新集水电站: 标题声明 17 项,解析 87 项
2026-08-28 18:05:42,961 - E:\STangWork\PythonProjects\skp_parser\main.py - WARNING - 分类校验[2023湖北省重点项目清单.xlsx] 新开工项目: 标题声明 138 项,解析 103 项
2026-08-28 18:05:42,961 - E:\STangWork\PythonProjects\skp_parser\main.py - WARNING - 分类校验[2023湖北省重点项目清单.xlsx] 新开工项目-生态文明建设类: 标题声明 9 项,解析 8 项
2026-08-28 18:05:42,961 - E:\STangWork\PythonProjects\skp_parser\main.py - WARNING - 分类校验[2023湖北省重点项目清单.xlsx] 湖北姚家平水利枢纽工程: 标题声明 9 项,解析 34 项
2026-08-28 18:05:47,051 - <stdin> - INFO - [ok] 2023湖北省重点项目清单.xlsx | 498 | 
2026-08-28 18:05:47,261 - E:\STangWork\PythonProjects\skp_parser\main.py - WARNING - 分类校验[2023湖北省重点项目清单（数据）.xlsx] 续建项目: 标题声明 291 项,解析 185 项
2026-08-28 18:05:47,261 - E:\STangWork\PythonProjects\skp_parser\main.py - WARNING - 分类校验[2023湖北省重点项目清单（数据）.xlsx] 续建项目-重大基础设施类: 标题声明 73 项,解析 58 项
2026-08-28 18:05:47,261 - E:\STangWork\PythonProjects\skp_parser\main.py - WARNING - 分类校验[2023湖北省重点项目清单（数据）.xlsx] 湖北紫云山抽水蓄能电站 新建 黄梅县 2204-420000
04-01-生态文明建设类: 标题声明 17 项,解析 3 项
2026-08-28 18:05:47,261 - E:\STangWork\PythonProjects\skp_parser\main.py - WARNING - 分类校验[2023湖北省重点项目清单（数据）.xlsx] 新开工项目: 标题声明 138 项,解析 0 项
2026-08-28 18:05:47,261 - E:\STangWork\PythonProjects\skp_parser\main.py - WARNING - 分类校验[2023湖北省重点项目清单（数据）.xlsx] 重大产业发展类: 标题声明 53 项,解析 101 项
2026-08-28 18:05:47,261 - E:\STangWork\PythonProjects\skp_parser\main.py - WARNING - 分类校验[2023湖北省重点项目清单（数据）.xlsx] 重大产业发展类-生态文明建设类: 标题声明 9 项,解析 8 项
2026-08-28 18:05:53,404 - <stdin> - INFO - [ok] 2023湖北省重点项目清单（数据）.xlsx | 496 | 
2026-08-28 18:05:53,738 - E:\STangWork\PythonProjects\skp_parser\main.py - WARNING - 分类校验[南通市2023年市级重大产业项目清单.xlsx] 如皋市: 标题声明 12 项,解析 18 项
2026-08-28 18:05:53,739 - E:\STangWork\PythonProjects\skp_parser\main.py - WARNING - 分类校验[南通市2023年市级重大产业项目清单.xlsx] 如东县: 标题声明 14 项,解析 16 项
2026-08-28 18:05:53,739 - E:\STangWork\PythonProjects\skp_parser\main.py - WARNING - 分类校验[南通市2023年市级重大产业项目清单.xlsx] 启东市: 标题声明 17 项,解析 23 项
2026-08-28 18:05:53,739 - E:\STangWork\PythonProjects\skp_parser\main.py - WARNING - 分类校验[南通市2023年市级重大产业项目清单.xlsx] 崇川区: 标题声明 19 项,解析 23 项
2026-08-28 18:05:53,739 - E:\STangWork\PythonProjects\skp_parser\main.py - WARNING - 分类校验[南通市2023年市级重大产业项目清单.xlsx] 通州区: 标题声明 18 项,解析 24 项
2026-08-28 18:05:53,739 - E:\STangWork\PythonProjects\skp_parser\main.py - WARNING - 分类校验[南通市2023年市级重大产业项目清单.xlsx] 海门区: 标题声明 25 项,解析 30 项
2026-08-28 18:05:53,739 - E:\STangWork\PythonProjects\skp_parser\main.py - WARNING - 分类校验[南通市2023年市级重大产业项目清单.xlsx] 苏锡通园区: 标题声明 13 项,解析 16 项
2026-08-28 18:05:55,300 - <stdin> - INFO - [ok] 南通市2023年市级重大产业项目清单.xlsx | 211 | 
2026-08-28 18:05:55,715 - E:\STangWork\PythonProjects\skp_parser\main.py - WARNING - 分类校验[徐州市2023年度城建重点工程计划.xlsx] 总-重大基础设施工程（共: 标题声明 17 项,解析 91 项
2026-08-28 18:05:55,715 - E:\STangWork\PythonProjects\skp_parser\main.py - WARNING - 分类校验[徐州市2023年度城建重点工程计划.xlsx] 总-其他: 标题声明 1 项,解析 19 项
2026-08-28 18:05:57,859 - <stdin> - INFO - [ok] 徐州市2023年度城建重点工程计划.xlsx | 110 | 
2026-08-28 18:06:10,815 - <stdin> - INFO - [ok] 2023年省级重点工程项目名单.xlsx | 619 | 
2026-08-28 18:06:17,709 - E:\STangWork\PythonProjects\skp_parser\main.py - WARNING - 分类校验[汉中市2023年重点建设项目计划表（公开）.xlsx] 现代产业体系: 标题声明 219 项,解析 20 项
2026-08-28 18:06:17,709 - E:\STangWork\PythonProjects\skp_parser\main.py - WARNING - 分类校验[汉中市2023年重点建设项目计划表（公开）.xlsx] 产业发展能力提升工程-服务业扩容提质行动: 标题声明 52 项,解析 0 项
2026-08-28 18:06:17,709 - E:\STangWork\PythonProjects\skp_parser\main.py - WARNING - 分类校验[汉中市2023年重点建设项目计划表（公开）.xlsx] 现代物流建设工程: 标题声明 16 项,解析 32 项
2026-08-28 18:06:17,710 - E:\STangWork\PythonProjects\skp_parser\main.py - WARNING - 分类校验[汉中市2023年重点建设项目计划表（公开）.xlsx] 基础设施体系: 标题声明 123 项,解析 0 项
2026-08-28 18:06:17,710 - E:\STangWork\PythonProjects\skp_parser\main.py - WARNING - 分类校验[汉中市2023年重点建设项目计划表（公开）.xlsx] 基础设施体系-综合交通枢纽建设行动: 标题声明 13 项,解析 0 项
2026-08-28 18:06:17,710 - E:\STangWork\PythonProjects\skp_parser\main.py - WARNING - 分类校验[汉中市2023年重点建设项目计划表（公开）.xlsx] 交通枢纽及县乡道路建设工程-农村基础设施及水利工程提升行动: 标题声明 25 项,解析 0 项
2026-08-28 18:06:17,710 - E:\STangWork\PythonProjects\skp_parser\main.py - WARNING - 分类校验[汉中市2023年重点建设项目计划表（公开）.xlsx] 灾后恢复重建工程-城镇基础设施提升行动: 标题声明 47 项,解析 0 项
2026-08-28 18:06:17,710 - E:\STangWork\PythonProjects\skp_parser\main.py - WARNING - 分类校验[汉中市2023年重点建设项目计划表（公开）.xlsx] 城市片区综合开发及更新改造工程: 标题声明 26 项,解析 64 项
2026-08-28 18:06:21,103 - <stdin> - INFO - [ok] 汉中市2023年重点建设项目计划表（公开）.xlsx | 429 | 
2026-08-28 18:06:26,795 - <stdin> - INFO - [ok] 渭南市2023年重点建设项目计划.xlsx | 707 | 
2026-08-28 18:06:26,900 - E:\STangWork\PythonProjects\skp_parser\parser\xlsx_parser.py - WARNING - E:\STangWork\STangFiles\各省重点项目：2020年起\2023年重点项目\29四川省2023年重点项目清单\2023年内江市\2023年城区市重点项目情况表.xlsx[Sheet1]: 前 20 行未找到表头,跳过
2026-08-28 18:06:27,571 - <stdin> - INFO - [ok] 2023年城区市重点项目情况表.xlsx | 9 | 
2026-08-28 18:06:27,848 - E:\STangWork\PythonProjects\skp_parser\main.py - WARNING - 分类校验[2023年市重点项目名单.xlsx] 民生及社会事业-卫生: 标题声明 8 项,解析 25 项
2026-08-28 18:06:30,951 - <stdin> - INFO - [ok] 2023年市重点项目名单.xlsx | 332 | 
2026-08-28 18:06:31,323 - E:\STangWork\PythonProjects\skp_parser\main.py - WARNING - 分类校验[1：云南省2023年度省级重大项目清单.xlsx] 产业类-农业: 标题声明 121 项,解析 157 项
2026-08-28 18:06:31,323 - E:\STangWork\PythonProjects\skp_parser\main.py - WARNING - 分类校验[1：云南省2023年度省级重大项目清单.xlsx] 其他类-生态环保（: 标题声明 71 项,解析 235 项
2026-08-28 18:06:31,324 - E:\STangWork\PythonProjects\skp_parser\main.py - WARNING - 分类校验[1：云南省2023年度省级重大项目清单.xlsx] 其他类-物流: 标题声明 40 项,解析 48 项
2026-08-28 18:06:49,283 - <stdin> - INFO - [ok] 1：云南省2023年度省级重大项目清单.xlsx | 1500 | 
2026-08-28 18:06:49,622 - E:\STangWork\PythonProjects\skp_parser\parser\xlsx_parser.py - WARNING - E:\STangWork\STangFiles\各省重点项目：2020年起\2023年重点项目\30云南省2023年重点项目清单\2023年昆明市\附件1.昆明市2023年市级重大在建项目计划表.xlsx[Sheet2]: 前 20 行未找到表头,跳过
2026-08-28 18:06:52,988 - <stdin> - INFO - [ok] 附件1.昆明市2023年市级重大在建项目计划表.xlsx | 457 | 
2026-08-28 18:06:53,192 - E:\STangWork\PythonProjects\skp_parser\parser\xlsx_parser.py - WARNING - E:\STangWork\STangFiles\各省重点项目：2020年起\2023年重点项目\30云南省2023年重点项目清单\2023年昆明市\附件2.昆明市2023年市级重大新开工项目计划表.xlsx[Sheet2]: 前 20 行未找到表头,跳过
2026-08-28 18:06:58,511 - <stdin> - INFO - [ok] 附件2.昆明市2023年市级重大新开工项目计划表.xlsx | 357 | 
2026-08-28 18:06:58,612 - E:\STangWork\PythonProjects\skp_parser\parser\xlsx_parser.py - WARNING - E:\STangWork\STangFiles\各省重点项目：2020年起\2023年重点项目\30云南省2023年重点项目清单\2023年昆明市\附件3.昆明市2023年市级重大前期项目计划表.xlsx[Sheet2]: 前 20 行未找到表头,跳过
2026-08-28 18:06:59,294 - <stdin> - INFO - [ok] 附件3.昆明市2023年市级重大前期项目计划表.xlsx | 103 | 
2026-08-28 18:06:59,389 - E:\STangWork\PythonProjects\skp_parser\parser\xlsx_parser.py - WARNING - E:\STangWork\STangFiles\各省重点项目：2020年起\2023年重点项目\30云南省2023年重点项目清单\2023年昆明市\附件4.2023年市级“重中之重”项目计划表.xlsx[Sheet2]: 前 20 行未找到表头,跳过
2026-08-28 18:07:01,952 - <stdin> - INFO - [ok] 附件4.2023年市级“重中之重”项目计划表.xlsx | 114 | 
2026-08-28 18:07:02,048 - E:\STangWork\PythonProjects\skp_parser\main.py - WARNING - 分类校验[2：云南省2023年度“重中之重”项目清单.xlsx] 产业类-农业: 标题声明 1 项,解析 2 项
2026-08-28 18:07:02,048 - E:\STangWork\PythonProjects\skp_parser\main.py - WARNING - 分类校验[2：云南省2023年度“重中之重”项目清单.xlsx] 其他类-卫生: 标题声明 3 项,解析 14 项
2026-08-28 18:07:04,308 - <stdin> - INFO - [ok] 2：云南省2023年度“重中之重”项目清单.xlsx | 149 | 
2026-08-28 18:07:05,961 - <stdin> - INFO - [ok] 附件2：丽水市扩大有效投资“百千”工程2023年重大项目实施计划清单.xlsx.xlsx | 139 | 
2026-08-28 18:07:09,727 - E:\STangWork\PythonProjects\skp_parser\main.py - WARNING - 分类校验[杭州.xlsx] 前期储备项目: 标题声明 172 项,解析 0 项
2026-08-28 18:07:09,727 - E:\STangWork\PythonProjects\skp_parser\main.py - WARNING - 分类校验[杭州.xlsx] 计划开工项目: 标题声明 185 项,解析 0 项
2026-08-28 18:07:09,727 - E:\STangWork\PythonProjects\skp_parser\main.py - WARNING - 分类校验[杭州.xlsx] 续建项目: 标题声明 85 项,解析 0 项
2026-08-28 18:07:09,727 - E:\STangWork\PythonProjects\skp_parser\main.py - WARNING - 分类校验[杭州.xlsx] 竣工、投用、决算项目: 标题声明 267 项,解析 0 项
2026-08-28 18:07:09,727 - E:\STangWork\PythonProjects\skp_parser\main.py - WARNING - 分类校验[杭州.xlsx] 其他 八丈井新村: 标题声明 267 项,解析 0 项
2026-08-28 18:07:09,727 - E:\STangWork\PythonProjects\skp_parser\main.py - WARNING - 分类校验[杭州.xlsx] 基础设施 迎亚运道路整治(: 标题声明 267 项,解析 0 项
2026-08-28 18:07:16,846 - <stdin> - INFO - [ok] 杭州.xlsx | 706 | 
2026-08-28 18:07:16,983 - E:\STangWork\PythonProjects\skp_parser\main.py - WARNING - 分类校验[2024年上海市重大工程清单.xlsx] 社会民生类: 标题声明 15 项,解析 23 项
2026-08-28 18:07:16,983 - E:\STangWork\PythonProjects\skp_parser\main.py - WARNING - 分类校验[2024年上海市重大工程清单.xlsx] 生态文明建设类: 标题声明 1 项,解析 16 项
2026-08-28 18:07:16,984 - E:\STangWork\PythonProjects\skp_parser\main.py - WARNING - 分类校验[2024年上海市重大工程清单.xlsx] 城市基础设施类: 标题声明 1 项,解析 67 项
2026-08-28 18:07:16,984 - E:\STangWork\PythonProjects\skp_parser\main.py - WARNING - 分类校验[2024年上海市重大工程清单.xlsx] 城乡融合与乡村振兴类: 标题声明 7 项,解析 9 项
2026-08-28 18:07:18,826 - <stdin> - INFO - [ok] 2024年上海市重大工程清单.xlsx | 219 | 
2026-08-28 18:07:20,195 - <stdin> - INFO - [ok] 东丽区2024年市级重点项目清单—建设项目.xlsx | 47 | 
2026-08-28 18:07:20,222 - E:\STangWork\PythonProjects\skp_parser\main.py - WARNING - 分类校验[静海区2024年区级重点项目清单.xlsx] 汇总: 标题声明 44 项,解析 0 项
2026-08-28 18:07:20,222 - E:\STangWork\PythonProjects\skp_parser\main.py - WARNING - 分类校验[静海区2024年区级重点项目清单.xlsx] 重点建设项目: 标题声明 36 项,解析 41 项
2026-08-28 18:07:20,222 - E:\STangWork\PythonProjects\skp_parser\main.py - WARNING - 分类校验[静海区2024年区级重点项目清单.xlsx] 重点储备项目: 标题声明 8 项,解析 11 项
2026-08-28 18:07:20,829 - <stdin> - INFO - [ok] 静海区2024年区级重点项目清单.xlsx | 52 | 
2026-08-28 18:07:24,555 - <stdin> - INFO - [ok] 1.共建成渝地区双城经济圈2024年重大项目清单.xlsx | 307 | 
2026-08-28 18:07:25,086 - E:\STangWork\PythonProjects\skp_parser\parser\xlsx_parser.py - WARNING - E:\STangWork\STangFiles\各省重点项目：2020年起\2024年重点项目\04重庆市2024年重点项目清单\北碚区2024年\北碚府办发〔2024〕22号附件：北碚区2024年重点项目工作计划.xlsx[Sheet1]: 前 20 行未找到表头,跳过
2026-08-28 18:07:25,098 - E:\STangWork\PythonProjects\skp_parser\main.py - WARNING - 通知信息解析失败 北碚府办发〔2024〕22号附件：北碚区2024年重点项目工作计划.xlsx: No /Root object! - Is this really a PDF?
2026-08-28 18:07:26,933 - <stdin> - INFO - [ok] 北碚府办发〔2024〕22号附件：北碚区2024年重点项目工作计划.xlsx | 203 | 
2026-08-28 18:07:29,876 - <stdin> - INFO - [ok] 2024年合川区重大建设项目名单.xlsx | 239 | 
2026-08-28 18:07:30,669 - <stdin> - INFO - [ok] 重庆市垫江县2024年重点建设项目名单.xlsx | 187 | 
2026-08-28 18:07:30,842 - E:\STangWork\PythonProjects\skp_parser\parser\xlsx_parser.py - WARNING - E:\STangWork\STangFiles\各省重点项目：2020年起\2024年重点项目\04重庆市2024年重点项目清单\巫山县2024年\附件2：巫山县2024年重点建设项目计划.xlsx[Sheet2]: 前 20 行未找到表头,跳过
2026-08-28 18:07:31,789 - <stdin> - INFO - [ok] 附件2：巫山县2024年重点建设项目计划.xlsx | 40 | 
2026-08-28 18:07:33,169 - <stdin> - INFO - [ok] 2024年区级重点项目清单.xlsx | 78 | 
2026-08-28 18:07:33,780 - <stdin> - INFO - [ok] 2024年渝中区重点建设项目.xlsx | 20 | 
2026-08-28 18:07:34,073 - E:\STangWork\PythonProjects\skp_parser\main.py - WARNING - 分类校验[附件1 渝北区2024年重点项目名单.xlsx] 产业发展(共-现代服务业(共: 标题声明 12 项,解析 20 项
2026-08-28 18:07:34,073 - E:\STangWork\PythonProjects\skp_parser\main.py - WARNING - 分类校验[附件1 渝北区2024年重点项目名单.xlsx] 基础设施类(共-片区基础设施建设(共: 标题声明 11 项,解析 17 项
2026-08-28 18:07:34,073 - E:\STangWork\PythonProjects\skp_parser\main.py - WARNING - 分类校验[附件1 渝北区2024年重点项目名单.xlsx] 社会民生(共-市政工程(共: 标题声明 4 项,解析 6 项
2026-08-28 18:07:34,073 - E:\STangWork\PythonProjects\skp_parser\main.py - WARNING - 分类校验[附件1 渝北区2024年重点项目名单.xlsx] 社会民生(共-教育(共: 标题声明 15 项,解析 29 项
2026-08-28 18:07:37,521 - <stdin> - INFO - [ok] 附件1 渝北区2024年重点项目名单.xlsx | 183 | 
2026-08-28 18:07:39,562 - <stdin> - INFO - [ok] 2024年璧山区重点项目清单.xlsx | 125 | 
2026-08-28 18:07:42,605 - <stdin> - INFO - [ok] 石柱县2024年重点项目清单.xlsx | 100 | 
2026-08-28 18:07:47,542 - <stdin> - INFO - [ok] 附件2 2024年度重大建设项目清单.xlsx | 223 | 
2026-08-28 18:07:48,799 - <stdin> - INFO - [ok] 附件：2024年重庆市政府和社会资本合作推介项目清单.xlsx | 52 | 
2026-08-28 18:07:56,261 - <stdin> - INFO - [ok] 广西重点投资合作项目（第一批）.xlsx | 173 | 
2026-08-28 18:07:56,509 - E:\STangWork\PythonProjects\skp_parser\main.py - WARNING - 分类校验[兴安盟2024年计划实施重大项目清单.xlsx] 续建项目: 标题声明 89 项,解析 112 项
2026-08-28 18:07:56,509 - E:\STangWork\PythonProjects\skp_parser\main.py - WARNING - 分类校验[兴安盟2024年计划实施重大项目清单.xlsx] 新建项目: 标题声明 76 项,解析 90 项
2026-08-28 18:07:58,859 - <stdin> - INFO - [ok] 兴安盟2024年计划实施重大项目清单.xlsx | 206 | 
2026-08-28 18:08:03,653 - <stdin> - INFO - [ok] 公开版--安庆市2024年亿元以上重点项目清单.xlsx | 833 | 
2026-08-28 18:08:03,840 - E:\STangWork\PythonProjects\skp_parser\main.py - WARNING - 分类校验[附件.xlsx] 市政科: 标题声明 16 项,解析 0 项
2026-08-28 18:08:03,841 - E:\STangWork\PythonProjects\skp_parser\main.py - WARNING - 分类校验[附件.xlsx] 环建科: 标题声明 25 项,解析 1 项
2026-08-28 18:08:03,841 - E:\STangWork\PythonProjects\skp_parser\main.py - WARNING - 分类校验[附件.xlsx] 房建科: 标题声明 22 项,解析 1 项
2026-08-28 18:08:05,030 - <stdin> - INFO - [ok] 附件.xlsx | 63 | 
2026-08-28 18:08:08,648 - <stdin> - INFO - [ok] 附件1：2024年市级政府性项目投资计划表（续建）.xlsx | 12 | 
2026-08-28 18:08:12,618 - <stdin> - INFO - [ok] 附件2：2024年市级政府性项目投资计划表（新建）.xlsx | 24 | 
2026-08-28 18:08:28,494 - <stdin> - INFO - [ok] 2024年福州市重点项目目标责任表.xlsx | 1855 | 
2026-08-28 18:08:40,060 - E:\STangWork\PythonProjects\skp_parser\parser\xlsx_parser.py - WARNING - E:\STangWork\STangFiles\各省重点项目：2020年起\2024年重点项目\12甘肃省2024年重点项目清单\金昌市2024年\金政办发〔2023〕108号  附件1金昌市2024年重大前期项目清单（新建）.xlsx.xlsx[1稿没项目单位]: 前 20 行未找到表头,跳过
2026-08-28 18:08:40,063 - E:\STangWork\PythonProjects\skp_parser\parser\xlsx_parser.py - WARNING - E:\STangWork\STangFiles\各省重点项目：2020年起\2024年重点项目\12甘肃省2024年重点项目清单\金昌市2024年\金政办发〔2023〕108号  附件1金昌市2024年重大前期项目清单（新建）.xlsx.xlsx[二类单位]: 前 20 行未找到表头,跳过
2026-08-28 18:08:40,085 - E:\STangWork\PythonProjects\skp_parser\parser\xlsx_parser.py - WARNING - E:\STangWork\STangFiles\各省重点项目：2020年起\2024年重点项目\12甘肃省2024年重点项目清单\金昌市2024年\金政办发〔2023〕108号  附件1金昌市2024年重大前期项目清单（新建）.xlsx.xlsx[Sheet1]: 前 20 行未找到表头,跳过
2026-08-28 18:08:40,095 - E:\STangWork\PythonProjects\skp_parser\parser\xlsx_parser.py - WARNING - E:\STangWork\STangFiles\各省重点项目：2020年起\2024年重点项目\12甘肃省2024年重点项目清单\金昌市2024年\金政办发〔2023〕108号  附件1金昌市2024年重大前期项目清单（新建）.xlsx.xlsx[Sheet2]: 前 20 行未找到表头,跳过
2026-08-28 18:08:40,097 - E:\STangWork\PythonProjects\skp_parser\main.py - WARNING - 分类校验[金政办发〔2023〕108号  附件1金昌市2024年重大前期项目清单（新建）.xlsx.xlsx] 工业创新驱动和转型升级-制造业: 标题声明 29 项,解析 16 项
2026-08-28 18:08:40,097 - E:\STangWork\PythonProjects\skp_parser\main.py - WARNING - 分类校验[金政办发〔2023〕108号  附件1金昌市2024年重大前期项目清单（新建）.xlsx.xlsx] 工业创新驱动和转型升级-节能降耗及技术提升改造: 标题声明 7 项,解析 14 项
2026-08-28 18:08:40,097 - E:\STangWork\PythonProjects\skp_parser\main.py - WARNING - 分类校验[金政办发〔2023〕108号  附件1金昌市2024年重大前期项目清单（新建）.xlsx.xlsx] 农业农村: 标题声明 24 项,解析 27 项
2026-08-28 18:08:40,097 - E:\STangWork\PythonProjects\skp_parser\main.py - WARNING - 分类校验[金政办发〔2023〕108号  附件1金昌市2024年重大前期项目清单（新建）.xlsx.xlsx] 农业农村-养殖业: 标题声明 5 项,解析 7 项
2026-08-28 18:08:40,097 - E:\STangWork\PythonProjects\skp_parser\main.py - WARNING - 分类校验[金政办发〔2023〕108号  附件1金昌市2024年重大前期项目清单（新建）.xlsx.xlsx] 社会事业: 标题声明 14 项,解析 28 项
2026-08-28 18:08:40,097 - E:\STangWork\PythonProjects\skp_parser\main.py - WARNING - 分类校验[金政办发〔2023〕108号  附件1金昌市2024年重大前期项目清单（新建）.xlsx.xlsx] 社会事业-体育: 标题声明 3 项,解析 1 项
2026-08-28 18:08:40,097 - E:\STangWork\PythonProjects\skp_parser\main.py - WARNING - 分类校验[金政办发〔2023〕108号  附件1金昌市2024年重大前期项目清单（新建）.xlsx.xlsx] 社会事业-民政及其他社会事业: 标题声明 5 项,解析 4 项
2026-08-28 18:08:40,098 - E:\STangWork\PythonProjects\skp_parser\main.py - WARNING - 分类校验[金政办发〔2023〕108号  附件1金昌市2024年重大前期项目清单（新建）.xlsx.xlsx] 基础设施补短板-园区基础设施: 标题声明 4 项,解析 8 项
2026-08-28 18:08:40,098 - E:\STangWork\PythonProjects\skp_parser\main.py - WARNING - 分类校验[金政办发〔2023〕108号  附件1金昌市2024年重大前期项目清单（新建）.xlsx.xlsx] 能源-分布式光伏: 标题声明 4 项,解析 1 项
2026-08-28 18:08:40,098 - E:\STangWork\PythonProjects\skp_parser\main.py - WARNING - 分类校验[金政办发〔2023〕108号  附件1金昌市2024年重大前期项目清单（新建）.xlsx.xlsx] 经贸物流: 标题声明 10 项,解析 9 项
2026-08-28 18:08:40,098 - E:\STangWork\PythonProjects\skp_parser\main.py - WARNING - 分类校验[金政办发〔2023〕108号  附件1金昌市2024年重大前期项目清单（新建）.xlsx.xlsx] 生态环保: 标题声明 26 项,解析 27 项
2026-08-28 18:08:40,098 - E:\STangWork\PythonProjects\skp_parser\main.py - WARNING - 分类校验[金政办发〔2023〕108号  附件1金昌市2024年重大前期项目清单（新建）.xlsx.xlsx] 生态环保-工业废弃物利用治理: 标题声明 12 项,解析 13 项
2026-08-28 18:08:40,178 - E:\STangWork\PythonProjects\skp_parser\main.py - WARNING - 通知信息解析失败 金政办发〔2023〕108号  附件1金昌市2024年重大前期项目清单（新建）.xlsx.xlsx: No /Root object! - Is this really a PDF?
2026-08-28 18:08:43,601 - <stdin> - INFO - [ok] 金政办发〔2023〕108号  附件1金昌市2024年重大前期项目清单（新建）.xlsx.xlsx | 295 | 
2026-08-28 18:08:43,787 - E:\STangWork\PythonProjects\skp_parser\main.py - WARNING - 通知信息解析失败 金政办发〔2023〕108号  附件2+金昌市2024年重大前期项目清单.xlsx.xlsx: No /Root object! - Is this really a PDF?
2026-08-28 18:08:44,802 - <stdin> - INFO - [ok] 金政办发〔2023〕108号  附件2+金昌市2024年重大前期项目清单.xlsx.xlsx | 148 | 
2026-08-28 18:08:48,637 - E:\STangWork\PythonProjects\skp_parser\main.py - WARNING - 通知信息解析失败 金政办发〔2023〕109号  金昌市2024年招商引资投资机会清单（市委常委会印刷）(1).xlsx.xlsx: No /Root object! - Is this really a PDF?
2026-08-28 18:08:49,321 - <stdin> - INFO - [ok] 金政办发〔2023〕109号  金昌市2024年招商引资投资机会清单（市委常委会印刷）(1).xlsx.xlsx | 162 | 
2026-08-28 18:08:49,896 - E:\STangWork\PythonProjects\skp_parser\main.py - WARNING - 分类校验[附件1：中山市2024年市重点建设项目计划表.xlsx] 基础设施工程: 标题声明 82 项,解析 104 项
2026-08-28 18:08:54,863 - <stdin> - INFO - [ok] 附件1：中山市2024年市重点建设项目计划表.xlsx | 402 | 
2026-08-28 18:08:54,927 - E:\STangWork\PythonProjects\skp_parser\main.py - WARNING - 分类校验[附件2：中山市2024年重点前期预备项目计划表.xlsx] 产业工程: 标题声明 45 项,解析 46 项
2026-08-28 18:08:56,168 - <stdin> - INFO - [ok] 附件2：中山市2024年重点前期预备项目计划表.xlsx | 87 | 
2026-08-28 18:08:58,762 - <stdin> - INFO - [ok] 潮州市2024年重点建设项目计划表.xlsx | 221 | 
2026-08-28 18:09:01,840 - <stdin> - INFO - [ok] 2024年贵阳贵安省级重大工程项目信息表.xlsx | 510 | 
2026-08-28 18:10:01,552 - <stdin> - INFO - [ok] 附件：1.海南省2024年重大项目投资计划表.xlsx | 295 | 
2026-08-28 18:10:02,294 - <stdin> - INFO - [ok] 附件：2.海南省2024年预备重大项目投资计划表.xlsx | 112 | 
2026-08-28 18:10:02,466 - E:\STangWork\PythonProjects\skp_parser\main.py - WARNING - 分类校验[1.襄阳市2024年省级重点项目建设计划.xlsx] 续建项目: 标题声明 33 项,解析 0 项
2026-08-28 18:10:02,466 - E:\STangWork\PythonProjects\skp_parser\main.py - WARNING - 分类校验[1.襄阳市2024年省级重点项目建设计划.xlsx] 重大基础设施类: 标题声明 13 项,解析 10 项
2026-08-28 18:10:02,466 - E:\STangWork\PythonProjects\skp_parser\main.py - WARNING - 分类校验[1.襄阳市2024年省级重点项目建设计划.xlsx] 湖北汉江新集水电站: 标题声明 11 项,解析 2 项
2026-08-28 18:10:02,466 - E:\STangWork\PythonProjects\skp_parser\main.py - WARNING - 分类校验[1.襄阳市2024年省级重点项目建设计划.xlsx] 生态文明建设类: 标题声明 1 项,解析 2 项
2026-08-28 18:10:02,467 - E:\STangWork\PythonProjects\skp_parser\main.py - WARNING - 分类校验[1.襄阳市2024年省级重点项目建设计划.xlsx] 新开工项目: 标题声明 12 项,解析 0 项
2026-08-28 18:10:04,489 - <stdin> - INFO - [ok] 1.襄阳市2024年省级重点项目建设计划.xlsx | 52 | 
2026-08-28 18:10:04,680 - E:\STangWork\PythonProjects\skp_parser\main.py - WARNING - 分类校验[2.襄阳市2024年市级重点项目建设计划.xlsx] 续建项目: 标题声明 45 项,解析 0 项
2026-08-28 18:10:04,680 - E:\STangWork\PythonProjects\skp_parser\main.py - WARNING - 分类校验[2.襄阳市2024年市级重点项目建设计划.xlsx] 新开工项目: 标题声明 45 项,解析 0 项
2026-08-28 18:10:08,482 - <stdin> - INFO - [ok] 2.襄阳市2024年市级重点项目建设计划.xlsx | 90 | 
2026-08-28 18:10:08,668 - E:\STangWork\PythonProjects\skp_parser\parser\xlsx_parser.py - WARNING - E:\STangWork\STangFiles\各省重点项目：2020年起\2024年重点项目\20湖南省2024年重点项目清单\湘潭市2024年\附件：2024年湘潭市重点建设项目名单.xlsx[Sheet3]: 前 20 行未找到表头,跳过
2026-08-28 18:10:12,512 - <stdin> - INFO - [ok] 附件：2024年湘潭市重点建设项目名单.xlsx | 548 | 
2026-08-28 18:10:15,135 - <stdin> - INFO - [ok] 2024年宜兴市重大产业项目清单.xlsx | 204 | 
2026-08-28 18:10:20,372 - <stdin> - INFO - [ok] 2024年省级重点工程项目名单.xlsx | 946 | 
2026-08-28 18:10:26,462 - <stdin> - INFO - [ok] 渭南市2024年重点建设项目建设计划表(新建).xlsx | 221 | 
2026-08-28 18:10:27,478 - E:\STangWork\PythonProjects\skp_parser\main.py - WARNING - 分类校验[渭南市2024年重点建设项目建设计划表(续建).xlsx] 富平县环城东路顺阳公园停车场项目 项目位于荆山大道东侧、南韩大街北侧、环城东路西侧: 标题声明 172 项,解析 1 项
2026-08-28 18:10:27,478 - E:\STangWork\PythonProjects\skp_parser\main.py - WARNING - 分类校验[渭南市2024年重点建设项目建设计划表(续建).xlsx] 澄城县长宁河水库项目 新建小（: 标题声明 172 项,解析 26 项
2026-08-28 18:10:30,781 - <stdin> - INFO - [ok] 渭南市2024年重点建设项目建设计划表(续建).xlsx | 193 | 
2026-08-28 18:10:30,898 - <stdin> - INFO - [skipped_existing] 1.共建成渝地区双城经济圈2024年重大项目清单.xlsx | 0 | 
2026-08-28 18:10:31,109 - E:\STangWork\PythonProjects\skp_parser\parser\xlsx_parser.py - WARNING - E:\STangWork\STangFiles\各省重点项目：2020年起\2024年重点项目\29四川省2024年重点项目清单\内江市2024年\内江市2024年重点项目清单.xlsx[封面]: 前 20 行未找到表头,跳过
2026-08-28 18:10:31,226 - E:\STangWork\PythonProjects\skp_parser\main.py - WARNING - 分类校验[内江市2024年重点项目清单.xlsx] 产业发展（产业强市）-工业: 标题声明 45 项,解析 0 项
2026-08-28 18:10:31,226 - E:\STangWork\PythonProjects\skp_parser\main.py - WARNING - 分类校验[内江市2024年重点项目清单.xlsx] 民生社会事业及其他-卫生: 标题声明 11 项,解析 43 项
2026-08-28 18:10:34,527 - <stdin> - INFO - [ok] 内江市2024年重点项目清单.xlsx | 381 | 
2026-08-28 18:10:35,527 - <stdin> - INFO - [ok] 2024年阿坝州重点项目名单.xlsx | 92 | 
2026-08-28 18:10:38,772 - <stdin> - INFO - [ok] 附件1.昆明市2024年市级重大项目计划表(在建项目).xlsx | 263 | 
2026-08-28 18:10:42,222 - <stdin> - INFO - [ok] 附件2.昆明市2024年市级重大项目计划表(新开工项目).xlsx | 203 | 
2026-08-28 18:10:43,421 - <stdin> - INFO - [ok] 附件3.昆明市2024年市级重大项目计划表(前期项目).xlsx | 41 | 
2026-08-28 18:10:45,944 - <stdin> - INFO - [ok] 附件4.昆明市2024年市级重大项目计划表(重中之重项目).xlsx | 40 | 
2026-08-28 18:11:30,838 - <stdin> - INFO - [ok] 普洱市2024年市级重点项目清单.xlsx | 199 | 
2026-08-28 18:11:37,567 - <stdin> - INFO - [ok] 附件：迪庆藏族自治州 2024年重点建设项目计划及责任分解表.xlsx | 204 | 
2026-08-28 18:11:37,798 - E:\STangWork\PythonProjects\skp_parser\main.py - WARNING - 分类校验[附件：1.云南省2024年度省级重大项目清单.xlsx] 产业类-农业: 标题声明 98 项,解析 138 项
2026-08-28 18:11:37,799 - E:\STangWork\PythonProjects\skp_parser\main.py - WARNING - 分类校验[附件：1.云南省2024年度省级重大项目清单.xlsx] 产业类-旅游业: 标题声明 59 项,解析 99 项
2026-08-28 18:11:37,799 - E:\STangWork\PythonProjects\skp_parser\main.py - WARNING - 分类校验[附件：1.云南省2024年度省级重大项目清单.xlsx] 其他类-社会事业: 标题声明 65 项,解析 397 项
2026-08-28 18:11:56,483 - <stdin> - INFO - [ok] 附件：1.云南省2024年度省级重大项目清单.xlsx | 1650 | 
2026-08-28 18:11:56,750 - E:\STangWork\PythonProjects\skp_parser\main.py - WARNING - 分类校验[附件：2.云南省2024年度“重中之重”项目清单.xlsx] 产业类-旅游业: 标题声明 1 项,解析 3 项
2026-08-28 18:11:56,750 - E:\STangWork\PythonProjects\skp_parser\main.py - WARNING - 分类校验[附件：2.云南省2024年度“重中之重”项目清单.xlsx] 其他类-社会事业: 标题声明 1 项,解析 6 项
2026-08-28 18:11:58,261 - <stdin> - INFO - [ok] 附件：2.云南省2024年度“重中之重”项目清单.xlsx | 115 | 
2026-08-28 18:11:58,944 - E:\STangWork\PythonProjects\skp_parser\parser\xlsx_parser.py - WARNING - E:\STangWork\STangFiles\各省重点项目：2020年起\2024年重点项目\31浙江省2024年重点项目清单\台州市2024年\台州市2024年度重大项目计划.xlsx[Sheet2]: 前 20 行未找到表头,跳过
2026-08-28 18:11:58,945 - E:\STangWork\PythonProjects\skp_parser\parser\xlsx_parser.py - WARNING - E:\STangWork\STangFiles\各省重点项目：2020年起\2024年重点项目\31浙江省2024年重点项目清单\台州市2024年\台州市2024年度重大项目计划.xlsx[Sheet3]: 前 20 行未找到表头,跳过
2026-08-28 18:11:58,949 - E:\STangWork\PythonProjects\skp_parser\main.py - WARNING - 分类校验[台州市2024年度重大项目计划.xlsx] 综合交通项目: 标题声明 48 项,解析 49 项
2026-08-28 18:11:58,949 - E:\STangWork\PythonProjects\skp_parser\main.py - WARNING - 分类校验[台州市2024年度重大项目计划.xlsx] 综合交通项目-轨道交通: 标题声明 48 项,解析 4 项
2026-08-28 18:11:58,949 - E:\STangWork\PythonProjects\skp_parser\main.py - WARNING - 分类校验[台州市2024年度重大项目计划.xlsx] 综合交通项目-高速公路: 标题声明 48 项,解析 44 项
2026-08-28 18:11:58,949 - E:\STangWork\PythonProjects\skp_parser\main.py - WARNING - 分类校验[台州市2024年度重大项目计划.xlsx] 综合交通项目-机场: 标题声明 48 项,解析 1 项
2026-08-28 18:11:58,949 - E:\STangWork\PythonProjects\skp_parser\main.py - WARNING - 分类校验[台州市2024年度重大项目计划.xlsx] 清洁能源项目: 标题声明 23 项,解析 24 项
2026-08-28 18:11:58,950 - E:\STangWork\PythonProjects\skp_parser\main.py - WARNING - 分类校验[台州市2024年度重大项目计划.xlsx] 清洁能源项目-电网: 标题声明 23 项,解析 12 项
2026-08-28 18:11:58,950 - E:\STangWork\PythonProjects\skp_parser\main.py - WARNING - 分类校验[台州市2024年度重大项目计划.xlsx] 水网水利（农业农村）项目: 标题声明 56 项,解析 0 项
2026-08-28 18:11:58,950 - E:\STangWork\PythonProjects\skp_parser\main.py - WARNING - 分类校验[台州市2024年度重大项目计划.xlsx] 水网水利（农业农村）项目-水网水利工程: 标题声明 56 项,解析 0 项
2026-08-28 18:11:58,950 - E:\STangWork\PythonProjects\skp_parser\main.py - WARNING - 分类校验[台州市2024年度重大项目计划.xlsx] 朱溪水库工程 该项目规模为大（-农业农村工程: 标题声明 56 项,解析 12 项
2026-08-28 18:11:58,950 - E:\STangWork\PythonProjects\skp_parser\main.py - WARNING - 分类校验[台州市2024年度重大项目计划.xlsx] 朱溪水库工程 该项目规模为大（-生态修复工程: 标题声明 56 项,解析 6 项
2026-08-28 18:11:58,950 - E:\STangWork\PythonProjects\skp_parser\main.py - WARNING - 分类校验[台州市2024年度重大项目计划.xlsx] 城镇公共设施（城市有机更新）项目: 标题声明 172 项,解析 175 项
2026-08-28 18:11:58,950 - E:\STangWork\PythonProjects\skp_parser\main.py - WARNING - 分类校验[台州市2024年度重大项目计划.xlsx] 城镇公共设施（城市有机更新）项目-城市综合交通: 标题声明 172 项,解析 152 项
2026-08-28 18:11:58,950 - E:\STangWork\PythonProjects\skp_parser\main.py - WARNING - 分类校验[台州市2024年度重大项目计划.xlsx] 城镇公共设施（城市有机更新）项目-城市配套基础设施提升改造: 标题声明 172 项,解析 23 项
2026-08-28 18:11:58,950 - E:\STangWork\PythonProjects\skp_parser\main.py - WARNING - 分类校验[台州市2024年度重大项目计划.xlsx] 科技创新（产业升级）项目: 标题声明 137 项,解析 139 项
2026-08-28 18:11:58,950 - E:\STangWork\PythonProjects\skp_parser\main.py - WARNING - 分类校验[台州市2024年度重大项目计划.xlsx] 科技创新（产业升级）项目-传统产业升级: 标题声明 137 项,解析 60 项
2026-08-28 18:11:58,950 - E:\STangWork\PythonProjects\skp_parser\main.py - WARNING - 分类校验[台州市2024年度重大项目计划.xlsx] 科技创新（产业升级）项目-汽车及零部件: 标题声明 137 项,解析 45 项
2026-08-28 18:11:58,950 - E:\STangWork\PythonProjects\skp_parser\main.py - WARNING - 分类校验[台州市2024年度重大项目计划.xlsx] 现代产业（制造业）项目: 标题声明 86 项,解析 89 项
2026-08-28 18:11:58,950 - E:\STangWork\PythonProjects\skp_parser\main.py - WARNING - 分类校验[台州市2024年度重大项目计划.xlsx] 现代产业（制造业）项目-高端装备: 标题声明 86 项,解析 80 项
2026-08-28 18:11:58,950 - E:\STangWork\PythonProjects\skp_parser\main.py - WARNING - 分类校验[台州市2024年度重大项目计划.xlsx] 社会民生项目: 标题声明 68 项,解析 69 项
2026-08-28 18:11:58,951 - E:\STangWork\PythonProjects\skp_parser\main.py - WARNING - 分类校验[台州市2024年度重大项目计划.xlsx] 社会民生项目-教育: 标题声明 68 项,解析 31 项
2026-08-28 18:11:58,951 - E:\STangWork\PythonProjects\skp_parser\main.py - WARNING - 分类校验[台州市2024年度重大项目计划.xlsx] 社会民生项目-健康卫生: 标题声明 68 项,解析 28 项
2026-08-28 18:11:58,951 - E:\STangWork\PythonProjects\skp_parser\main.py - WARNING - 分类校验[台州市2024年度重大项目计划.xlsx] 社会民生项目-体育等其他: 标题声明 68 项,解析 10 项
2026-08-28 18:11:58,951 - E:\STangWork\PythonProjects\skp_parser\main.py - WARNING - 分类校验[台州市2024年度重大项目计划.xlsx] 文旅融合（现代服务业）项目: 标题声明 75 项,解析 76 项
2026-08-28 18:11:58,951 - E:\STangWork\PythonProjects\skp_parser\main.py - WARNING - 分类校验[台州市2024年度重大项目计划.xlsx] 文旅融合（现代服务业）项目-文化旅游: 标题声明 75 项,解析 66 项
2026-08-28 18:11:58,951 - E:\STangWork\PythonProjects\skp_parser\main.py - WARNING - 分类校验[台州市2024年度重大项目计划.xlsx] 文旅融合（现代服务业）项目-物流: 标题声明 75 项,解析 10 项
2026-08-28 18:11:58,951 - E:\STangWork\PythonProjects\skp_parser\main.py - WARNING - 分类校验[台州市2024年度重大项目计划.xlsx] 片区开发（房地产）项目: 标题声明 99 项,解析 100 项
2026-08-28 18:11:58,951 - E:\STangWork\PythonProjects\skp_parser\main.py - WARNING - 分类校验[台州市2024年度重大项目计划.xlsx] 片区开发（房地产）项目-房地产项目: 标题声明 99 项,解析 89 项
2026-08-28 18:12:10,467 - <stdin> - INFO - [ok] 台州市2024年度重大项目计划.xlsx | 777 | 
2026-08-28 18:12:15,261 - <stdin> - INFO - [ok] 附件 《2024年宁波市重点工程建设计划（公开征求意见稿）》.xlsx | 359 | 
2026-08-28 18:12:15,528 - E:\STangWork\PythonProjects\skp_parser\main.py - WARNING - 分类校验[2025年上海市重大工程清单.xlsx] 社会民生类: 标题声明 12 项,解析 27 项
2026-08-28 18:12:15,528 - E:\STangWork\PythonProjects\skp_parser\main.py - WARNING - 分类校验[2025年上海市重大工程清单.xlsx] 生态文明建设类: 标题声明 3 项,解析 15 项
2026-08-28 18:12:15,528 - E:\STangWork\PythonProjects\skp_parser\main.py - WARNING - 分类校验[2025年上海市重大工程清单.xlsx] 城市基础设施类: 标题声明 3 项,解析 65 项
2026-08-28 18:12:15,528 - E:\STangWork\PythonProjects\skp_parser\main.py - WARNING - 分类校验[2025年上海市重大工程清单.xlsx] 城乡融合与乡村振兴类: 标题声明 8 项,解析 13 项
2026-08-28 18:12:18,558 - <stdin> - INFO - [ok] 2025年上海市重大工程清单.xlsx | 223 | 
2026-08-28 18:12:20,454 - <stdin> - INFO - [ok] 2025年区重大工程项目清单.xlsx | 97 | 
2026-08-28 18:12:21,107 - <stdin> - INFO - [ok] 2025年东丽区市级重点储备项目清单.xlsx | 6 | 
2026-08-28 18:12:22,134 - <stdin> - INFO - [ok] 2025年东丽区市级重点建设项目清单.xlsx | 50 | 
2026-08-28 18:12:25,742 - <stdin> - INFO - [ok] 《2025年滨海新区市级重点建设、储备项目清单》原文下载.xlsx | 347 | 
2026-08-28 18:12:25,812 - E:\STangWork\PythonProjects\skp_parser\main.py - WARNING - 分类校验[2025年静海区区级重点项目清单.xlsx] 市级重点建设项目: 标题声明 35 项,解析 39 项
2026-08-28 18:12:27,895 - <stdin> - INFO - [ok] 2025年静海区区级重点项目清单.xlsx | 52 | 
2026-08-28 18:12:31,878 - <stdin> - INFO - [ok] 万州区2025年“四个一批”项目计划.xlsx | 421 | 
2026-08-28 18:12:32,821 - <stdin> - INFO - [ok] 万盛2025年重点项目清单.xlsx | 76 | 
2026-08-28 18:12:35,206 - <stdin> - INFO - [ok] 2025年九龙坡区区级重点项目清单.xlsx | 177 | 
2026-08-28 18:12:37,392 - <stdin> - INFO - [ok] 重庆市垫江县2025年重点前期项目清单.xlsx | 173 | 
2026-08-28 18:12:39,431 - <stdin> - INFO - [ok] 重庆市垫江县2025年重点建设项目清单.xlsx | 194 | 
2026-08-28 18:12:39,553 - E:\STangWork\PythonProjects\skp_parser\main.py - WARNING - 分类校验[城口县2025年重点项目投资计划表.xlsx] 国有投资: 标题声明 88 项,解析 0 项
2026-08-28 18:12:39,611 - E:\STangWork\PythonProjects\skp_parser\main.py - WARNING - 分类校验[城口县2025年重点项目投资计划表.xlsx] 国有投资-基础设施: 标题声明 71 项,解析 0 项
2026-08-28 18:12:39,611 - E:\STangWork\PythonProjects\skp_parser\main.py - WARNING - 分类校验[城口县2025年重点项目投资计划表.xlsx] 应急抢险救灾: 标题声明 3 项,解析 20 项
2026-08-28 18:12:39,612 - E:\STangWork\PythonProjects\skp_parser\main.py - WARNING - 分类校验[城口县2025年重点项目投资计划表.xlsx] 社会投资: 标题声明 32 项,解析 0 项
2026-08-28 18:12:40,993 - <stdin> - INFO - [ok] 城口县2025年重点项目投资计划表.xlsx | 120 | 
2026-08-28 18:12:41,489 - E:\STangWork\PythonProjects\skp_parser\main.py - WARNING - 分类校验[附件 大足区2025年度项目“三张清单”（删减）.xlsx] 行政区: 标题声明 816 项,解析 0 项
2026-08-28 18:12:41,490 - E:\STangWork\PythonProjects\skp_parser\main.py - WARNING - 分类校验[附件 大足区2025年度项目“三张清单”（删减）.xlsx] 海棠新城开发区: 标题声明 24 项,解析 0 项
2026-08-28 18:12:41,490 - E:\STangWork\PythonProjects\skp_parser\main.py - WARNING - 分类校验[附件 大足区2025年度项目“三张清单”（删减）.xlsx] 大足石刻研究院: 标题声明 41 项,解析 0 项
2026-08-28 18:12:41,490 - E:\STangWork\PythonProjects\skp_parser\main.py - WARNING - 分类校验[附件 大足区2025年度项目“三张清单”（删减）.xlsx] 区教委: 标题声明 16 项,解析 0 项
2026-08-28 18:12:41,490 - E:\STangWork\PythonProjects\skp_parser\main.py - WARNING - 分类校验[附件 大足区2025年度项目“三张清单”（删减）.xlsx] 区公安局: 标题声明 11 项,解析 0 项
2026-08-28 18:12:41,490 - E:\STangWork\PythonProjects\skp_parser\main.py - WARNING - 分类校验[附件 大足区2025年度项目“三张清单”（删减）.xlsx] 区民政局: 标题声明 3 项,解析 0 项
2026-08-28 18:12:41,490 - E:\STangWork\PythonProjects\skp_parser\main.py - WARNING - 分类校验[附件 大足区2025年度项目“三张清单”（删减）.xlsx] 区生态环境局: 标题声明 21 项,解析 0 项
2026-08-28 18:12:41,490 - E:\STangWork\PythonProjects\skp_parser\main.py - WARNING - 分类校验[附件 大足区2025年度项目“三张清单”（删减）.xlsx] 区住房城乡建委: 标题声明 67 项,解析 0 项
2026-08-28 18:12:41,490 - E:\STangWork\PythonProjects\skp_parser\main.py - WARNING - 分类校验[附件 大足区2025年度项目“三张清单”（删减）.xlsx] 区交通运输委: 标题声明 27 项,解析 0 项
2026-08-28 18:12:41,490 - E:\STangWork\PythonProjects\skp_parser\main.py - WARNING - 分类校验[附件 大足区2025年度项目“三张清单”（删减）.xlsx] 区水利局: 标题声明 58 项,解析 0 项
2026-08-28 18:12:41,490 - E:\STangWork\PythonProjects\skp_parser\main.py - WARNING - 分类校验[附件 大足区2025年度项目“三张清单”（删减）.xlsx] 其他领域 ★玉河水库扩建工程: 标题声明 14 项,解析 0 项
2026-08-28 18:12:41,490 - E:\STangWork\PythonProjects\skp_parser\main.py - WARNING - 分类校验[附件 大足区2025年度项目“三张清单”（删减）.xlsx] 区农业农村委: 标题声明 22 项,解析 0 项
2026-08-28 18:12:41,491 - E:\STangWork\PythonProjects\skp_parser\main.py - WARNING - 分类校验[附件 大足区2025年度项目“三张清单”（删减）.xlsx] 区卫生健康委: 标题声明 27 项,解析 1 项
2026-08-28 18:12:41,491 - E:\STangWork\PythonProjects\skp_parser\main.py - WARNING - 分类校验[附件 大足区2025年度项目“三张清单”（删减）.xlsx] 区商务委: 标题声明 6 项,解析 0 项
2026-08-28 18:12:41,491 - E:\STangWork\PythonProjects\skp_parser\main.py - WARNING - 分类校验[附件 大足区2025年度项目“三张清单”（删减）.xlsx] 区退役军人事务局: 标题声明 1 项,解析 0 项
2026-08-28 18:12:41,491 - E:\STangWork\PythonProjects\skp_parser\main.py - WARNING - 分类校验[附件 大足区2025年度项目“三张清单”（删减）.xlsx] 区规划自然资源局: 标题声明 8 项,解析 3 项
2026-08-28 18:12:41,491 - E:\STangWork\PythonProjects\skp_parser\main.py - WARNING - 分类校验[附件 大足区2025年度项目“三张清单”（删减）.xlsx] 区林业局: 标题声明 1 项,解析 0 项
2026-08-28 18:12:41,491 - E:\STangWork\PythonProjects\skp_parser\main.py - WARNING - 分类校验[附件 大足区2025年度项目“三张清单”（删减）.xlsx] 区城市管理局: 标题声明 6 项,解析 3 项
2026-08-28 18:12:41,491 - E:\STangWork\PythonProjects\skp_parser\main.py - WARNING - 分类校验[附件 大足区2025年度项目“三张清单”（删减）.xlsx] 棠香街道: 标题声明 1 项,解析 0 项
2026-08-28 18:12:41,491 - E:\STangWork\PythonProjects\skp_parser\main.py - WARNING - 分类校验[附件 大足区2025年度项目“三张清单”（删减）.xlsx] 龙岗街道: 标题声明 3 项,解析 0 项
2026-08-28 18:12:41,491 - E:\STangWork\PythonProjects\skp_parser\main.py - WARNING - 分类校验[附件 大足区2025年度项目“三张清单”（删减）.xlsx] 雍溪镇: 标题声明 1 项,解析 0 项
2026-08-28 18:12:41,491 - E:\STangWork\PythonProjects\skp_parser\main.py - WARNING - 分类校验[附件 大足区2025年度项目“三张清单”（删减）.xlsx] 宝顶镇: 标题声明 1 项,解析 0 项
2026-08-28 18:12:41,491 - E:\STangWork\PythonProjects\skp_parser\main.py - WARNING - 分类校验[附件 大足区2025年度项目“三张清单”（删减）.xlsx] 双桥经开区: 标题声明 61 项,解析 0 项
2026-08-28 18:12:41,491 - E:\STangWork\PythonProjects\skp_parser\main.py - WARNING - 分类校验[附件 大足区2025年度项目“三张清单”（删减）.xlsx] 建设局: 标题声明 52 项,解析 16 项
2026-08-28 18:12:41,491 - E:\STangWork\PythonProjects\skp_parser\main.py - WARNING - 分类校验[附件 大足区2025年度项目“三张清单”（删减）.xlsx] 经开区各镇街: 标题声明 36 项,解析 11 项
2026-08-28 18:12:41,491 - E:\STangWork\PythonProjects\skp_parser\main.py - WARNING - 分类校验[附件 大足区2025年度项目“三张清单”（删减）.xlsx] 经开区生态环境局: 标题声明 1 项,解析 0 项
2026-08-28 18:12:41,491 - E:\STangWork\PythonProjects\skp_parser\main.py - WARNING - 分类校验[附件 大足区2025年度项目“三张清单”（删减）.xlsx] 其他策划项目: 标题声明 1 项,解析 0 项
2026-08-28 18:12:41,491 - E:\STangWork\PythonProjects\skp_parser\main.py - WARNING - 分类校验[附件 大足区2025年度项目“三张清单”（删减）.xlsx] 高科集团: 标题声明 64 项,解析 42 项
2026-08-28 18:12:41,491 - E:\STangWork\PythonProjects\skp_parser\main.py - WARNING - 分类校验[附件 大足区2025年度项目“三张清单”（删减）.xlsx] 发展（开创）集团: 标题声明 61 项,解析 19 项
2026-08-28 18:12:41,491 - E:\STangWork\PythonProjects\skp_parser\main.py - WARNING - 分类校验[附件 大足区2025年度项目“三张清单”（删减）.xlsx] 大足石刻文化城 ★大足区高铁站换乘中心及配套设施建设项目: 标题声明 21 项,解析 0 项
2026-08-28 18:12:41,492 - E:\STangWork\PythonProjects\skp_parser\main.py - WARNING - 分类校验[附件 大足区2025年度项目“三张清单”（删减）.xlsx] 文旅集团: 标题声明 62 项,解析 14 项
2026-08-28 18:12:41,492 - E:\STangWork\PythonProjects\skp_parser\main.py - WARNING - 分类校验[附件 大足区2025年度项目“三张清单”（删减）.xlsx] 其他领域 ★石马镇长溪里小区: 标题声明 26 项,解析 1 项
2026-08-28 18:12:41,492 - E:\STangWork\PythonProjects\skp_parser\main.py - WARNING - 分类校验[附件 大足区2025年度项目“三张清单”（删减）.xlsx] 经开区: 标题声明 157 项,解析 0 项
2026-08-28 18:12:41,492 - E:\STangWork\PythonProjects\skp_parser\main.py - WARNING - 分类校验[附件 大足区2025年度项目“三张清单”（删减）.xlsx] 新双圈公司: 标题声明 52 项,解析 10 项
2026-08-28 18:12:41,492 - E:\STangWork\PythonProjects\skp_parser\main.py - WARNING - 分类校验[附件 大足区2025年度项目“三张清单”（删减）.xlsx] 区经济信息委: 标题声明 10 项,解析 0 项
2026-08-28 18:12:41,492 - E:\STangWork\PythonProjects\skp_parser\main.py - WARNING - 分类校验[附件 大足区2025年度项目“三张清单”（删减）.xlsx] 大足高新区: 标题声明 200 项,解析 65 项
2026-08-28 18:12:41,492 - E:\STangWork\PythonProjects\skp_parser\main.py - WARNING - 分类校验[附件 大足区2025年度项目“三张清单”（删减）.xlsx] 金山镇: 标题声明 1 项,解析 0 项
2026-08-28 18:12:41,493 - E:\STangWork\PythonProjects\skp_parser\main.py - WARNING - 分类校验[附件 大足区2025年度项目“三张清单”（删减）.xlsx] 双桥园区: 标题声明 35 项,解析 16 项
2026-08-28 18:12:41,493 - E:\STangWork\PythonProjects\skp_parser\main.py - WARNING - 分类校验[附件 大足区2025年度项目“三张清单”（删减）.xlsx] 邮亭产发中心: 标题声明 32 项,解析 19 项
2026-08-28 18:12:41,493 - E:\STangWork\PythonProjects\skp_parser\main.py - WARNING - 分类校验[附件 大足区2025年度项目“三张清单”（删减）.xlsx] 区科技局: 标题声明 2 项,解析 0 项
2026-08-28 18:12:41,493 - E:\STangWork\PythonProjects\skp_parser\main.py - WARNING - 分类校验[附件 大足区2025年度项目“三张清单”（删减）.xlsx] 区龙水湖旅游度假区发展中心: 标题声明 22 项,解析 14 项
2026-08-28 18:12:48,931 - <stdin> - INFO - [ok] 附件 大足区2025年度项目“三张清单”（删减）.xlsx | 841 | 
2026-08-28 18:12:49,598 - E:\STangWork\PythonProjects\skp_parser\main.py - WARNING - 分类校验[奉节府办发〔2025〕10号附件1-3.xlsx] 县水利局: 标题声明 37 项,解析 16 项
2026-08-28 18:12:49,598 - E:\STangWork\PythonProjects\skp_parser\main.py - WARNING - 分类校验[奉节府办发〔2025〕10号附件1-3.xlsx] 奉节县招峰水库工程 县水电开发公司 县水利局 唐承伟 鹤峰乡: 标题声明 15 项,解析 12 项
2026-08-28 18:12:49,598 - E:\STangWork\PythonProjects\skp_parser\main.py - WARNING - 分类校验[奉节府办发〔2025〕10号附件1-3.xlsx] 县脐橙产业中心: 标题声明 1 项,解析 2 项
2026-08-28 18:12:49,598 - E:\STangWork\PythonProjects\skp_parser\main.py - WARNING - 分类校验[奉节府办发〔2025〕10号附件1-3.xlsx] 奉节县围子水库工程 县水电开发公司 县水利局 唐承伟 五马镇 重大前期 政府 新建小(: 标题声明 19 项,解析 0 项
2026-08-28 18:12:49,598 - E:\STangWork\PythonProjects\skp_parser\main.py - WARNING - 分类校验[奉节府办发〔2025〕10号附件1-3.xlsx] 奉节县佛贵水库工程 县水电开发公司 县水利局 唐承伟 羊市镇 重大前期 政府 建设: 标题声明 19 项,解析 4 项
2026-08-28 18:12:49,598 - E:\STangWork\PythonProjects\skp_parser\main.py - WARNING - 分类校验[奉节府办发〔2025〕10号附件1-3.xlsx] 奉节县三道桥水库工程 县水电开发公司 县水利局 唐承伟 青莲镇 重大前期 政府 新建: 标题声明 19 项,解析 1 项
2026-08-28 18:12:49,604 - E:\STangWork\PythonProjects\skp_parser\main.py - WARNING - 通知信息解析失败 奉节府办发〔2025〕10号附件1-3.xlsx: No /Root object! - Is this really a PDF?
2026-08-28 18:12:54,301 - <stdin> - INFO - [ok] 奉节府办发〔2025〕10号附件1-3.xlsx | 228 | 
2026-08-28 18:12:54,765 - E:\STangWork\PythonProjects\skp_parser\main.py - WARNING - 通知信息解析失败 忠府发〔2025〕4号 附件.xlsx: No /Root object! - Is this really a PDF?
2026-08-28 18:12:55,582 - <stdin> - INFO - [ok] 忠府发〔2025〕4号 附件.xlsx | 305 | 
2026-08-28 18:12:55,883 - <stdin> - INFO - [ok] 渝中区2025年重大建设项目清单.xlsx | 28 | 
2026-08-28 18:13:00,071 - <stdin> - INFO - [ok] 渝北区2025年重点项目建设名单.xlsx | 247 | 
2026-08-28 18:13:00,791 - <stdin> - INFO - [ok] 2025年璧山区重点项目清单.xlsx | 102 | 
2026-08-28 18:13:04,627 - <stdin> - INFO - [ok] 附件 石柱县2025年固定资产投资项目清单.xlsx | 329 | 
2026-08-28 18:13:07,500 - <stdin> - INFO - [ok] 重庆市綦江区2025年度重大项目建设清单.xlsx | 98 | 
2026-08-28 18:13:18,992 - <stdin> - INFO - [ok] 重庆市2025年市级重点项目.xlsx | 1569 | 
2026-08-28 18:13:23,919 - <stdin> - INFO - [ok] 附件1.长寿区2025年度新开工项目工作计划.xlsx | 187 | 
2026-08-28 18:13:25,149 - <stdin> - INFO - [ok] 附件2.长寿区2025年在建项目工作计划.xlsx | 56 | 
2026-08-28 18:13:26,307 - <stdin> - INFO - [ok] 附件3.长寿区2025年完工项目工作计划.xlsx | 55 | 
2026-08-28 18:13:28,107 - <stdin> - INFO - [ok] 附件4.长寿区2025年储备项目工作计划.xlsx | 152 | 
2026-08-28 18:13:31,169 - <stdin> - INFO - [ok] 附件5.长寿区2025年谋划项目工作计划.xlsx | 231 | 
2026-08-28 18:13:32,272 - <stdin> - INFO - [ok] 【责任分解】市重点工程处2025年度重点工程项目实施计划.xlsx | 20 | 
2026-08-28 18:13:32,690 - E:\STangWork\PythonProjects\skp_parser\main.py - WARNING - 分类校验[附件1：池州市2025年重点项目清单（分县区汇总表）(附件).xlsx] 贵池区: 标题声明 116 项,解析 0 项
2026-08-28 18:13:32,711 - E:\STangWork\PythonProjects\skp_parser\main.py - WARNING - 分类校验[附件1：池州市2025年重点项目清单（分县区汇总表）(附件).xlsx] 续建: 标题声明 272 项,解析 0 项
2026-08-28 18:13:32,711 - E:\STangWork\PythonProjects\skp_parser\main.py - WARNING - 分类校验[附件1：池州市2025年重点项目清单（分县区汇总表）(附件).xlsx] 计划开工: 标题声明 193 项,解析 0 项
2026-08-28 18:13:32,711 - E:\STangWork\PythonProjects\skp_parser\main.py - WARNING - 分类校验[附件1：池州市2025年重点项目清单（分县区汇总表）(附件).xlsx] 东至县: 标题声明 88 项,解析 0 项
2026-08-28 18:13:32,711 - E:\STangWork\PythonProjects\skp_parser\main.py - WARNING - 分类校验[附件1：池州市2025年重点项目清单（分县区汇总表）(附件).xlsx] 石台县: 标题声明 38 项,解析 0 项
2026-08-28 18:13:32,711 - E:\STangWork\PythonProjects\skp_parser\main.py - WARNING - 分类校验[附件1：池州市2025年重点项目清单（分县区汇总表）(附件).xlsx] 青阳县: 标题声明 94 项,解析 0 项
2026-08-28 18:13:32,711 - E:\STangWork\PythonProjects\skp_parser\main.py - WARNING - 分类校验[附件1：池州市2025年重点项目清单（分县区汇总表）(附件).xlsx] 集中区: 标题声明 56 项,解析 0 项
2026-08-28 18:13:32,711 - E:\STangWork\PythonProjects\skp_parser\main.py - WARNING - 分类校验[附件1：池州市2025年重点项目清单（分县区汇总表）(附件).xlsx] 池州粤浦电子信息产业园项目 传统产业升级改造 江南集中区 江南集中区管委会: 标题声明 41 项,解析 0 项
2026-08-28 18:13:32,711 - E:\STangWork\PythonProjects\skp_parser\main.py - WARNING - 分类校验[附件1：池州市2025年重点项目清单（分县区汇总表）(附件).xlsx] 华山: 标题声明 9 项,解析 0 项
2026-08-28 18:13:32,712 - E:\STangWork\PythonProjects\skp_parser\main.py - WARNING - 分类校验[附件1：池州市2025年重点项目清单（分县区汇总表）(附件).xlsx] 开发区: 标题声明 30 项,解析 0 项
2026-08-28 18:13:32,712 - E:\STangWork\PythonProjects\skp_parser\main.py - WARNING - 分类校验[附件1：池州市2025年重点项目清单（分县区汇总表）(附件).xlsx] 市直: 标题声明 24 项,解析 0 项
2026-08-28 18:13:32,712 - E:\STangWork\PythonProjects\skp_parser\main.py - WARNING - 分类校验[附件1：池州市2025年重点项目清单（分县区汇总表）(附件).xlsx] 池州市升金湖泵站工程 水利 池州市 贵池区: 标题声明 12 项,解析 0 项
2026-08-28 18:13:39,508 - <stdin> - INFO - [ok] 附件1：池州市2025年重点项目清单（分县区汇总表）(附件).xlsx | 468 | 
2026-08-28 18:13:40,350 - E:\STangWork\PythonProjects\skp_parser\main.py - WARNING - 分类校验[附件2：池州市2025年重点项目清单（分行业汇总表）(附件).xlsx] 贵池区: 标题声明 116 项,解析 0 项
2026-08-28 18:13:40,351 - E:\STangWork\PythonProjects\skp_parser\main.py - WARNING - 分类校验[附件2：池州市2025年重点项目清单（分行业汇总表）(附件).xlsx] 续建: 标题声明 272 项,解析 0 项
2026-08-28 18:13:40,351 - E:\STangWork\PythonProjects\skp_parser\main.py - WARNING - 分类校验[附件2：池州市2025年重点项目清单（分行业汇总表）(附件).xlsx] 计划开工: 标题声明 193 项,解析 0 项
2026-08-28 18:13:40,351 - E:\STangWork\PythonProjects\skp_parser\main.py - WARNING - 分类校验[附件2：池州市2025年重点项目清单（分行业汇总表）(附件).xlsx] 东至县: 标题声明 88 项,解析 0 项
2026-08-28 18:13:40,351 - E:\STangWork\PythonProjects\skp_parser\main.py - WARNING - 分类校验[附件2：池州市2025年重点项目清单（分行业汇总表）(附件).xlsx] 石台县: 标题声明 38 项,解析 0 项
2026-08-28 18:13:40,351 - E:\STangWork\PythonProjects\skp_parser\main.py - WARNING - 分类校验[附件2：池州市2025年重点项目清单（分行业汇总表）(附件).xlsx] 青阳县: 标题声明 94 项,解析 0 项
2026-08-28 18:13:40,351 - E:\STangWork\PythonProjects\skp_parser\main.py - WARNING - 分类校验[附件2：池州市2025年重点项目清单（分行业汇总表）(附件).xlsx] 集中区: 标题声明 56 项,解析 0 项
2026-08-28 18:13:40,351 - E:\STangWork\PythonProjects\skp_parser\main.py - WARNING - 分类校验[附件2：池州市2025年重点项目清单（分行业汇总表）(附件).xlsx] 池州粤浦电子信息产业园项目 传统产业升级改造 江南集中区 江南集中区管委会: 标题声明 41 项,解析 0 项
2026-08-28 18:13:40,351 - E:\STangWork\PythonProjects\skp_parser\main.py - WARNING - 分类校验[附件2：池州市2025年重点项目清单（分行业汇总表）(附件).xlsx] 华山: 标题声明 9 项,解析 0 项
2026-08-28 18:13:40,351 - E:\STangWork\PythonProjects\skp_parser\main.py - WARNING - 分类校验[附件2：池州市2025年重点项目清单（分行业汇总表）(附件).xlsx] 开发区: 标题声明 30 项,解析 0 项
2026-08-28 18:13:40,351 - E:\STangWork\PythonProjects\skp_parser\main.py - WARNING - 分类校验[附件2：池州市2025年重点项目清单（分行业汇总表）(附件).xlsx] 市直: 标题声明 24 项,解析 0 项
2026-08-28 18:13:40,351 - E:\STangWork\PythonProjects\skp_parser\main.py - WARNING - 分类校验[附件2：池州市2025年重点项目清单（分行业汇总表）(附件).xlsx] 池州市升金湖泵站工程 水利 池州市 贵池区: 标题声明 12 项,解析 0 项
2026-08-28 18:13:47,443 - <stdin> - INFO - [ok] 附件2：池州市2025年重点项目清单（分行业汇总表）(附件).xlsx | 468 | 
2026-08-28 18:13:48,263 - E:\STangWork\PythonProjects\skp_parser\main.py - WARNING - 分类校验[附件3：池州市2025年重点项目清单（分投资规模汇总表）(附件).xlsx] 贵池区: 标题声明 116 项,解析 0 项
2026-08-28 18:13:48,263 - E:\STangWork\PythonProjects\skp_parser\main.py - WARNING - 分类校验[附件3：池州市2025年重点项目清单（分投资规模汇总表）(附件).xlsx] 续建: 标题声明 272 项,解析 0 项
2026-08-28 18:13:48,263 - E:\STangWork\PythonProjects\skp_parser\main.py - WARNING - 分类校验[附件3：池州市2025年重点项目清单（分投资规模汇总表）(附件).xlsx] 计划开工: 标题声明 193 项,解析 0 项
2026-08-28 18:13:48,263 - E:\STangWork\PythonProjects\skp_parser\main.py - WARNING - 分类校验[附件3：池州市2025年重点项目清单（分投资规模汇总表）(附件).xlsx] 东至县: 标题声明 88 项,解析 0 项
2026-08-28 18:13:48,263 - E:\STangWork\PythonProjects\skp_parser\main.py - WARNING - 分类校验[附件3：池州市2025年重点项目清单（分投资规模汇总表）(附件).xlsx] 石台县: 标题声明 38 项,解析 0 项
2026-08-28 18:13:48,263 - E:\STangWork\PythonProjects\skp_parser\main.py - WARNING - 分类校验[附件3：池州市2025年重点项目清单（分投资规模汇总表）(附件).xlsx] 青阳县: 标题声明 94 项,解析 0 项
2026-08-28 18:13:48,263 - E:\STangWork\PythonProjects\skp_parser\main.py - WARNING - 分类校验[附件3：池州市2025年重点项目清单（分投资规模汇总表）(附件).xlsx] 集中区: 标题声明 56 项,解析 0 项
2026-08-28 18:13:48,263 - E:\STangWork\PythonProjects\skp_parser\main.py - WARNING - 分类校验[附件3：池州市2025年重点项目清单（分投资规模汇总表）(附件).xlsx] 池州粤浦电子信息产业园项目 传统产业升级改造 江南集中区 江南集中区管委会: 标题声明 41 项,解析 0 项
2026-08-28 18:13:48,264 - E:\STangWork\PythonProjects\skp_parser\main.py - WARNING - 分类校验[附件3：池州市2025年重点项目清单（分投资规模汇总表）(附件).xlsx] 华山: 标题声明 9 项,解析 0 项
2026-08-28 18:13:48,264 - E:\STangWork\PythonProjects\skp_parser\main.py - WARNING - 分类校验[附件3：池州市2025年重点项目清单（分投资规模汇总表）(附件).xlsx] 开发区: 标题声明 30 项,解析 0 项
2026-08-28 18:13:48,264 - E:\STangWork\PythonProjects\skp_parser\main.py - WARNING - 分类校验[附件3：池州市2025年重点项目清单（分投资规模汇总表）(附件).xlsx] 市直: 标题声明 24 项,解析 0 项
2026-08-28 18:13:48,264 - E:\STangWork\PythonProjects\skp_parser\main.py - WARNING - 分类校验[附件3：池州市2025年重点项目清单（分投资规模汇总表）(附件).xlsx] 池州市升金湖泵站工程 水利 池州市 贵池区: 标题声明 12 项,解析 0 项
2026-08-28 18:13:54,193 - <stdin> - INFO - [ok] 附件3：池州市2025年重点项目清单（分投资规模汇总表）(附件).xlsx | 468 | 
2026-08-28 18:13:54,880 - E:\STangWork\PythonProjects\skp_parser\main.py - WARNING - 分类校验[附件4：池州市2025年重点项目清单(附件).xlsx] 贵池区: 标题声明 233 项,解析 0 项
2026-08-28 18:13:54,880 - E:\STangWork\PythonProjects\skp_parser\main.py - WARNING - 分类校验[附件4：池州市2025年重点项目清单(附件).xlsx] 续建: 标题声明 545 项,解析 0 项
2026-08-28 18:13:54,880 - E:\STangWork\PythonProjects\skp_parser\main.py - WARNING - 分类校验[附件4：池州市2025年重点项目清单(附件).xlsx] 计划开工: 标题声明 381 项,解析 0 项
2026-08-28 18:13:54,880 - E:\STangWork\PythonProjects\skp_parser\main.py - WARNING - 分类校验[附件4：池州市2025年重点项目清单(附件).xlsx] 东至县: 标题声明 204 项,解析 0 项
2026-08-28 18:13:54,880 - E:\STangWork\PythonProjects\skp_parser\main.py - WARNING - 分类校验[附件4：池州市2025年重点项目清单(附件).xlsx] 石台县: 标题声明 71 项,解析 0 项
2026-08-28 18:13:54,880 - E:\STangWork\PythonProjects\skp_parser\main.py - WARNING - 分类校验[附件4：池州市2025年重点项目清单(附件).xlsx] 青阳县: 标题声明 186 项,解析 0 项
2026-08-28 18:13:54,880 - E:\STangWork\PythonProjects\skp_parser\main.py - WARNING - 分类校验[附件4：池州市2025年重点项目清单(附件).xlsx] 集中区: 标题声明 56 项,解析 0 项
2026-08-28 18:13:54,880 - E:\STangWork\PythonProjects\skp_parser\main.py - WARNING - 分类校验[附件4：池州市2025年重点项目清单(附件).xlsx] 池州粤浦电子信息产业园项目 传统产业升级改造 江南集中区 江南集中区管委会: 标题声明 41 项,解析 0 项
2026-08-28 18:13:54,880 - E:\STangWork\PythonProjects\skp_parser\main.py - WARNING - 分类校验[附件4：池州市2025年重点项目清单(附件).xlsx] 华山: 标题声明 16 项,解析 0 项
2026-08-28 18:13:54,880 - E:\STangWork\PythonProjects\skp_parser\main.py - WARNING - 分类校验[附件4：池州市2025年重点项目清单(附件).xlsx] 开发区: 标题声明 73 项,解析 0 项
2026-08-28 18:13:54,880 - E:\STangWork\PythonProjects\skp_parser\main.py - WARNING - 分类校验[附件4：池州市2025年重点项目清单(附件).xlsx] 市直: 标题声明 51 项,解析 0 项
2026-08-28 18:13:54,880 - E:\STangWork\PythonProjects\skp_parser\main.py - WARNING - 分类校验[附件4：池州市2025年重点项目清单(附件).xlsx] 池州市升金湖泵站工程 水利 池州市 贵池区: 标题声明 12 项,解析 0 项
2026-08-28 18:13:54,880 - E:\STangWork\PythonProjects\skp_parser\main.py - WARNING - 分类校验[附件4：池州市2025年重点项目清单(附件).xlsx] 东至县新能源汽车充电桩基础设施建设项目 新型城镇化 东至县: 标题声明 58 项,解析 0 项
2026-08-28 18:13:54,880 - E:\STangWork\PythonProjects\skp_parser\main.py - WARNING - 分类校验[附件4：池州市2025年重点项目清单(附件).xlsx] 青阳县山阡里水库建设工程 水利 青阳县: 标题声明 57 项,解析 0 项
2026-08-28 18:13:54,880 - E:\STangWork\PythonProjects\skp_parser\main.py - WARNING - 分类校验[附件4：池州市2025年重点项目清单(附件).xlsx] 青阳县体育综合能力提升工程项目 社会事业 青阳县: 标题声明 35 项,解析 0 项
2026-08-28 18:13:54,880 - E:\STangWork\PythonProjects\skp_parser\main.py - WARNING - 分类校验[附件4：池州市2025年重点项目清单(附件).xlsx] 江南集中区: 标题声明 62 项,解析 0 项
2026-08-28 18:13:54,882 - E:\STangWork\PythonProjects\skp_parser\main.py - WARNING - 分类校验[附件4：池州市2025年重点项目清单(附件).xlsx] 平天湖: 标题声明 10 项,解析 0 项
2026-08-28 18:14:05,217 - <stdin> - INFO - [ok] 附件4：池州市2025年重点项目清单(附件).xlsx | 972 | 
2026-08-28 18:14:05,791 - E:\STangWork\PythonProjects\skp_parser\main.py - WARNING - 分类校验[附件5：池州市2025年重点储备项目清单（汇总表）(附件).xlsx] 贵池区: 标题声明 116 项,解析 0 项
2026-08-28 18:14:05,791 - E:\STangWork\PythonProjects\skp_parser\main.py - WARNING - 分类校验[附件5：池州市2025年重点储备项目清单（汇总表）(附件).xlsx] 续建: 标题声明 272 项,解析 0 项
2026-08-28 18:14:05,791 - E:\STangWork\PythonProjects\skp_parser\main.py - WARNING - 分类校验[附件5：池州市2025年重点储备项目清单（汇总表）(附件).xlsx] 计划开工: 标题声明 193 项,解析 0 项
2026-08-28 18:14:05,791 - E:\STangWork\PythonProjects\skp_parser\main.py - WARNING - 分类校验[附件5：池州市2025年重点储备项目清单（汇总表）(附件).xlsx] 东至县: 标题声明 88 项,解析 0 项
2026-08-28 18:14:05,791 - E:\STangWork\PythonProjects\skp_parser\main.py - WARNING - 分类校验[附件5：池州市2025年重点储备项目清单（汇总表）(附件).xlsx] 石台县: 标题声明 38 项,解析 0 项
2026-08-28 18:14:05,791 - E:\STangWork\PythonProjects\skp_parser\main.py - WARNING - 分类校验[附件5：池州市2025年重点储备项目清单（汇总表）(附件).xlsx] 青阳县: 标题声明 94 项,解析 0 项
2026-08-28 18:14:05,791 - E:\STangWork\PythonProjects\skp_parser\main.py - WARNING - 分类校验[附件5：池州市2025年重点储备项目清单（汇总表）(附件).xlsx] 集中区: 标题声明 56 项,解析 0 项
2026-08-28 18:14:05,791 - E:\STangWork\PythonProjects\skp_parser\main.py - WARNING - 分类校验[附件5：池州市2025年重点储备项目清单（汇总表）(附件).xlsx] 池州粤浦电子信息产业园项目 传统产业升级改造 江南集中区 江南集中区管委会: 标题声明 41 项,解析 0 项
2026-08-28 18:14:05,791 - E:\STangWork\PythonProjects\skp_parser\main.py - WARNING - 分类校验[附件5：池州市2025年重点储备项目清单（汇总表）(附件).xlsx] 华山: 标题声明 9 项,解析 0 项
2026-08-28 18:14:05,791 - E:\STangWork\PythonProjects\skp_parser\main.py - WARNING - 分类校验[附件5：池州市2025年重点储备项目清单（汇总表）(附件).xlsx] 开发区: 标题声明 30 项,解析 0 项
2026-08-28 18:14:05,791 - E:\STangWork\PythonProjects\skp_parser\main.py - WARNING - 分类校验[附件5：池州市2025年重点储备项目清单（汇总表）(附件).xlsx] 市直: 标题声明 24 项,解析 0 项
2026-08-28 18:14:05,792 - E:\STangWork\PythonProjects\skp_parser\main.py - WARNING - 分类校验[附件5：池州市2025年重点储备项目清单（汇总表）(附件).xlsx] 池州市升金湖泵站工程 水利 池州市 贵池区: 标题声明 12 项,解析 0 项
2026-08-28 18:14:14,393 - <stdin> - INFO - [ok] 附件5：池州市2025年重点储备项目清单（汇总表）(附件).xlsx | 468 | 
2026-08-28 18:14:15,303 - E:\STangWork\PythonProjects\skp_parser\main.py - WARNING - 分类校验[附件6：池州市2025年重点储备项目清单.xlsx] 贵池区: 标题声明 221 项,解析 0 项
2026-08-28 18:14:15,303 - E:\STangWork\PythonProjects\skp_parser\main.py - WARNING - 分类校验[附件6：池州市2025年重点储备项目清单.xlsx] 续建: 标题声明 272 项,解析 0 项
2026-08-28 18:14:15,303 - E:\STangWork\PythonProjects\skp_parser\main.py - WARNING - 分类校验[附件6：池州市2025年重点储备项目清单.xlsx] 计划开工: 标题声明 193 项,解析 0 项
2026-08-28 18:14:15,303 - E:\STangWork\PythonProjects\skp_parser\main.py - WARNING - 分类校验[附件6：池州市2025年重点储备项目清单.xlsx] 东至县: 标题声明 151 项,解析 0 项
2026-08-28 18:14:15,303 - E:\STangWork\PythonProjects\skp_parser\main.py - WARNING - 分类校验[附件6：池州市2025年重点储备项目清单.xlsx] 石台县: 标题声明 55 项,解析 0 项
2026-08-28 18:14:15,303 - E:\STangWork\PythonProjects\skp_parser\main.py - WARNING - 分类校验[附件6：池州市2025年重点储备项目清单.xlsx] 青阳县: 标题声明 134 项,解析 0 项
2026-08-28 18:14:15,303 - E:\STangWork\PythonProjects\skp_parser\main.py - WARNING - 分类校验[附件6：池州市2025年重点储备项目清单.xlsx] 集中区: 标题声明 56 项,解析 0 项
2026-08-28 18:14:15,303 - E:\STangWork\PythonProjects\skp_parser\main.py - WARNING - 分类校验[附件6：池州市2025年重点储备项目清单.xlsx] 池州粤浦电子信息产业园项目 传统产业升级改造 江南集中区 江南集中区管委会: 标题声明 41 项,解析 0 项
2026-08-28 18:14:15,303 - E:\STangWork\PythonProjects\skp_parser\main.py - WARNING - 分类校验[附件6：池州市2025年重点储备项目清单.xlsx] 华山: 标题声明 14 项,解析 0 项
2026-08-28 18:14:15,303 - E:\STangWork\PythonProjects\skp_parser\main.py - WARNING - 分类校验[附件6：池州市2025年重点储备项目清单.xlsx] 开发区: 标题声明 63 项,解析 0 项
2026-08-28 18:14:15,303 - E:\STangWork\PythonProjects\skp_parser\main.py - WARNING - 分类校验[附件6：池州市2025年重点储备项目清单.xlsx] 市直: 标题声明 49 项,解析 0 项
2026-08-28 18:14:15,303 - E:\STangWork\PythonProjects\skp_parser\main.py - WARNING - 分类校验[附件6：池州市2025年重点储备项目清单.xlsx] 池州市升金湖泵站工程 水利 池州市 贵池区: 标题声明 12 项,解析 0 项
2026-08-28 18:14:15,303 - E:\STangWork\PythonProjects\skp_parser\main.py - WARNING - 分类校验[附件6：池州市2025年重点储备项目清单.xlsx] 棠溪薛家湾抽水蓄能电站 能源 棠溪镇 中国电力建设集团 该电站为日调节纯抽水蓄能电站: 标题声明 105 项,解析 0 项
2026-08-28 18:14:15,303 - E:\STangWork\PythonProjects\skp_parser\main.py - WARNING - 分类校验[附件6：池州市2025年重点储备项目清单.xlsx] 江南集中区: 标题声明 18 项,解析 0 项
2026-08-28 18:14:15,303 - E:\STangWork\PythonProjects\skp_parser\main.py - WARNING - 分类校验[附件6：池州市2025年重点储备项目清单.xlsx] 平天湖: 标题声明 4 项,解析 0 项
2026-08-28 18:14:28,272 - <stdin> - INFO - [ok] 附件6：池州市2025年重点储备项目清单.xlsx | 777 | 
2026-08-28 18:14:29,040 - E:\STangWork\PythonProjects\skp_parser\main.py - WARNING - 分类校验[芜重建财〔2025〕24号附件—2025年市政府投资计划分解表.xlsx] 续建及新开工项目: 标题声明 25 项,解析 2 项
2026-08-28 18:14:29,040 - E:\STangWork\PythonProjects\skp_parser\main.py - WARNING - 分类校验[芜重建财〔2025〕24号附件—2025年市政府投资计划分解表.xlsx] 后备项目: 标题声明 28 项,解析 0 项
2026-08-28 18:14:29,042 - E:\STangWork\PythonProjects\skp_parser\main.py - WARNING - 通知信息解析失败 芜重建财〔2025〕24号附件—2025年市政府投资计划分解表.xlsx: No /Root object! - Is this really a PDF?
2026-08-28 18:14:30,199 - <stdin> - INFO - [ok] 芜重建财〔2025〕24号附件—2025年市政府投资计划分解表.xlsx | 2 | 
2026-08-28 18:14:30,931 - <stdin> - INFO - [ok] 附件：2025年第二批市重点项目名单（简版).xlsx | 33 | 
2026-08-28 18:14:33,676 - <stdin> - INFO - [ok] 2025年甘肃省省列重大建设项目名单.xlsx | 326 | 
2026-08-28 18:14:34,615 - <stdin> - INFO - [ok] 潮州市2025年重点建设项目计划表.xlsx | 210 | 
2026-08-28 18:14:38,176 - <stdin> - INFO - [ok] 六盘水市2025年重大工程和重点项目清单.xlsx | 442 | 
2026-08-28 18:14:39,051 - <stdin> - INFO - [ok] 兴仁市2025年省级重大工程和重点项目.xlsx | 34 | 
2026-08-28 18:14:43,317 - <stdin> - INFO - [ok] 附件：安顺市2025年重大工程和重点项目名单.xlsx | 652 | 
2026-08-28 18:14:46,012 - <stdin> - INFO - [ok] 遵义市2025年重大工程和重点项目名单.xlsx | 446 | 
2026-08-28 18:14:46,291 - E:\STangWork\PythonProjects\skp_parser\parser\xlsx_parser.py - WARNING - E:\STangWork\STangFiles\各省重点项目：2020年起\2025年重点项目\14贵州省2025年重点项目清单\附件：贵州省2025年第一批向社会资本推介项目三张清单.xlsx[Sheet2]: 前 20 行未找到表头,跳过
2026-08-28 18:14:46,294 - E:\STangWork\PythonProjects\skp_parser\main.py - WARNING - 分类校验[附件：贵州省2025年第一批向社会资本推介项目三张清单.xlsx] 重大工程和补短板项目清单: 标题声明 213 项,解析 0 项
2026-08-28 18:14:46,381 - E:\STangWork\PythonProjects\skp_parser\main.py - WARNING - 分类校验[附件：贵州省2025年第一批向社会资本推介项目三张清单.xlsx] 重点产业链供应链项目清单: 标题声明 171 项,解析 0 项
2026-08-28 18:14:46,381 - E:\STangWork\PythonProjects\skp_parser\main.py - WARNING - 分类校验[附件：贵州省2025年第一批向社会资本推介项目三张清单.xlsx] 黔能源审（: 标题声明 171 项,解析 0 项
2026-08-28 18:14:46,381 - E:\STangWork\PythonProjects\skp_parser\main.py - WARNING - 分类校验[附件：贵州省2025年第一批向社会资本推介项目三张清单.xlsx] 雷山县苗岭西江山泉水工程项目 黔东南州 雷山县 （: 标题声明 171 项,解析 0 项
2026-08-28 18:14:46,381 - E:\STangWork\PythonProjects\skp_parser\main.py - WARNING - 分类校验[附件：贵州省2025年第一批向社会资本推介项目三张清单.xlsx] 特许经营项目清单: 标题声明 17 项,解析 0 项
2026-08-28 18:14:53,332 - <stdin> - INFO - [ok] 附件：贵州省2025年第一批向社会资本推介项目三张清单.xlsx | 391 | 
2026-08-28 18:14:58,300 - <stdin> - INFO - [ok] 1.海南省2025年重大项目投资计划表（正式项目）.xlsx | 577 | 
2026-08-28 18:14:59,043 - <stdin> - INFO - [ok] 2.海南省2025年重大项目投资计划表（预备项目）.xlsx | 146 | 
2026-08-28 18:15:44,108 - <stdin> - INFO - [ok] 衡水市2025年市重点建设项目名单.xlsx | 190 | 
2026-08-28 18:15:50,928 - <stdin> - INFO - [ok] 商丘市2025年市级重点项目建设基本情况汇总表.xlsx | 415 | 
2026-08-28 18:15:52,754 - <stdin> - INFO - [ok] 咸宁市2025年省级重点项目清单.xlsx | 67 | 
2026-08-28 18:15:54,131 - <stdin> - INFO - [ok] 2025年省市级重点项目建设计划清单.xlsx | 186 | 
2026-08-28 18:16:06,965 - <stdin> - INFO - [ok] 湖北省2025年省级重点项目清单.xlsx | 1402 | 
2026-08-28 18:16:10,238 - <stdin> - INFO - [ok] 荆门市2025年重点项目清单.xlsx | 162 | 
2026-08-28 18:16:10,414 - E:\STangWork\PythonProjects\skp_parser\main.py - WARNING - 分类校验[附件1：襄阳市2025年省级重点项目建设计划.xlsx] 前期推进项目: 标题声明 22 项,解析 16 项
2026-08-28 18:16:10,414 - E:\STangWork\PythonProjects\skp_parser\main.py - WARNING - 分类校验[附件1：襄阳市2025年省级重点项目建设计划.xlsx] 前期推进项目-重大基础设施: 标题声明 9 项,解析 6 项
2026-08-28 18:16:10,414 - E:\STangWork\PythonProjects\skp_parser\main.py - WARNING - 分类校验[附件1：襄阳市2025年省级重点项目建设计划.xlsx] 汉江崔家营枢纽: 标题声明 9 项,解析 5 项
2026-08-28 18:16:13,018 - <stdin> - INFO - [ok] 附件1：襄阳市2025年省级重点项目建设计划.xlsx | 103 | 
2026-08-28 18:16:13,693 - <stdin> - INFO - [ok] 附件2：襄阳市2025年市级重点项目建设计划.xlsx | 80 | 
2026-08-28 18:16:22,132 - <stdin> - INFO - [ok] 2025年各省市重大项目汇总.xlsx | 1203 | 
2026-08-28 18:16:22,380 - E:\STangWork\PythonProjects\skp_parser\parser\xls_parser.py - WARNING - E:\STangWork\STangFiles\各省重点项目：2020年起\2025年重点项目\2025年各省重点重大项目清单（截止2025年10月31日）.xlsx[第一批（截止2025.01.24）]: 判定为各省汇总表干扰数据,已跳过并记录名单
2026-08-28 18:16:22,386 - E:\STangWork\PythonProjects\skp_parser\parser\xls_parser.py - WARNING - E:\STangWork\STangFiles\各省重点项目：2020年起\2025年重点项目\2025年各省重点重大项目清单（截止2025年10月31日）.xlsx[第二批（截止2025.3.11）]: 判定为各省汇总表干扰数据,已跳过并记录名单
2026-08-28 18:16:22,388 - E:\STangWork\PythonProjects\skp_parser\parser\xls_parser.py - WARNING - E:\STangWork\STangFiles\各省重点项目：2020年起\2025年重点项目\2025年各省重点重大项目清单（截止2025年10月31日）.xlsx[第三批（截止2025.05.15） ]: 判定为各省汇总表干扰数据,已跳过并记录名单
2026-08-28 18:16:22,394 - E:\STangWork\PythonProjects\skp_parser\parser\xls_parser.py - WARNING - E:\STangWork\STangFiles\各省重点项目：2020年起\2025年重点项目\2025年各省重点重大项目清单（截止2025年10月31日）.xlsx[第四批（截止2025.07.23）]: 判定为各省汇总表干扰数据,已跳过并记录名单
2026-08-28 18:16:22,394 - E:\STangWork\PythonProjects\skp_parser\parser\xls_parser.py - WARNING - E:\STangWork\STangFiles\各省重点项目：2020年起\2025年重点项目\2025年各省重点重大项目清单（截止2025年10月31日）.xlsx[第五批（截止2025.12.31） ]: 判定为各省汇总表干扰数据,已跳过并记录名单
2026-08-28 18:16:22,396 - E:\STangWork\PythonProjects\skp_parser\parser\xls_parser.py - WARNING - E:\STangWork\STangFiles\各省重点项目：2020年起\2025年重点项目\2025年各省重点重大项目清单（截止2025年10月31日）.xlsx[地级市]: 判定为各省汇总表干扰数据,已跳过并记录名单
2026-08-28 18:16:22,398 - E:\STangWork\PythonProjects\skp_parser\parser\xls_parser.py - WARNING - E:\STangWork\STangFiles\各省重点项目：2020年起\2025年重点项目\2025年各省重点重大项目清单（截止2025年10月31日）.xlsx[第四批（截止2024.11.28）]: 判定为各省汇总表干扰数据,已跳过并记录名单
2026-08-28 18:16:41,472 - <stdin> - INFO - [ok] 2025年各省重点重大项目清单（截止2025年10月31日）.xlsx | 2316 | 
2026-08-28 18:16:41,991 - E:\STangWork\PythonProjects\skp_parser\main.py - WARNING - 分类校验[张家界市人民政府办公室关于印发《张家界市2025年重点建设项目投资计划》的通知.xlsx] 实施项目: 标题声明 286 项,解析 0 项
2026-08-28 18:16:41,991 - E:\STangWork\PythonProjects\skp_parser\main.py - WARNING - 分类校验[张家界市人民政府办公室关于印发《张家界市2025年重点建设项目投资计划》的通知.xlsx] 基础设施建设: 标题声明 82 项,解析 33 项
2026-08-28 18:16:41,992 - E:\STangWork\PythonProjects\skp_parser\main.py - WARNING - 分类校验[张家界市人民政府办公室关于印发《张家界市2025年重点建设项目投资计划》的通知.xlsx] 永定区: 标题声明 83 项,解析 60 项
2026-08-28 18:16:41,992 - E:\STangWork\PythonProjects\skp_parser\main.py - WARNING - 分类校验[张家界市人民政府办公室关于印发《张家界市2025年重点建设项目投资计划》的通知.xlsx] 宏岗水库新建工程: 标题声明 15 项,解析 10 项
2026-08-28 18:16:41,992 - E:\STangWork\PythonProjects\skp_parser\main.py - WARNING - 分类校验[张家界市人民政府办公室关于印发《张家界市2025年重点建设项目投资计划》的通知.xlsx] 武陵源区: 标题声明 38 项,解析 39 项
2026-08-28 18:16:41,992 - E:\STangWork\PythonProjects\skp_parser\main.py - WARNING - 分类校验[张家界市人民政府办公室关于印发《张家界市2025年重点建设项目投资计划》的通知.xlsx] 慈利县: 标题声明 48 项,解析 49 项
2026-08-28 18:16:41,992 - E:\STangWork\PythonProjects\skp_parser\main.py - WARNING - 分类校验[张家界市人民政府办公室关于印发《张家界市2025年重点建设项目投资计划》的通知.xlsx] 桑植县: 标题声明 57 项,解析 43 项
2026-08-28 18:16:41,992 - E:\STangWork\PythonProjects\skp_parser\main.py - WARNING - 分类校验[张家界市人民政府办公室关于印发《张家界市2025年重点建设项目投资计划》的通知.xlsx] 产业发展项目: 标题声明 119 项,解析 27 项
2026-08-28 18:16:41,992 - E:\STangWork\PythonProjects\skp_parser\main.py - WARNING - 分类校验[张家界市人民政府办公室关于印发《张家界市2025年重点建设项目投资计划》的通知.xlsx] 区县: 标题声明 119 项,解析 0 项
2026-08-28 18:16:41,992 - E:\STangWork\PythonProjects\skp_parser\main.py - WARNING - 分类校验[张家界市人民政府办公室关于印发《张家界市2025年重点建设项目投资计划》的通知.xlsx] 房地产项目: 标题声明 20 项,解析 6 项
2026-08-28 18:16:41,992 - E:\STangWork\PythonProjects\skp_parser\main.py - WARNING - 分类校验[张家界市人民政府办公室关于印发《张家界市2025年重点建设项目投资计划》的通知.xlsx] 社会民生项目: 标题声明 57 项,解析 14 项
2026-08-28 18:16:41,992 - E:\STangWork\PythonProjects\skp_parser\main.py - WARNING - 分类校验[张家界市人民政府办公室关于印发《张家界市2025年重点建设项目投资计划》的通知.xlsx] 数字化项目: 标题声明 4 项,解析 1 项
2026-08-28 18:16:41,992 - E:\STangWork\PythonProjects\skp_parser\main.py - WARNING - 分类校验[张家界市人民政府办公室关于印发《张家界市2025年重点建设项目投资计划》的通知.xlsx] 生态环保项目: 标题声明 15 项,解析 3 项
2026-08-28 18:16:41,992 - E:\STangWork\PythonProjects\skp_parser\main.py - WARNING - 分类校验[张家界市人民政府办公室关于印发《张家界市2025年重点建设项目投资计划》的通知.xlsx] 前期项目准备: 标题声明 40 项,解析 0 项
2026-08-28 18:16:41,992 - E:\STangWork\PythonProjects\skp_parser\main.py - WARNING - 分类校验[张家界市人民政府办公室关于印发《张家界市2025年重点建设项目投资计划》的通知.xlsx] 凉水口水库: 标题声明 6 项,解析 5 项
2026-08-28 18:16:41,996 - E:\STangWork\PythonProjects\skp_parser\main.py - WARNING - 通知信息解析失败 张家界市人民政府办公室关于印发《张家界市2025年重点建设项目投资计划》的通知.xlsx: No /Root object! - Is this really a PDF?
2026-08-28 18:16:47,580 - <stdin> - INFO - [ok] 张家界市人民政府办公室关于印发《张家界市2025年重点建设项目投资计划》的通知.xlsx | 325 | 
2026-08-28 18:17:01,419 - E:\STangWork\PythonProjects\skp_parser\parser\xlsx_parser.py - WARNING - E:\STangWork\STangFiles\各省重点项目：2020年起\2025年重点项目\20湖南省2025年重点项目清单\湘潭市2025年\2025年湘潭市重点建设项目名单.xlsx[Sheet2]: 前 20 行未找到表头,跳过
2026-08-28 18:17:04,718 - <stdin> - INFO - [ok] 2025年湘潭市重点建设项目名单.xlsx | 567 | 
2026-08-28 18:17:12,641 - <stdin> - INFO - [ok] 2025年吉林省重点项目清单.xlsx | 1090 | 
2026-08-28 18:17:12,939 - E:\STangWork\PythonProjects\skp_parser\main.py - WARNING - 分类校验[2025年南通市首批市重大项目清单.xlsx] 第一部分 实施项目: 标题声明 201 项,解析 0 项
2026-08-28 18:17:12,939 - E:\STangWork\PythonProjects\skp_parser\main.py - WARNING - 分类校验[2025年南通市首批市重大项目清单.xlsx] 第二部分 储备项目: 标题声明 22 项,解析 0 项
2026-08-28 18:17:16,351 - <stdin> - INFO - [ok] 2025年南通市首批市重大项目清单.xlsx | 223 | 
2026-08-28 18:17:20,589 - <stdin> - INFO - [ok] 宜兴市级2025年重大产业项目清单.xlsx | 205 | 
2026-08-28 18:17:25,156 - <stdin> - INFO - [ok] 扬州市2025年市级重大项目清单.xlsx | 603 | 
2026-08-28 18:17:25,274 - E:\STangWork\PythonProjects\skp_parser\main.py - WARNING - 分类校验[2025年江苏省重大项目清单-泰州市年度重大项目名单.xlsx] 实施项目: 标题声明 31 项,解析 0 项
2026-08-28 18:17:25,895 - <stdin> - INFO - [ok] 2025年江苏省重大项目清单-泰州市年度重大项目名单.xlsx | 33 | 
2026-08-28 18:17:29,706 - <stdin> - INFO - [ok] 2025年镇江市重大项目清单.xlsx | 359 | 
2026-08-28 18:17:38,617 - <stdin> - INFO - [ok] 附件1：2025年南昌市重大重点项目计划总表(1).xlsx | 1087 | 
2026-08-28 18:17:40,008 - <stdin> - INFO - [ok] 附件2：2025年南昌市重点推进项目计划表(1).xlsx | 100 | 
2026-08-28 18:17:40,837 - <stdin> - INFO - [ok] 宜春市数字经济重点项目清单（第四批）.xlsx | 9 | 
2026-08-28 18:17:41,676 - <stdin> - INFO - [ok] 济宁市交通运输局2025年重大建设项目清单.xlsx | 8 | 
2026-08-28 18:17:41,893 - E:\STangWork\PythonProjects\skp_parser\main.py - WARNING - 分类校验[2025年四川省重点项目名单.xlsx] 基础设施项目: 标题声明 280 项,解析 26 项
2026-08-28 18:17:41,893 - E:\STangWork\PythonProjects\skp_parser\main.py - WARNING - 分类校验[2025年四川省重点项目名单.xlsx] 基础设施项目-交通基础设施: 标题声明 97 项,解析 0 项
2026-08-28 18:17:41,893 - E:\STangWork\PythonProjects\skp_parser\main.py - WARNING - 分类校验[2025年四川省重点项目名单.xlsx] Ⅲ 高速公路: 标题声明 28 项,解析 43 项
2026-08-28 18:17:41,893 - E:\STangWork\PythonProjects\skp_parser\main.py - WARNING - 分类校验[2025年四川省重点项目名单.xlsx] Ⅴ 港口、码头、航运及航电枢纽: 标题声明 6 项,解析 22 项
2026-08-28 18:17:41,893 - E:\STangWork\PythonProjects\skp_parser\main.py - WARNING - 分类校验[2025年四川省重点项目名单.xlsx] Ⅴ 港口、码头、航运及航电枢纽-水利基础设施: 标题声明 8 项,解析 7 项
2026-08-28 18:17:41,894 - E:\STangWork\PythonProjects\skp_parser\main.py - WARNING - 分类校验[2025年四川省重点项目名单.xlsx] 中型水利工程: 标题声明 17 项,解析 147 项
2026-08-28 18:17:41,894 - E:\STangWork\PythonProjects\skp_parser\main.py - WARNING - 分类校验[2025年四川省重点项目名单.xlsx] 产业项目: 标题声明 445 项,解析 350 项
2026-08-28 18:17:41,894 - E:\STangWork\PythonProjects\skp_parser\main.py - WARNING - 分类校验[2025年四川省重点项目名单.xlsx] 产业项目-能源产业: 标题声明 67 项,解析 0 项
2026-08-28 18:17:41,894 - E:\STangWork\PythonProjects\skp_parser\main.py - WARNING - 分类校验[2025年四川省重点项目名单.xlsx] Ⅳ 其他: 标题声明 12 项,解析 40 项
2026-08-28 18:17:41,894 - E:\STangWork\PythonProjects\skp_parser\main.py - WARNING - 分类校验[2025年四川省重点项目名单.xlsx] Ⅳ 港口、码头、航运及航电枢纽: 标题声明 1 项,解析 10 项
2026-08-28 18:17:41,894 - E:\STangWork\PythonProjects\skp_parser\main.py - WARNING - 分类校验[2025年四川省重点项目名单.xlsx] Ⅳ 港口、码头、航运及航电枢纽-水利基础设施: 标题声明 3 项,解析 2 项
2026-08-28 18:17:50,171 - <stdin> - INFO - [ok] 2025年四川省重点项目名单.xlsx | 840 | 
2026-08-28 18:17:50,441 - E:\STangWork\PythonProjects\skp_parser\main.py - WARNING - 分类校验[2025年凉山州重点项目建议清单（新开工）.xlsx] 产业项目-工业: 标题声明 26 项,解析 0 项
2026-08-28 18:17:51,571 - <stdin> - INFO - [ok] 2025年凉山州重点项目建议清单（新开工）.xlsx | 141 | 
2026-08-28 18:17:51,658 - E:\STangWork\PythonProjects\skp_parser\main.py - WARNING - 分类校验[2025年凉山州重点项目建议清单（续建）.xlsx] 产业项目-工业: 标题声明 28 项,解析 0 项
2026-08-28 18:17:53,163 - <stdin> - INFO - [ok] 2025年凉山州重点项目建议清单（续建）.xlsx | 159 | 
2026-08-28 18:17:53,864 - <stdin> - INFO - [ok] 2025年德阳市重点项目名单（新开工）.xlsx | 209 | 
2026-08-28 18:17:56,100 - <stdin> - INFO - [ok] 2025年德阳市重点项目名单（续建）.xlsx | 277 | 
2026-08-28 18:17:56,395 - E:\STangWork\PythonProjects\skp_parser\parser\xlsx_parser.py - WARNING - E:\STangWork\STangFiles\各省重点项目：2020年起\2025年重点项目\29四川省2025年重点项目清单\泸州市2025年\泸州市2025年重点项目表.xlsx[封面 ]: 前 20 行未找到表头,跳过
2026-08-28 18:17:56,400 - E:\STangWork\PythonProjects\skp_parser\parser\xlsx_parser.py - WARNING - E:\STangWork\STangFiles\各省重点项目：2020年起\2025年重点项目\29四川省2025年重点项目清单\泸州市2025年\泸州市2025年重点项目表.xlsx[描述]: 前 20 行未找到表头,跳过
2026-08-28 18:18:00,701 - <stdin> - INFO - [ok] 泸州市2025年重点项目表.xlsx | 464 | 
2026-08-28 18:18:04,266 - <stdin> - INFO - [ok] 2025年甘孜州重点项目名单.xlsx | 399 | 
2026-08-28 18:33:38,122 - E:\STangWork\PythonProjects\skp_parser\main.py - WARNING - 分类校验[绵府办函〔2025〕13号—绵阳市2025年城建工程项目名单.xlsx] 园林绿化项目 涪城区 科技城新区（涪城区属）配套设施北部生态公园项目 涪城区: 标题声明 300 项,解析 5 项
2026-08-28 18:33:38,122 - E:\STangWork\PythonProjects\skp_parser\main.py - WARNING - 分类校验[绵府办函〔2025〕13号—绵阳市2025年城建工程项目名单.xlsx] 各县（市） 项目: 标题声明 300 项,解析 6 项
2026-08-28 18:33:38,129 - E:\STangWork\PythonProjects\skp_parser\main.py - WARNING - 通知信息解析失败 绵府办函〔2025〕13号—绵阳市2025年城建工程项目名单.xlsx: No /Root object! - Is this really a PDF?
2026-08-28 18:33:40,569 - <stdin> - INFO - [ok] 绵府办函〔2025〕13号—绵阳市2025年城建工程项目名单.xlsx | 396 | 
2026-08-28 18:33:40,911 - <stdin> - INFO - [ok] 资阳市2025年市重点项目清单.xlsx | 196 | 
2026-08-28 18:33:41,354 - <stdin> - INFO - [ok] 2025年达州市重大项目计划.xlsx | 200 | 
2026-08-28 18:33:42,047 - <stdin> - INFO - [ok] 2025年雅安市重点项目名单.xlsx | 368 | 
2026-08-28 18:33:42,814 - <stdin> - INFO - [ok] 附件2：丽水市2025年市本级政府投资数字化项目计划表.xlsx | 66 | 
2026-08-28 18:33:45,329 - E:\STangWork\PythonProjects\skp_parser\main.py - WARNING - 通知信息解析失败 关于印发《浙江省扩大有效投资“千项万亿”工程2025年实施计划第一批重大项目》的通知.xlsx: No /Root object! - Is this really a PDF?
2026-08-28 18:33:49,558 - <stdin> - INFO - [ok] 关于印发《浙江省扩大有效投资“千项万亿”工程2025年实施计划第一批重大项目》的通知.xlsx | 1505 | 
2026-08-28 18:33:52,011 - <stdin> - INFO - [ok] 2026年上海市重大工程项目清单.xlsx | 201 | 
2026-08-28 18:33:54,382 - <stdin> - INFO - [ok] 2026年滨海新区市级重点建设、储备项目清单.xlsx | 337 | 
2026-08-28 18:33:54,980 - <stdin> - INFO - [ok] 2026年静海区区级重点项目清单.xlsx | 56 | 
2026-08-28 18:33:55,087 - E:\STangWork\PythonProjects\skp_parser\main.py - WARNING - 分类校验[万盛2026年重点项目清单.xlsx] 基础设施项目: 标题声明 14 项,解析 4 项
2026-08-28 18:33:55,087 - E:\STangWork\PythonProjects\skp_parser\main.py - WARNING - 分类校验[万盛2026年重点项目清单.xlsx] 万盛城区供水管网漏损治理改造项目 张  林 城市管理局 城市管理局 国有: 标题声明 14 项,解析 9 项
2026-08-28 18:33:55,298 - <stdin> - INFO - [ok] 万盛2026年重点项目清单.xlsx | 55 | 
2026-08-28 18:33:57,144 - <stdin> - INFO - [ok] 2026年九龙坡区区级重点项目清单.xlsx | 191 | 
2026-08-28 18:33:57,564 - E:\STangWork\PythonProjects\skp_parser\main.py - WARNING - 分类校验[云阳县2026年重点建设项目清单.xlsx] 人居环境卓越城市: 标题声明 94 项,解析 31 项
2026-08-28 18:33:57,564 - E:\STangWork\PythonProjects\skp_parser\main.py - WARNING - 分类校验[云阳县2026年重点建设项目清单.xlsx] 云阳县红狮、云阳、龙洞、双江片区城乡供水一体化工程 本工程主要建设内容为：（: 标题声明 94 项,解析 0 项
2026-08-28 18:33:57,564 - E:\STangWork\PythonProjects\skp_parser\main.py - WARNING - 分类校验[云阳县2026年重点建设项目清单.xlsx] 云阳县三湾水库工程 建设小（: 标题声明 94 项,解析 40 项
2026-08-28 18:33:57,564 - E:\STangWork\PythonProjects\skp_parser\main.py - WARNING - 分类校验[云阳县2026年重点建设项目清单.xlsx] 云阳县耀灵水库工程 建设小（: 标题声明 94 项,解析 20 项
2026-08-28 18:33:58,878 - <stdin> - INFO - [ok] 云阳县2026年重点建设项目清单.xlsx | 156 | 
2026-08-28 18:34:00,061 - <stdin> - INFO - [ok] 重庆市垫江县2026年重点前期项目清单.xlsx | 130 | 
2026-08-28 18:34:00,585 - <stdin> - INFO - [ok] 重庆市垫江县2026年重点建设项目清单.xlsx | 217 | 
2026-08-28 18:34:00,651 - E:\STangWork\PythonProjects\skp_parser\main.py - WARNING - 分类校验[城口县2026年重点项目投资计划表.xlsx] 城口县体育中心建设项目 葛城街道: 标题声明 1 项,解析 32 项
2026-08-28 18:34:01,628 - <stdin> - INFO - [ok] 城口县2026年重点项目投资计划表.xlsx | 129 | 
2026-08-28 18:34:01,966 - E:\STangWork\PythonProjects\skp_parser\main.py - WARNING - 分类校验[奉节府办发〔2026〕13号附件1-3：2026年续建、新建及重大前期项目建设计划0403.xlsx] 县发展改革委: 标题声明 15 项,解析 24 项
2026-08-28 18:34:01,966 - E:\STangWork\PythonProjects\skp_parser\main.py - WARNING - 分类校验[奉节府办发〔2026〕13号附件1-3：2026年续建、新建及重大前期项目建设计划0403.xlsx] 县教委: 标题声明 7 项,解析 10 项
2026-08-28 18:34:01,966 - E:\STangWork\PythonProjects\skp_parser\main.py - WARNING - 分类校验[奉节府办发〔2026〕13号附件1-3：2026年续建、新建及重大前期项目建设计划0403.xlsx] 县住房城乡建委: 标题声明 48 项,解析 22 项
2026-08-28 18:34:01,966 - E:\STangWork\PythonProjects\skp_parser\main.py - WARNING - 分类校验[奉节府办发〔2026〕13号附件1-3：2026年续建、新建及重大前期项目建设计划0403.xlsx] 县交通运输委: 标题声明 29 项,解析 40 项
2026-08-28 18:34:01,966 - E:\STangWork\PythonProjects\skp_parser\main.py - WARNING - 分类校验[奉节府办发〔2026〕13号附件1-3：2026年续建、新建及重大前期项目建设计划0403.xlsx] 县水利局: 标题声明 31 项,解析 17 项
2026-08-28 18:34:01,966 - E:\STangWork\PythonProjects\skp_parser\main.py - WARNING - 分类校验[奉节府办发〔2026〕13号附件1-3：2026年续建、新建及重大前期项目建设计划0403.xlsx] 招峰水库 县水电公司 鹤峰乡: 标题声明 8 项,解析 7 项
2026-08-28 18:34:01,966 - E:\STangWork\PythonProjects\skp_parser\main.py - WARNING - 分类校验[奉节府办发〔2026〕13号附件1-3：2026年续建、新建及重大前期项目建设计划0403.xlsx] 县文化旅游委: 标题声明 6 项,解析 10 项
2026-08-28 18:34:01,967 - E:\STangWork\PythonProjects\skp_parser\main.py - WARNING - 分类校验[奉节府办发〔2026〕13号附件1-3：2026年续建、新建及重大前期项目建设计划0403.xlsx] 县科技局: 标题声明 1 项,解析 2 项
2026-08-28 18:34:01,967 - E:\STangWork\PythonProjects\skp_parser\main.py - WARNING - 分类校验[奉节府办发〔2026〕13号附件1-3：2026年续建、新建及重大前期项目建设计划0403.xlsx] 县公安局: 标题声明 1 项,解析 2 项
2026-08-28 18:34:01,967 - E:\STangWork\PythonProjects\skp_parser\main.py - WARNING - 分类校验[奉节府办发〔2026〕13号附件1-3：2026年续建、新建及重大前期项目建设计划0403.xlsx] 奉节县清水老旧小区改造项目 县住房保障中心 县城内: 标题声明 4 项,解析 1 项
2026-08-28 18:34:01,967 - E:\STangWork\PythonProjects\skp_parser\main.py - WARNING - 分类校验[奉节府办发〔2026〕13号附件1-3：2026年续建、新建及重大前期项目建设计划0403.xlsx] 奉节县金凤路片区老旧小区改造配套基础设施建设项目 县住房保障中心 兴隆镇 重大前期 政府 （: 标题声明 24 项,解析 0 项
2026-08-28 18:34:01,967 - E:\STangWork\PythonProjects\skp_parser\main.py - WARNING - 分类校验[奉节府办发〔2026〕13号附件1-3：2026年续建、新建及重大前期项目建设计划0403.xlsx] 奉节县老城片区老旧小区配套基础设施改造项目 县住房保障中心 县城内 重大前期 政府 （: 标题声明 24 项,解析 0 项
2026-08-28 18:34:01,967 - E:\STangWork\PythonProjects\skp_parser\main.py - WARNING - 分类校验[奉节府办发〔2026〕13号附件1-3：2026年续建、新建及重大前期项目建设计划0403.xlsx] 奉节县三角坝片区老旧小区改造配套基础设施建设项目 县住房保障中心 兴隆镇 重大前期 政府 （: 标题声明 24 项,解析 0 项
2026-08-28 18:34:01,967 - E:\STangWork\PythonProjects\skp_parser\main.py - WARNING - 分类校验[奉节府办发〔2026〕13号附件1-3：2026年续建、新建及重大前期项目建设计划0403.xlsx] 奉节县龙船街片区老旧小区配套设施改造
项目 县住房保障中心 县城内 重大前期 政府 （: 标题声明 24 项,解析 0 项
2026-08-28 18:34:01,967 - E:\STangWork\PythonProjects\skp_parser\main.py - WARNING - 分类校验[奉节府办发〔2026〕13号附件1-3：2026年续建、新建及重大前期项目建设计划0403.xlsx] 奉节县诗城二路片区老旧小区配套设施改造项目 县住房保障中心 县城内 重大前期 政府 （: 标题声明 24 项,解析 0 项
2026-08-28 18:34:01,967 - E:\STangWork\PythonProjects\skp_parser\main.py - WARNING - 分类校验[奉节府办发〔2026〕13号附件1-3：2026年续建、新建及重大前期项目建设计划0403.xlsx] 奉节县水井湾片区老旧小区配套设施改造
项目 县住房保障中心 县城内 重大前期 政府 （: 标题声明 24 项,解析 0 项
2026-08-28 18:34:01,967 - E:\STangWork\PythonProjects\skp_parser\main.py - WARNING - 分类校验[奉节府办发〔2026〕13号附件1-3：2026年续建、新建及重大前期项目建设计划0403.xlsx] 奉节县夔门街道诗城东路连片老旧小区配套设施改造项目 县住房保障中心 县城内 重大前期 政府 （: 标题声明 24 项,解析 0 项
2026-08-28 18:34:01,967 - E:\STangWork\PythonProjects\skp_parser\main.py - WARNING - 分类校验[奉节府办发〔2026〕13号附件1-3：2026年续建、新建及重大前期项目建设计划0403.xlsx] 奉节县夔门街道三国苑片区老旧小区配套设施改造项目 县住房保障中心 县城内 重大前期 政府 （: 标题声明 24 项,解析 0 项
2026-08-28 18:34:01,967 - E:\STangWork\PythonProjects\skp_parser\main.py - WARNING - 分类校验[奉节府办发〔2026〕13号附件1-3：2026年续建、新建及重大前期项目建设计划0403.xlsx] 奉节县夔州西路连片老旧小区改造及基础设施提升项目 县住房保障中心 县城内 重大前期 政府 （: 标题声明 24 项,解析 0 项
2026-08-28 18:34:01,967 - E:\STangWork\PythonProjects\skp_parser\main.py - WARNING - 分类校验[奉节府办发〔2026〕13号附件1-3：2026年续建、新建及重大前期项目建设计划0403.xlsx] 奉节县人和街片区老旧小区配套设施改造
项目 县住房保障中心 县城内 重大前期 政府 （: 标题声明 24 项,解析 0 项
2026-08-28 18:34:01,968 - E:\STangWork\PythonProjects\skp_parser\main.py - WARNING - 分类校验[奉节府办发〔2026〕13号附件1-3：2026年续建、新建及重大前期项目建设计划0403.xlsx] 奉节县山谷街片区老旧小区配套设施改造
项目 县住房保障中心 县城内 重大前期 政府 （: 标题声明 24 项,解析 0 项
2026-08-28 18:34:01,968 - E:\STangWork\PythonProjects\skp_parser\main.py - WARNING - 分类校验[奉节府办发〔2026〕13号附件1-3：2026年续建、新建及重大前期项目建设计划0403.xlsx] 奉节县朝阳片区老旧小区改造及基础设施
建设项目 县住房保障中心 县城内 重大前期 政府 （: 标题声明 24 项,解析 0 项
2026-08-28 18:34:01,968 - E:\STangWork\PythonProjects\skp_parser\main.py - WARNING - 分类校验[奉节府办发〔2026〕13号附件1-3：2026年续建、新建及重大前期项目建设计划0403.xlsx] 奉节县滨江路连片老旧小区改造及基础设施提升项目 县住房保障中心 县城内 重大前期 政府 （: 标题声明 24 项,解析 0 项
2026-08-28 18:34:01,968 - E:\STangWork\PythonProjects\skp_parser\main.py - WARNING - 分类校验[奉节府办发〔2026〕13号附件1-3：2026年续建、新建及重大前期项目建设计划0403.xlsx] 奉节县新竹片区老旧小区改造及基础设施
提升项目 县住房保障中心 县城内 重大前期 政府 （: 标题声明 24 项,解析 0 项
2026-08-28 18:34:01,968 - E:\STangWork\PythonProjects\skp_parser\main.py - WARNING - 分类校验[奉节府办发〔2026〕13号附件1-3：2026年续建、新建及重大前期项目建设计划0403.xlsx] 奉节县郭家社区老旧小区改造配套基础设
施建设项目 县住房保障中心 康乐镇 重大前期 政府 （: 标题声明 24 项,解析 8 项
2026-08-28 18:34:01,968 - E:\STangWork\PythonProjects\skp_parser\main.py - WARNING - 分类校验[奉节府办发〔2026〕13号附件1-3：2026年续建、新建及重大前期项目建设计划0403.xlsx] 道桥水库工程 县水电开发公司 青莲镇 重大前期 政府 新建: 标题声明 9 项,解析 1 项
2026-08-28 18:34:01,968 - E:\STangWork\PythonProjects\skp_parser\main.py - WARNING - 分类校验[奉节府办发〔2026〕13号附件1-3：2026年续建、新建及重大前期项目建设计划0403.xlsx] 佛贵水库工程 县生态产业集团 羊市镇 重大前期 政府 建设: 标题声明 9 项,解析 0 项
2026-08-28 18:34:01,968 - E:\STangWork\PythonProjects\skp_parser\main.py - WARNING - 分类校验[奉节府办发〔2026〕13号附件1-3：2026年续建、新建及重大前期项目建设计划0403.xlsx] 块田水库工程 县水电开发公司 红土乡 重大前期 政府 建设: 标题声明 9 项,解析 2 项
2026-08-28 18:34:01,972 - E:\STangWork\PythonProjects\skp_parser\main.py - WARNING - 通知信息解析失败 奉节府办发〔2026〕13号附件1-3：2026年续建、新建及重大前期项目建设计划0403.xlsx: No /Root object! - Is this really a PDF?
2026-08-28 18:34:02,686 - <stdin> - INFO - [ok] 奉节府办发〔2026〕13号附件1-3：2026年续建、新建及重大前期项目建设计划0403.xlsx | 224 | 
2026-08-28 18:34:02,828 - E:\STangWork\PythonProjects\skp_parser\parser\xlsx_parser.py - WARNING - E:\STangWork\STangFiles\各省重点项目：2020年起\2026年重点项目\04重庆市2026年重点项目清单\2026年奉节县\奉节府办发〔2026〕13号附件4-7：2026年四类“十大标志性项目”建设计划0403.xlsx[Sheet1]: 前 20 行未找到表头,跳过
2026-08-28 18:34:02,830 - E:\STangWork\PythonProjects\skp_parser\main.py - WARNING - 通知信息解析失败 奉节府办发〔2026〕13号附件4-7：2026年四类“十大标志性项目”建设计划0403.xlsx: No /Root object! - Is this really a PDF?
2026-08-28 18:34:03,702 - <stdin> - INFO - [ok] 奉节府办发〔2026〕13号附件4-7：2026年四类“十大标志性项目”建设计划0403.xlsx | 40 | 
2026-08-28 18:34:03,749 - E:\STangWork\PythonProjects\skp_parser\parser\xlsx_parser.py - WARNING - E:\STangWork\STangFiles\各省重点项目：2020年起\2026年重点项目\04重庆市2026年重点项目清单\2026年巴南区\巴南区2026年度区级重点建设项目清单.xlsx[Sheet2]: 前 20 行未找到表头,跳过
2026-08-28 18:34:03,750 - E:\STangWork\PythonProjects\skp_parser\parser\xlsx_parser.py - WARNING - E:\STangWork\STangFiles\各省重点项目：2020年起\2026年重点项目\04重庆市2026年重点项目清单\2026年巴南区\巴南区2026年度区级重点建设项目清单.xlsx[Sheet3]: 前 20 行未找到表头,跳过
2026-08-28 18:34:04,265 - <stdin> - INFO - [ok] 巴南区2026年度区级重点建设项目清单.xlsx | 144 | 
2026-08-28 18:34:06,589 - <stdin> - INFO - [ok] 开州区2026年“五个一批”重大项目清单.xlsx | 365 | 
2026-08-28 18:34:07,075 - E:\STangWork\PythonProjects\skp_parser\main.py - WARNING - 通知信息解析失败 忠府发〔2026〕4号 附件.xlsx: No /Root object! - Is this really a PDF?
2026-08-28 18:34:07,729 - <stdin> - INFO - [ok] 忠府发〔2026〕4号 附件.xlsx | 332 | 
2026-08-28 18:34:10,087 - <stdin> - INFO - [ok] 2026年区级重点项目清单.xlsx | 118 | 
2026-08-28 18:34:10,190 - <stdin> - INFO - [ok] 渝中区2026年重大建设项目清单.xlsx | 29 | 
2026-08-28 18:34:11,285 - E:\STangWork\PythonProjects\skp_parser\main.py - WARNING - 分类校验[石柱县2026年重点项目清单.xlsx] 国家现代农业产业园项目 （一）黄连产业链条提升重点项目: 标题声明 4 项,解析 0 项
2026-08-28 18:34:11,285 - E:\STangWork\PythonProjects\skp_parser\main.py - WARNING - 分类校验[石柱县2026年重点项目清单.xlsx] 石柱县六塘乡六塘等（: 标题声明 4 项,解析 0 项
2026-08-28 18:34:11,286 - E:\STangWork\PythonProjects\skp_parser\main.py - WARNING - 分类校验[石柱县2026年重点项目清单.xlsx] 石柱县桥头镇长沙村等（: 标题声明 4 项,解析 48 项
2026-08-28 18:34:12,024 - <stdin> - INFO - [ok] 石柱县2026年重点项目清单.xlsx | 97 | 
2026-08-28 18:34:12,358 - <stdin> - INFO - [ok] 秀山自治县2026年重点建设项目清单.xlsx | 15 | 
2026-08-28 18:34:13,001 - <stdin> - INFO - [ok] 重庆市綦江区2026年度重大项目计划表.xlsx | 176 | 
2026-08-28 18:34:13,409 - <stdin> - INFO - [ok] 《荣昌区2026年重点储备项目计划表》.xlsx | 44 | 
2026-08-28 18:34:14,121 - <stdin> - INFO - [ok] 《荣昌区2026年重点建设项目计划表》.xlsx | 143 | 
2026-08-28 18:34:14,793 - <stdin> - INFO - [ok] 酉阳县2026年县级重点项目清单.xlsx | 150 | 
2026-08-28 18:34:14,935 - E:\STangWork\PythonProjects\skp_parser\main.py - WARNING - 分类校验[附件1：铜梁区2026年重点建设项目名单（印发版).xlsx] 产业发展新阵地: 标题声明 64 项,解析 0 项
2026-08-28 18:34:14,936 - E:\STangWork\PythonProjects\skp_parser\main.py - WARNING - 分类校验[附件1：铜梁区2026年重点建设项目名单（印发版).xlsx] 产业发展新阵地-制造业: 标题声明 50 项,解析 0 项
2026-08-28 18:34:14,936 - E:\STangWork\PythonProjects\skp_parser\main.py - WARNING - 分类校验[附件1：铜梁区2026年重点建设项目名单（印发版).xlsx] 食品及农产品加工: 标题声明 3 项,解析 17 项
2026-08-28 18:34:14,936 - E:\STangWork\PythonProjects\skp_parser\main.py - WARNING - 分类校验[附件1：铜梁区2026年重点建设项目名单（印发版).xlsx] 创新开放新窗口-交通枢纽: 标题声明 2 项,解析 3 项
2026-08-28 18:34:14,936 - E:\STangWork\PythonProjects\skp_parser\main.py - WARNING - 分类校验[附件1：铜梁区2026年重点建设项目名单（印发版).xlsx] 城乡融合新模式: 标题声明 61 项,解析 0 项
2026-08-28 18:34:14,936 - E:\STangWork\PythonProjects\skp_parser\main.py - WARNING - 分类校验[附件1：铜梁区2026年重点建设项目名单（印发版).xlsx] 水安全: 标题声明 8 项,解析 14 项
2026-08-28 18:34:14,936 - E:\STangWork\PythonProjects\skp_parser\main.py - WARNING - 分类校验[附件1：铜梁区2026年重点建设项目名单（印发版).xlsx] 高效治理新实践-教育: 标题声明 8 项,解析 11 项
2026-08-28 18:34:14,938 - E:\STangWork\PythonProjects\skp_parser\main.py - WARNING - 通知信息解析失败 附件1：铜梁区2026年重点建设项目名单（印发版).xlsx: No /Root object! - Is this really a PDF?
2026-08-28 18:34:15,321 - <stdin> - INFO - [ok] 附件1：铜梁区2026年重点建设项目名单（印发版).xlsx | 158 | 
2026-08-28 18:34:23,452 - E:\STangWork\PythonProjects\skp_parser\parser\xlsx_parser.py - WARNING - E:\STangWork\STangFiles\各省重点项目：2020年起\2026年重点项目\04重庆市2026年重点项目清单\2026年长寿区\公开发布  长寿区2026年度重大项目计划.xlsx[Sheet2]: 前 20 行未找到表头,跳过
2026-08-28 18:34:24,826 - <stdin> - INFO - [ok] 公开发布  长寿区2026年度重大项目计划.xlsx | 287 | 
2026-08-28 18:34:30,057 - <stdin> - INFO - [ok] 附件.xlsx | 1636 | 
2026-08-28 18:34:33,224 - <stdin> - INFO - [ok] 山南市2026年重点项目建设计划.xlsx | 345 | 
2026-08-28 18:34:33,919 - <stdin> - INFO - [ok] 2026年第一批全区重点项目建设计划（新开工）.xlsx | 223 | 
2026-08-28 18:34:38,731 - E:\STangWork\PythonProjects\skp_parser\main.py - WARNING - 分类校验[附件：池州市2026年重点项目清单.xlsx] 贵池区: 标题声明 228 项,解析 0 项
2026-08-28 18:34:38,732 - E:\STangWork\PythonProjects\skp_parser\main.py - WARNING - 分类校验[附件：池州市2026年重点项目清单.xlsx] 续建: 标题声明 500 项,解析 0 项
2026-08-28 18:34:38,732 - E:\STangWork\PythonProjects\skp_parser\main.py - WARNING - 分类校验[附件：池州市2026年重点项目清单.xlsx] 计划开工: 标题声明 416 项,解析 0 项
2026-08-28 18:34:38,732 - E:\STangWork\PythonProjects\skp_parser\main.py - WARNING - 分类校验[附件：池州市2026年重点项目清单.xlsx] 东至县: 标题声明 216 项,解析 0 项
2026-08-28 18:34:38,732 - E:\STangWork\PythonProjects\skp_parser\main.py - WARNING - 分类校验[附件：池州市2026年重点项目清单.xlsx] 石台县: 标题声明 67 项,解析 0 项
2026-08-28 18:34:38,732 - E:\STangWork\PythonProjects\skp_parser\main.py - WARNING - 分类校验[附件：池州市2026年重点项目清单.xlsx] 青阳县: 标题声明 180 项,解析 0 项
2026-08-28 18:34:38,732 - E:\STangWork\PythonProjects\skp_parser\main.py - WARNING - 分类校验[附件：池州市2026年重点项目清单.xlsx] 集中区: 标题声明 56 项,解析 0 项
2026-08-28 18:34:38,732 - E:\STangWork\PythonProjects\skp_parser\main.py - WARNING - 分类校验[附件：池州市2026年重点项目清单.xlsx] 池州粤浦电子信息产业园项目 传统产业升级改造 江南集中区 江南集中区管委会: 标题声明 41 项,解析 0 项
2026-08-28 18:34:38,732 - E:\STangWork\PythonProjects\skp_parser\main.py - WARNING - 分类校验[附件：池州市2026年重点项目清单.xlsx] 华山: 标题声明 16 项,解析 0 项
2026-08-28 18:34:38,732 - E:\STangWork\PythonProjects\skp_parser\main.py - WARNING - 分类校验[附件：池州市2026年重点项目清单.xlsx] 开发区: 标题声明 75 项,解析 0 项
2026-08-28 18:34:38,732 - E:\STangWork\PythonProjects\skp_parser\main.py - WARNING - 分类校验[附件：池州市2026年重点项目清单.xlsx] 市直: 标题声明 50 项,解析 0 项
2026-08-28 18:34:38,732 - E:\STangWork\PythonProjects\skp_parser\main.py - WARNING - 分类校验[附件：池州市2026年重点项目清单.xlsx] 池州市升金湖泵站工程 水利 池州市 贵池区: 标题声明 12 项,解析 0 项
2026-08-28 18:34:38,732 - E:\STangWork\PythonProjects\skp_parser\main.py - WARNING - 分类校验[附件：池州市2026年重点项目清单.xlsx] 东至县新能源汽车充电桩基础设施建设项目 能源 东至县: 标题声明 64 项,解析 0 项
2026-08-28 18:34:38,732 - E:\STangWork\PythonProjects\skp_parser\main.py - WARNING - 分类校验[附件：池州市2026年重点项目清单.xlsx] 大渡口经开区污水处理厂及配套工程项目 生态环保 大渡口经开区 大渡口经开区: 标题声明 64 项,解析 0 项
2026-08-28 18:34:38,732 - E:\STangWork\PythonProjects\skp_parser\main.py - WARNING - 分类校验[附件：池州市2026年重点项目清单.xlsx] 青阳县山阡里水库建设工程 水利 青阳县: 标题声明 49 项,解析 0 项
2026-08-28 18:34:38,733 - E:\STangWork\PythonProjects\skp_parser\main.py - WARNING - 分类校验[附件：池州市2026年重点项目清单.xlsx] 江南集中区: 标题声明 66 项,解析 0 项
2026-08-28 18:34:38,733 - E:\STangWork\PythonProjects\skp_parser\main.py - WARNING - 分类校验[附件：池州市2026年重点项目清单.xlsx] 平天湖: 标题声明 16 项,解析 0 项
2026-08-28 18:34:38,733 - E:\STangWork\PythonProjects\skp_parser\main.py - WARNING - 分类校验[附件：池州市2026年重点项目清单.xlsx] 城东污水厂服务片区市政及源头地块污水管网改造一期项目 新型城镇化 贵池区: 标题声明 17 项,解析 0 项
2026-08-28 18:34:38,733 - E:\STangWork\PythonProjects\skp_parser\main.py - WARNING - 分类校验[附件：池州市2026年重点项目清单.xlsx] 天堂湖污水厂服务片区市政及源头地块污水管网改造一期项目 新型城镇化 贵池区: 标题声明 17 项,解析 0 项
2026-08-28 18:34:42,586 - <stdin> - INFO - [ok] 附件：池州市2026年重点项目清单.xlsx | 977 | 
2026-08-28 18:34:45,278 - <stdin> - INFO - [ok] 芜湖市重点处2026项目计划分解表.xlsx | 44 | 
2026-08-28 18:34:46,836 - E:\STangWork\PythonProjects\skp_parser\parser\xlsx_parser.py - WARNING - E:\STangWork\STangFiles\各省重点项目：2020年起\2026年重点项目\11福建省2026年重点项目清单\2026年宁德市\附件：2026年度宁德市重点项目名单（341个）.xlsx[Sheet2]: 前 20 行未找到表头,跳过
2026-08-28 18:34:46,838 - E:\STangWork\PythonProjects\skp_parser\parser\xlsx_parser.py - WARNING - E:\STangWork\STangFiles\各省重点项目：2020年起\2026年重点项目\11福建省2026年重点项目清单\2026年宁德市\附件：2026年度宁德市重点项目名单（341个）.xlsx[Sheet3]: 前 20 行未找到表头,跳过
2026-08-28 18:34:46,839 - E:\STangWork\PythonProjects\skp_parser\main.py - WARNING - 分类校验[附件：2026年度宁德市重点项目名单（341个）.xlsx] 年度宁德市重点项目名单: 标题声明 341 项,解析 0 项
2026-08-28 18:34:46,839 - E:\STangWork\PythonProjects\skp_parser\main.py - WARNING - 分类校验[附件：2026年度宁德市重点项目名单（341个）.xlsx] 工业: 标题声明 129 项,解析 30 项
2026-08-28 18:34:46,839 - E:\STangWork\PythonProjects\skp_parser\main.py - WARNING - 分类校验[附件：2026年度宁德市重点项目名单（341个）.xlsx] 能源: 标题声明 26 项,解析 20 项
2026-08-28 18:34:49,752 - <stdin> - INFO - [ok] 附件：2026年度宁德市重点项目名单（341个）.xlsx | 242 | 
2026-08-28 18:34:51,386 - <stdin> - INFO - [ok] 平潭综合实验区2026年重点项目建设计划.xlsx | 263 | 
2026-08-28 18:34:51,636 - E:\STangWork\PythonProjects\skp_parser\parser\xlsx_parser.py - WARNING - E:\STangWork\STangFiles\各省重点项目：2020年起\2026年重点项目\11福建省2026年重点项目清单\附件：2026年度省重点项目名单（1570个).xlsx[Sheet2]: 前 20 行未找到表头,跳过
2026-08-28 18:34:51,637 - E:\STangWork\PythonProjects\skp_parser\parser\xlsx_parser.py - WARNING - E:\STangWork\STangFiles\各省重点项目：2020年起\2026年重点项目\11福建省2026年重点项目清单\附件：2026年度省重点项目名单（1570个).xlsx[Sheet3]: 前 20 行未找到表头,跳过
2026-08-28 18:34:51,645 - E:\STangWork\PythonProjects\skp_parser\main.py - WARNING - 分类校验[附件：2026年度省重点项目名单（1570个).xlsx] 年度省重点项目名单: 标题声明 1570 项,解析 0 项
2026-08-28 18:34:51,646 - E:\STangWork\PythonProjects\skp_parser\main.py - WARNING - 分类校验[附件：2026年度省重点项目名单（1570个).xlsx] 先进制造业领域项目: 标题声明 852 项,解析 0 项
2026-08-28 18:34:51,646 - E:\STangWork\PythonProjects\skp_parser\main.py - WARNING - 分类校验[附件：2026年度省重点项目名单（1570个).xlsx] 先进制造业领域项目-制造业支柱产业: 标题声明 256 项,解析 0 项
2026-08-28 18:34:51,646 - E:\STangWork\PythonProjects\skp_parser\main.py - WARNING - 分类校验[附件：2026年度省重点项目名单（1570个).xlsx] 现代纺织鞋服产业-制造业特色优势产业: 标题声明 221 项,解析 0 项
2026-08-28 18:34:51,646 - E:\STangWork\PythonProjects\skp_parser\main.py - WARNING - 分类校验[附件：2026年度省重点项目名单（1570个).xlsx] 特色轻工产业-战略性新兴产业: 标题声明 177 项,解析 0 项
2026-08-28 18:34:51,646 - E:\STangWork\PythonProjects\skp_parser\main.py - WARNING - 分类校验[附件：2026年度省重点项目名单（1570个).xlsx] 现代化立体综合交通领域项目: 标题声明 119 项,解析 0 项
2026-08-28 18:34:51,646 - E:\STangWork\PythonProjects\skp_parser\main.py - WARNING - 分类校验[附件：2026年度省重点项目名单（1570个).xlsx] 现代化立体综合交通领域项目-轨道交通网: 标题声明 13 项,解析 0 项
2026-08-28 18:34:51,646 - E:\STangWork\PythonProjects\skp_parser\main.py - WARNING - 分类校验[附件：2026年度省重点项目名单（1570个).xlsx] 城市轨道-公路: 标题声明 70 项,解析 0 项
2026-08-28 18:34:51,646 - E:\STangWork\PythonProjects\skp_parser\main.py - WARNING - 分类校验[附件：2026年度省重点项目名单（1570个).xlsx] 低碳清洁能源领域项目: 标题声明 75 项,解析 0 项
2026-08-28 18:34:51,646 - E:\STangWork\PythonProjects\skp_parser\main.py - WARNING - 分类校验[附件：2026年度省重点项目名单（1570个).xlsx] 国网福建电力: 标题声明 4 项,解析 6 项
2026-08-28 18:34:51,646 - E:\STangWork\PythonProjects\skp_parser\main.py - WARNING - 分类校验[附件：2026年度省重点项目名单（1570个).xlsx] 安全韧性水网领域项目: 标题声明 74 项,解析 26 项
2026-08-28 18:34:51,647 - E:\STangWork\PythonProjects\skp_parser\main.py - WARNING - 分类校验[附件：2026年度省重点项目名单（1570个).xlsx] 漳州排水防涝提升项目: 标题声明 2 项,解析 8 项
2026-08-28 18:34:51,647 - E:\STangWork\PythonProjects\skp_parser\main.py - WARNING - 分类校验[附件：2026年度省重点项目名单（1570个).xlsx] 漳州排水防涝提升项目-漳州主城区市政排水系统及雨污分流改造项目 在建: 标题声明 2 项,解析 7 项
2026-08-28 18:34:51,647 - E:\STangWork\PythonProjects\skp_parser\main.py - WARNING - 分类校验[附件：2026年度省重点项目名单（1570个).xlsx] 明管网改造提升项目: 标题声明 3 项,解析 4 项
2026-08-28 18:34:51,647 - E:\STangWork\PythonProjects\skp_parser\main.py - WARNING - 分类校验[附件：2026年度省重点项目名单（1570个).xlsx] 明管网改造提升项目-明溪县城区市政管网改造提升工程 在建: 标题声明 3 项,解析 4 项
2026-08-28 18:34:51,647 - E:\STangWork\PythonProjects\skp_parser\main.py - WARNING - 分类校验[附件：2026年度省重点项目名单（1570个).xlsx] 南平排水防涝提升项目: 标题声明 2 项,解析 21 项
2026-08-28 18:34:51,647 - E:\STangWork\PythonProjects\skp_parser\main.py - WARNING - 分类校验[附件：2026年度省重点项目名单（1570个).xlsx] 福州城乡供水一体化项目: 标题声明 3 项,解析 9 项
2026-08-28 18:34:51,647 - E:\STangWork\PythonProjects\skp_parser\main.py - WARNING - 分类校验[附件：2026年度省重点项目名单（1570个).xlsx] 泉州城乡供水一体化项目: 标题声明 4 项,解析 7 项
2026-08-28 18:34:51,647 - E:\STangWork\PythonProjects\skp_parser\main.py - WARNING - 分类校验[附件：2026年度省重点项目名单（1570个).xlsx] 明城乡供水一体化项目: 标题声明 2 项,解析 4 项
2026-08-28 18:34:51,647 - E:\STangWork\PythonProjects\skp_parser\main.py - WARNING - 分类校验[附件：2026年度省重点项目名单（1570个).xlsx] 南平城乡供水一体化项目: 标题声明 6 项,解析 7 项
2026-08-28 18:34:51,647 - E:\STangWork\PythonProjects\skp_parser\main.py - WARNING - 分类校验[附件：2026年度省重点项目名单（1570个).xlsx] 城市更新领域项目: 标题声明 92 项,解析 0 项
2026-08-28 18:34:51,647 - E:\STangWork\PythonProjects\skp_parser\main.py - WARNING - 分类校验[附件：2026年度省重点项目名单（1570个).xlsx] 城市更新领域项目-市政设施提升工程: 标题声明 73 项,解析 0 项
2026-08-28 18:34:51,647 - E:\STangWork\PythonProjects\skp_parser\main.py - WARNING - 分类校验[附件：2026年度省重点项目名单（1570个).xlsx] 南平污水提质增效项目: 标题声明 5 项,解析 7 项
2026-08-28 18:34:51,648 - E:\STangWork\PythonProjects\skp_parser\main.py - WARNING - 分类校验[附件：2026年度省重点项目名单（1570个).xlsx] 宁德污水提质增效项目: 标题声明 6 项,解析 9 项
2026-08-28 18:34:51,648 - E:\STangWork\PythonProjects\skp_parser\main.py - WARNING - 分类校验[附件：2026年度省重点项目名单（1570个).xlsx] 现代服务与文旅融合领域项目: 标题声明 123 项,解析 0 项
2026-08-28 18:34:51,648 - E:\STangWork\PythonProjects\skp_parser\main.py - WARNING - 分类校验[附件：2026年度省重点项目名单（1570个).xlsx] 现代服务与文旅融合领域项目-现代服务业: 标题声明 76 项,解析 0 项
2026-08-28 18:34:51,648 - E:\STangWork\PythonProjects\skp_parser\main.py - WARNING - 分类校验[附件：2026年度省重点项目名单（1570个).xlsx] 民生福祉设施领域项目-教育: 标题声明 46 项,解析 79 项
2026-08-28 18:34:51,648 - E:\STangWork\PythonProjects\skp_parser\main.py - WARNING - 分类校验[附件：2026年度省重点项目名单（1570个).xlsx] 民生福祉设施领域项目-体育: 标题声明 6 项,解析 83 项
2026-08-28 18:34:54,472 - <stdin> - INFO - [ok] 附件：2026年度省重点项目名单（1570个).xlsx | 1599 | 
2026-08-28 18:34:54,600 - E:\STangWork\PythonProjects\skp_parser\main.py - WARNING - 通知信息解析失败 金政办发〔2025〕68号 附件2 2026年重大前期项目清单.xlsx: No /Root object! - Is this really a PDF?
2026-08-28 18:34:55,646 - <stdin> - INFO - [ok] 金政办发〔2025〕68号 附件2 2026年重大前期项目清单.xlsx | 155 | 
2026-08-28 18:34:55,815 - E:\STangWork\PythonProjects\skp_parser\main.py - WARNING - 通知信息解析失败 金政办发〔2025〕68号 附件3 2026年金昌市招商引资投资机会清单.xlsx: No /Root object! - Is this really a PDF?
2026-08-28 18:34:56,933 - <stdin> - INFO - [ok] 金政办发〔2025〕68号 附件3 2026年金昌市招商引资投资机会清单.xlsx | 174 | 
2026-08-28 18:35:09,959 - <stdin> - INFO - [ok] 2026年广东省重点项目名单(共2830个).xlsx | 2730 | 
2026-08-28 18:35:15,773 - <stdin> - INFO - [ok] 附件1：湛江市2026年重点建设项目计划表.xlsx | 256 | 
2026-08-28 18:35:19,424 - <stdin> - INFO - [ok] 附件：珠海市2026年政府投资项目计划表.xlsx | 100 | 
2026-08-28 18:35:22,608 - <stdin> - INFO - [ok] 遵义市2026年重大工程和重点项目名单.xlsx | 538 | 
2026-08-28 18:35:22,890 - <stdin> - INFO - [ok] 附件：1：文昌市2026年重大项目投资计划表.xlsx | 56 | 
2026-08-28 18:35:23,398 - <stdin> - INFO - [ok] 附件：2：文昌市2026年预备重大项目投资计划表.xlsx | 43 | 
2026-08-28 18:35:24,023 - <stdin> - INFO - [ok] 衡水市2026年市重点建设项目名单.xlsx | 195 | 
2026-08-28 18:35:25,283 - <stdin> - INFO - [ok] 2026年宜昌市省市级重点项目建设计划清单.xlsx | 191 | 
2026-08-28 18:35:25,591 - <stdin> - INFO - [ok] 潜江市2026年省级重点项目建设清单.xlsx | 16 | 
2026-08-28 18:35:25,808 - <stdin> - INFO - [ok] 荆门市2026年市级重点项目汇总表.xlsx | 130 | 
2026-08-28 18:35:26,787 - <stdin> - INFO - [ok] 荆门市2026年省级重点项目汇总表.xlsx | 55 | 
2026-08-28 18:35:27,427 - <stdin> - INFO - [ok] 襄阳市2026年市级重点项目清单.xlsx | 65 | 
2026-08-28 18:35:27,601 - <stdin> - INFO - [ok] 襄阳市2026年省级重点项目清单.xlsx | 58 | 
2026-08-28 18:35:27,751 - <stdin> - INFO - [ok] 随州市2026年重点建设计划清单.xlsx | 112 | 
2026-08-28 18:35:28,007 - E:\STangWork\PythonProjects\skp_parser\main.py - WARNING - 通知信息解析失败 湖北省发改委印发2026年省级重点项目清单.xlsx: No /Root object! - Is this really a PDF?
2026-08-28 18:35:29,757 - <stdin> - INFO - [ok] 湖北省发改委印发2026年省级重点项目清单.xlsx | 768 | 
2026-08-28 18:35:33,918 - <stdin> - INFO - [ok] 2026年各省市重大项目汇总.xlsx | 1279 | 
2026-08-28 18:35:34,166 - E:\STangWork\PythonProjects\skp_parser\parser\xls_parser.py - WARNING - E:\STangWork\STangFiles\各省重点项目：2020年起\2026年重点项目\2026年各省重点重大项目清单（截止2026年8月19日）.xlsx[第二批（截止2026.3.13）]: 判定为各省汇总表干扰数据,已跳过并记录名单
2026-08-28 18:35:34,191 - E:\STangWork\PythonProjects\skp_parser\parser\xls_parser.py - WARNING - E:\STangWork\STangFiles\各省重点项目：2020年起\2026年重点项目\2026年各省重点重大项目清单（截止2026年8月19日）.xlsx[第三批（截止2026.6.7）]: 判定为各省汇总表干扰数据,已跳过并记录名单
2026-08-28 18:35:34,201 - E:\STangWork\PythonProjects\skp_parser\parser\xls_parser.py - WARNING - E:\STangWork\STangFiles\各省重点项目：2020年起\2026年重点项目\2026年各省重点重大项目清单（截止2026年8月19日）.xlsx[第四批（截止2026.8.19）]: 判定为各省汇总表干扰数据,已跳过并记录名单
2026-08-28 18:35:34,204 - E:\STangWork\PythonProjects\skp_parser\parser\xls_parser.py - WARNING - E:\STangWork\STangFiles\各省重点项目：2020年起\2026年重点项目\2026年各省重点重大项目清单（截止2026年8月19日）.xlsx[地级市]: 判定为各省汇总表干扰数据,已跳过并记录名单
2026-08-28 18:35:34,205 - E:\STangWork\PythonProjects\skp_parser\parser\xls_parser.py - WARNING - E:\STangWork\STangFiles\各省重点项目：2020年起\2026年重点项目\2026年各省重点重大项目清单（截止2026年8月19日）.xlsx[第四批（截止2025.07.23）]: 判定为各省汇总表干扰数据,已跳过并记录名单
2026-08-28 18:35:34,206 - E:\STangWork\PythonProjects\skp_parser\parser\xls_parser.py - WARNING - E:\STangWork\STangFiles\各省重点项目：2020年起\2026年重点项目\2026年各省重点重大项目清单（截止2026年8月19日）.xlsx[第五批（截止2025.12.31） ]: 判定为各省汇总表干扰数据,已跳过并记录名单
2026-08-28 18:35:34,207 - E:\STangWork\PythonProjects\skp_parser\parser\xls_parser.py - WARNING - E:\STangWork\STangFiles\各省重点项目：2020年起\2026年重点项目\2026年各省重点重大项目清单（截止2026年8月19日）.xlsx[第四批（截止2024.11.28）]: 判定为各省汇总表干扰数据,已跳过并记录名单
2026-08-28 18:35:42,979 - <stdin> - INFO - [ok] 2026年各省重点重大项目清单（截止2026年8月19日）.xlsx | 2695 | 
2026-08-28 18:35:43,372 - E:\STangWork\PythonProjects\skp_parser\main.py - WARNING - 分类校验[南京市2026年经济社会发展重大项目名单.xlsx] 第一部分实施项目: 标题声明 479 项,解析 0 项
2026-08-28 18:35:43,372 - E:\STangWork\PythonProjects\skp_parser\main.py - WARNING - 分类校验[南京市2026年经济社会发展重大项目名单.xlsx] 先进制造业项目: 标题声明 254 项,解析 0 项
2026-08-28 18:35:43,372 - E:\STangWork\PythonProjects\skp_parser\main.py - WARNING - 分类校验[南京市2026年经济社会发展重大项目名单.xlsx] 显示、通信及其他: 标题声明 17 项,解析 236 项
2026-08-28 18:35:43,372 - E:\STangWork\PythonProjects\skp_parser\main.py - WARNING - 分类校验[南京市2026年经济社会发展重大项目名单.xlsx] 现代服务业项目: 标题声明 78 项,解析 0 项
2026-08-28 18:35:43,372 - E:\STangWork\PythonProjects\skp_parser\main.py - WARNING - 分类校验[南京市2026年经济社会发展重大项目名单.xlsx] 总部及商务商贸: 标题声明 24 项,解析 72 项
2026-08-28 18:35:43,372 - E:\STangWork\PythonProjects\skp_parser\main.py - WARNING - 分类校验[南京市2026年经济社会发展重大项目名单.xlsx] 基础设施与社会民生项目: 标题声明 87 项,解析 0 项
2026-08-28 18:35:43,372 - E:\STangWork\PythonProjects\skp_parser\main.py - WARNING - 分类校验[南京市2026年经济社会发展重大项目名单.xlsx] 基础设施与社会民生项目-交通及市政基础设施类: 标题声明 38 项,解析 0 项
2026-08-28 18:35:43,372 - E:\STangWork\PythonProjects\skp_parser\main.py - WARNING - 分类校验[南京市2026年经济社会发展重大项目名单.xlsx] 城市道路及市政设施等: 标题声明 8 项,解析 20 项
2026-08-28 18:35:43,373 - E:\STangWork\PythonProjects\skp_parser\main.py - WARNING - 分类校验[南京市2026年经济社会发展重大项目名单.xlsx] 城市道路及市政设施等-社会民生类: 标题声明 37 项,解析 0 项
2026-08-28 18:35:43,373 - E:\STangWork\PythonProjects\skp_parser\main.py - WARNING - 分类校验[南京市2026年经济社会发展重大项目名单.xlsx] 第二部分前期项目: 标题声明 37 项,解析 0 项
2026-08-28 18:35:45,492 - <stdin> - INFO - [ok] 南京市2026年经济社会发展重大项目名单.xlsx | 516 | 
2026-08-28 18:35:45,622 - E:\STangWork\PythonProjects\skp_parser\main.py - WARNING - 分类校验[2026年南通市重大项目清单.xlsx] 第一部分 实施项目: 标题声明 346 项,解析 0 项
2026-08-28 18:35:45,623 - E:\STangWork\PythonProjects\skp_parser\main.py - WARNING - 分类校验[2026年南通市重大项目清单.xlsx] 重大产业-现代服务业: 标题声明 17 项,解析 18 项
2026-08-28 18:35:45,623 - E:\STangWork\PythonProjects\skp_parser\main.py - WARNING - 分类校验[2026年南通市重大项目清单.xlsx] 民生环保-民生保障: 标题声明 1 项,解析 2 项
2026-08-28 18:35:48,325 - <stdin> - INFO - [ok] 2026年南通市重大项目清单.xlsx | 422 | 
2026-08-28 18:35:48,491 - E:\STangWork\PythonProjects\skp_parser\main.py - WARNING - 分类校验[2026年扬州市重大项目清单.xlsx] 重大产业: 标题声明 529 项,解析 0 项
2026-08-28 18:35:48,491 - E:\STangWork\PythonProjects\skp_parser\main.py - WARNING - 分类校验[2026年扬州市重大项目清单.xlsx] 重大产业-先进制造业: 标题声明 391 项,解析 0 项
2026-08-28 18:35:48,492 - E:\STangWork\PythonProjects\skp_parser\main.py - WARNING - 分类校验[2026年扬州市重大项目清单.xlsx] I 高端装备产业集群: 标题声明 137 项,解析 0 项
2026-08-28 18:35:48,492 - E:\STangWork\PythonProjects\skp_parser\main.py - WARNING - 分类校验[2026年扬州市重大项目清单.xlsx] II 新能源产业集群: 标题声明 25 项,解析 0 项
2026-08-28 18:35:48,492 - E:\STangWork\PythonProjects\skp_parser\main.py - WARNING - 分类校验[2026年扬州市重大项目清单.xlsx] III 新材料产业集群: 标题声明 73 项,解析 0 项
2026-08-28 18:35:48,492 - E:\STangWork\PythonProjects\skp_parser\main.py - WARNING - 分类校验[2026年扬州市重大项目清单.xlsx] IV 新一代信息技术产业集群: 标题声明 50 项,解析 0 项
2026-08-28 18:35:48,492 - E:\STangWork\PythonProjects\skp_parser\main.py - WARNING - 分类校验[2026年扬州市重大项目清单.xlsx] V 汽车及零部件产业集群: 标题声明 58 项,解析 0 项
2026-08-28 18:35:48,492 - E:\STangWork\PythonProjects\skp_parser\main.py - WARNING - 分类校验[2026年扬州市重大项目清单.xlsx] VI 生命健康产业集群: 标题声明 42 项,解析 0 项
2026-08-28 18:35:48,492 - E:\STangWork\PythonProjects\skp_parser\main.py - WARNING - 分类校验[2026年扬州市重大项目清单.xlsx] VII 其他-现代服务业: 标题声明 117 项,解析 0 项
2026-08-28 18:35:48,492 - E:\STangWork\PythonProjects\skp_parser\main.py - WARNING - 分类校验[2026年扬州市重大项目清单.xlsx] II 生活性服务业: 标题声明 55 项,解析 80 项
2026-08-28 18:35:48,492 - E:\STangWork\PythonProjects\skp_parser\main.py - WARNING - 分类校验[2026年扬州市重大项目清单.xlsx] 基础设施: 标题声明 54 项,解析 7 项
2026-08-28 18:35:48,492 - E:\STangWork\PythonProjects\skp_parser\main.py - WARNING - 分类校验[2026年扬州市重大项目清单.xlsx] 基础设施-交通: 标题声明 15 项,解析 0 项
2026-08-28 18:35:48,492 - E:\STangWork\PythonProjects\skp_parser\main.py - WARNING - 分类校验[2026年扬州市重大项目清单.xlsx] III 水运: 标题声明 6 项,解析 9 项
2026-08-28 18:35:48,493 - E:\STangWork\PythonProjects\skp_parser\main.py - WARNING - 分类校验[2026年扬州市重大项目清单.xlsx] V 枢纽: 标题声明 1 项,解析 73 项
2026-08-28 18:35:48,493 - E:\STangWork\PythonProjects\skp_parser\main.py - WARNING - 分类校验[2026年扬州市重大项目清单.xlsx] V 枢纽-能源: 标题声明 7 项,解析 23 项
2026-08-28 18:35:48,493 - E:\STangWork\PythonProjects\skp_parser\main.py - WARNING - 分类校验[2026年扬州市重大项目清单.xlsx] V 枢纽-城建: 标题声明 25 项,解析 49 项
2026-08-28 18:35:51,671 - <stdin> - INFO - [ok] 2026年扬州市重大项目清单.xlsx | 657 | 
2026-08-28 18:35:51,850 - E:\STangWork\PythonProjects\skp_parser\main.py - WARNING - 分类校验[2026年江阴市重大产业项目清单.xlsx] 新建项目: 标题声明 37 项,解析 180 项
2026-08-28 18:35:52,443 - <stdin> - INFO - [ok] 2026年江阴市重大产业项目清单.xlsx | 180 | 
2026-08-28 18:35:53,812 - <stdin> - INFO - [ok] 2026年镇江市重大项目清单.xlsx | 373 | 
2026-08-28 18:35:54,187 - <stdin> - INFO - [ok] 附件1.2026年省级重点工程第一次季度调整增补项目名单.xlsx | 27 | 
2026-08-28 18:35:54,445 - <stdin> - INFO - [ok] 附件2.2026年省级重点工程第一次季度调整退出项目名单.xlsx | 6 | 
2026-08-28 18:35:57,201 - <stdin> - INFO - [ok] 汉中市2026年重点建设项目计划.xlsx | 476 | 
2026-08-28 18:35:59,825 - <stdin> - INFO - [ok] 2026年德阳市重点项目名单（新开工）.xlsx | 162 | 
2026-08-28 18:36:01,148 - <stdin> - INFO - [ok] 2026年德阳市重点项目名单（续建）.xlsx | 249 | 
2026-08-28 18:36:03,159 - <stdin> - INFO - [ok] 攀枝花2026年省市重点项目名单(对外公布稿).xlsx.xlsx | 441 | 
2026-08-28 18:36:03,684 - <stdin> - INFO - [ok] 2026年达州市重大项目计划.xlsx | 232 | 
2026-08-28 18:36:05,297 - <stdin> - INFO - [ok] 2026年雅安全市重点项目名单.xlsx | 383 | 
2026-08-28 18:36:06,901 - <stdin> - INFO - [ok] 2026年昆明市级重大项目清单.xlsx | 300 | 
2026-08-28 18:36:07,034 - E:\STangWork\PythonProjects\skp_parser\main.py - WARNING - 分类校验[普洱市2026年度第一批省级重大项目清单.xlsx] 产业发展类-农业: 标题声明 3 项,解析 14 项
2026-08-28 18:36:07,034 - E:\STangWork\PythonProjects\skp_parser\main.py - WARNING - 分类校验[普洱市2026年度第一批省级重大项目清单.xlsx] 基础设施类-社会事业: 标题声明 2 项,解析 4 项
2026-08-28 18:36:07,868 - <stdin> - INFO - [ok] 普洱市2026年度第一批省级重大项目清单.xlsx | 115 | 
2026-08-28 18:36:10,142 - <stdin> - INFO - [ok] 云南省2026年度第一批“重中之重”项目清单.xlsx | 52 | 
2026-08-28 18:36:10,386 - E:\STangWork\PythonProjects\skp_parser\main.py - WARNING - 分类校验[云南省2026年度第一批省级重大项目清单.xlsx] 产业发展类-农业: 标题声明 85 项,解析 239 项
2026-08-28 18:36:10,387 - E:\STangWork\PythonProjects\skp_parser\main.py - WARNING - 分类校验[云南省2026年度第一批省级重大项目清单.xlsx] 基础设施类-社会事业: 标题声明 57 项,解析 105 项
2026-08-28 18:36:13,580 - <stdin> - INFO - [ok] 云南省2026年度第一批省级重大项目清单.xlsx | 1677 | 
2026-08-28 18:36:14,957 - <stdin> - INFO - [ok] 附件2：丽水市2026年市本级政府投资信息化项目计划表.xlsx | 45 | 
2026-08-28 18:36:19,118 - <stdin> - INFO - [ok] 附件：浙江省扩大有效投资“千项万亿”工程2026年第一批重大建设项目实施计划项目表.xlsx | 1760 | 
2026-08-28 18:36:21,319 - E:\STangWork\PythonProjects\skp_parser\parser\xlsx_parser.py - WARNING - E:\STangWork\STangFiles\各省重点项目：2020年起\2026年重点项目\文章发布表格.xlsx[甘肃]: 前 20 行未找到表头,跳过
2026-08-28 18:36:21,782 - E:\STangWork\PythonProjects\skp_parser\main.py - WARNING - 分类校验[文章发布表格.xlsx] 年度省重点项目名单: 标题声明 1570 项,解析 0 项
2026-08-28 18:36:21,782 - E:\STangWork\PythonProjects\skp_parser\main.py - WARNING - 分类校验[文章发布表格.xlsx] 先进制造业领域项目: 标题声明 852 项,解析 0 项
2026-08-28 18:36:21,782 - E:\STangWork\PythonProjects\skp_parser\main.py - WARNING - 分类校验[文章发布表格.xlsx] 先进制造业领域项目-制造业支柱产业: 标题声明 256 项,解析 0 项
2026-08-28 18:36:21,782 - E:\STangWork\PythonProjects\skp_parser\main.py - WARNING - 分类校验[文章发布表格.xlsx] 现代纺织鞋服产业-制造业特色优势产业: 标题声明 221 项,解析 0 项
2026-08-28 18:36:21,782 - E:\STangWork\PythonProjects\skp_parser\main.py - WARNING - 分类校验[文章发布表格.xlsx] 特色轻工产业-战略性新兴产业: 标题声明 177 项,解析 0 项
2026-08-28 18:36:21,783 - E:\STangWork\PythonProjects\skp_parser\main.py - WARNING - 分类校验[文章发布表格.xlsx] 现代化立体综合交通领域项目: 标题声明 119 项,解析 0 项
2026-08-28 18:36:21,902 - E:\STangWork\PythonProjects\skp_parser\main.py - WARNING - 分类校验[文章发布表格.xlsx] 现代化立体综合交通领域项目-轨道交通网: 标题声明 13 项,解析 0 项
2026-08-28 18:36:21,902 - E:\STangWork\PythonProjects\skp_parser\main.py - WARNING - 分类校验[文章发布表格.xlsx] 城市轨道-公路: 标题声明 70 项,解析 0 项
2026-08-28 18:36:21,903 - E:\STangWork\PythonProjects\skp_parser\main.py - WARNING - 分类校验[文章发布表格.xlsx] 低碳清洁能源领域项目: 标题声明 75 项,解析 0 项
2026-08-28 18:36:21,903 - E:\STangWork\PythonProjects\skp_parser\main.py - WARNING - 分类校验[文章发布表格.xlsx] 国网福建电力: 标题声明 4 项,解析 6 项
2026-08-28 18:36:21,903 - E:\STangWork\PythonProjects\skp_parser\main.py - WARNING - 分类校验[文章发布表格.xlsx] 安全韧性水网领域项目: 标题声明 74 项,解析 26 项
2026-08-28 18:36:21,903 - E:\STangWork\PythonProjects\skp_parser\main.py - WARNING - 分类校验[文章发布表格.xlsx] 漳州排水防涝提升项目: 标题声明 2 项,解析 8 项
2026-08-28 18:36:21,904 - E:\STangWork\PythonProjects\skp_parser\main.py - WARNING - 分类校验[文章发布表格.xlsx] 漳州排水防涝提升项目-漳州主城区市政排水系统及雨污分流改造项目 在建: 标题声明 2 项,解析 7 项
2026-08-28 18:36:21,904 - E:\STangWork\PythonProjects\skp_parser\main.py - WARNING - 分类校验[文章发布表格.xlsx] 明管网改造提升项目: 标题声明 3 项,解析 4 项
2026-08-28 18:36:21,904 - E:\STangWork\PythonProjects\skp_parser\main.py - WARNING - 分类校验[文章发布表格.xlsx] 明管网改造提升项目-明溪县城区市政管网改造提升工程 在建: 标题声明 3 项,解析 4 项
2026-08-28 18:36:21,904 - E:\STangWork\PythonProjects\skp_parser\main.py - WARNING - 分类校验[文章发布表格.xlsx] 南平排水防涝提升项目: 标题声明 2 项,解析 21 项
2026-08-28 18:36:21,904 - E:\STangWork\PythonProjects\skp_parser\main.py - WARNING - 分类校验[文章发布表格.xlsx] 福州城乡供水一体化项目: 标题声明 3 项,解析 9 项
2026-08-28 18:36:21,905 - E:\STangWork\PythonProjects\skp_parser\main.py - WARNING - 分类校验[文章发布表格.xlsx] 泉州城乡供水一体化项目: 标题声明 4 项,解析 7 项
2026-08-28 18:36:21,905 - E:\STangWork\PythonProjects\skp_parser\main.py - WARNING - 分类校验[文章发布表格.xlsx] 明城乡供水一体化项目: 标题声明 2 项,解析 4 项
2026-08-28 18:36:21,905 - E:\STangWork\PythonProjects\skp_parser\main.py - WARNING - 分类校验[文章发布表格.xlsx] 南平城乡供水一体化项目: 标题声明 6 项,解析 7 项
2026-08-28 18:36:21,905 - E:\STangWork\PythonProjects\skp_parser\main.py - WARNING - 分类校验[文章发布表格.xlsx] 城市更新领域项目: 标题声明 92 项,解析 0 项
2026-08-28 18:36:21,905 - E:\STangWork\PythonProjects\skp_parser\main.py - WARNING - 分类校验[文章发布表格.xlsx] 城市更新领域项目-市政设施提升工程: 标题声明 73 项,解析 0 项
2026-08-28 18:36:21,906 - E:\STangWork\PythonProjects\skp_parser\main.py - WARNING - 分类校验[文章发布表格.xlsx] 南平污水提质增效项目: 标题声明 5 项,解析 7 项
2026-08-28 18:36:21,906 - E:\STangWork\PythonProjects\skp_parser\main.py - WARNING - 分类校验[文章发布表格.xlsx] 宁德污水提质增效项目: 标题声明 6 项,解析 9 项
2026-08-28 18:36:21,906 - E:\STangWork\PythonProjects\skp_parser\main.py - WARNING - 分类校验[文章发布表格.xlsx] 现代服务与文旅融合领域项目: 标题声明 123 项,解析 0 项
2026-08-28 18:36:21,906 - E:\STangWork\PythonProjects\skp_parser\main.py - WARNING - 分类校验[文章发布表格.xlsx] 现代服务与文旅融合领域项目-现代服务业: 标题声明 76 项,解析 0 项
2026-08-28 18:36:21,906 - E:\STangWork\PythonProjects\skp_parser\main.py - WARNING - 分类校验[文章发布表格.xlsx] 民生福祉设施领域项目-教育: 标题声明 46 项,解析 79 项
2026-08-28 18:36:21,907 - E:\STangWork\PythonProjects\skp_parser\main.py - WARNING - 分类校验[文章发布表格.xlsx] 民生福祉设施领域项目-体育: 标题声明 6 项,解析 83 项
2026-08-28 18:36:21,907 - E:\STangWork\PythonProjects\skp_parser\main.py - WARNING - 分类校验[文章发布表格.xlsx] 城市建设-能源网: 标题声明 24 项,解析 34 项
2026-08-28 18:36:21,908 - E:\STangWork\PythonProjects\skp_parser\main.py - WARNING - 分类校验[文章发布表格.xlsx] 城市建设-物流网: 标题声明 32 项,解析 38 项
2026-08-28 18:36:21,908 - E:\STangWork\PythonProjects\skp_parser\main.py - WARNING - 分类校验[文章发布表格.xlsx] 第一部分 实施项目: 标题声明 550 项,解析 0 项
2026-08-28 18:36:21,908 - E:\STangWork\PythonProjects\skp_parser\main.py - WARNING - 分类校验[文章发布表格.xlsx] 重大产业: 标题声明 414 项,解析 0 项
2026-08-28 18:36:21,908 - E:\STangWork\PythonProjects\skp_parser\main.py - WARNING - 分类校验[文章发布表格.xlsx] 重大产业-战略性新兴产业: 标题声明 255 项,解析 0 项
2026-08-28 18:36:21,909 - E:\STangWork\PythonProjects\skp_parser\main.py - WARNING - 分类校验[文章发布表格.xlsx] Ⅶ 绿色低碳: 标题声明 23 项,解析 64 项
2026-08-28 18:36:21,909 - E:\STangWork\PythonProjects\skp_parser\main.py - WARNING - 分类校验[文章发布表格.xlsx] Ⅶ 绿色低碳-先进制造业: 标题声明 74 项,解析 0 项
2026-08-28 18:36:21,910 - E:\STangWork\PythonProjects\skp_parser\main.py - WARNING - 分类校验[文章发布表格.xlsx] Ⅶ 工业技改: 标题声明 1 项,解析 45 项
2026-08-28 18:36:21,910 - E:\STangWork\PythonProjects\skp_parser\main.py - WARNING - 分类校验[文章发布表格.xlsx] Ⅶ 工业技改-现代服务业: 标题声明 33 项,解析 44 项
2026-08-28 18:36:21,910 - E:\STangWork\PythonProjects\skp_parser\main.py - WARNING - 分类校验[文章发布表格.xlsx] 民生环保-民生保障: 标题声明 12 项,解析 18 项
2026-08-28 18:36:21,910 - E:\STangWork\PythonProjects\skp_parser\main.py - WARNING - 分类校验[文章发布表格.xlsx] 基础设施: 标题声明 118 项,解析 11 项
2026-08-28 18:36:21,910 - E:\STangWork\PythonProjects\skp_parser\main.py - WARNING - 分类校验[文章发布表格.xlsx] 基础设施-交通: 标题声明 60 项,解析 0 项
2026-08-28 18:36:21,911 - E:\STangWork\PythonProjects\skp_parser\main.py - WARNING - 分类校验[文章发布表格.xlsx] VII 轨道交通-能源: 标题声明 33 项,解析 0 项
2026-08-28 18:36:21,912 - E:\STangWork\PythonProjects\skp_parser\main.py - WARNING - 分类校验[文章发布表格.xlsx] III 天然气输储设施: 标题声明 6 项,解析 20 项
2026-08-28 18:36:21,912 - E:\STangWork\PythonProjects\skp_parser\main.py - WARNING - 分类校验[文章发布表格.xlsx] 第二部分 储备项目: 标题声明 120 项,解析 0 项
2026-08-28 18:36:21,912 - E:\STangWork\PythonProjects\skp_parser\main.py - WARNING - 分类校验[文章发布表格.xlsx] 产业类: 标题声明 75 项,解析 0 项
2026-08-28 18:36:21,912 - E:\STangWork\PythonProjects\skp_parser\main.py - WARNING - 分类校验[文章发布表格.xlsx] 基础设施类: 标题声明 820 项,解析 782 项
2026-08-28 18:36:21,914 - E:\STangWork\PythonProjects\skp_parser\main.py - WARNING - 分类校验[文章发布表格.xlsx] 战略性新兴产业: 标题声明 146 项,解析 0 项
2026-08-28 18:36:21,914 - E:\STangWork\PythonProjects\skp_parser\main.py - WARNING - 分类校验[文章发布表格.xlsx] 传统产业转型升级: 标题声明 34 项,解析 51 项
2026-08-28 18:36:21,914 - E:\STangWork\PythonProjects\skp_parser\main.py - WARNING - 分类校验[文章发布表格.xlsx] 建成投产项目: 标题声明 129 项,解析 4 项
2026-08-28 18:36:21,915 - E:\STangWork\PythonProjects\skp_parser\main.py - WARNING - 分类校验[文章发布表格.xlsx] 建成投产项目-基础设施项目: 标题声明 24 项,解析 4 项
2026-08-28 18:36:21,915 - E:\STangWork\PythonProjects\skp_parser\main.py - WARNING - 分类校验[文章发布表格.xlsx] 国省干线普通公路: 标题声明 29 项,解析 49 项
2026-08-28 18:36:21,915 - E:\STangWork\PythonProjects\skp_parser\main.py - WARNING - 分类校验[文章发布表格.xlsx] 港口航道提升工程: 标题声明 2 项,解析 3 项
2026-08-28 18:36:21,915 - E:\STangWork\PythonProjects\skp_parser\main.py - WARNING - 分类校验[文章发布表格.xlsx] 输变电工程: 标题声明 5 项,解析 96 项
2026-08-28 18:36:21,915 - E:\STangWork\PythonProjects\skp_parser\main.py - WARNING - 分类校验[文章发布表格.xlsx] 输变电工程-产业发展项目: 标题声明 83 项,解析 79 项
2026-08-28 18:36:21,915 - E:\STangWork\PythonProjects\skp_parser\main.py - WARNING - 分类校验[文章发布表格.xlsx] 中央储备粮仓储项目: 标题声明 32 项,解析 64 项
2026-08-28 18:36:21,916 - E:\STangWork\PythonProjects\skp_parser\main.py - WARNING - 分类校验[文章发布表格.xlsx] 中央储备粮仓储项目-社会民生项目: 标题声明 21 项,解析 16 项
2026-08-28 18:36:21,916 - E:\STangWork\PythonProjects\skp_parser\main.py - WARNING - 分类校验[文章发布表格.xlsx] 续建项目: 标题声明 170 项,解析 20 项
2026-08-28 18:36:21,916 - E:\STangWork\PythonProjects\skp_parser\main.py - WARNING - 分类校验[文章发布表格.xlsx] 续建项目-基础设施项目: 标题声明 64 项,解析 20 项
2026-08-28 18:36:21,916 - E:\STangWork\PythonProjects\skp_parser\main.py - WARNING - 分类校验[文章发布表格.xlsx] 风电项目: 标题声明 11 项,解析 129 项
2026-08-28 18:36:21,916 - E:\STangWork\PythonProjects\skp_parser\main.py - WARNING - 分类校验[文章发布表格.xlsx] 风电项目-产业发展项目: 标题声明 91 项,解析 87 项
2026-08-28 18:36:21,917 - E:\STangWork\PythonProjects\skp_parser\main.py - WARNING - 分类校验[文章发布表格.xlsx] 江西省人民医院改造提升项目: 标题声明 2 项,解析 12 项
2026-08-28 18:36:21,917 - E:\STangWork\PythonProjects\skp_parser\main.py - WARNING - 分类校验[文章发布表格.xlsx] 计划新开工项目: 标题声明 177 项,解析 13 项
2026-08-28 18:36:21,917 - E:\STangWork\PythonProjects\skp_parser\main.py - WARNING - 分类校验[文章发布表格.xlsx] 计划新开工项目-基础设施项目: 标题声明 38 项,解析 13 项
2026-08-28 18:36:21,917 - E:\STangWork\PythonProjects\skp_parser\main.py - WARNING - 分类校验[文章发布表格.xlsx] 千伏输电工程: 标题声明 5 项,解析 9 项
2026-08-28 18:36:21,917 - E:\STangWork\PythonProjects\skp_parser\main.py - WARNING - 分类校验[文章发布表格.xlsx] 昌九客专输变电工程: 标题声明 2 项,解析 117 项
2026-08-28 18:36:21,918 - E:\STangWork\PythonProjects\skp_parser\main.py - WARNING - 分类校验[文章发布表格.xlsx] 昌九客专输变电工程-产业发展项目: 标题声明 106 项,解析 98 项
2026-08-28 18:36:21,918 - E:\STangWork\PythonProjects\skp_parser\main.py - WARNING - 分类校验[文章发布表格.xlsx] 国家粮食和物资储备局江西局建库项目: 标题声明 5 项,解析 12 项
2026-08-28 18:36:21,918 - E:\STangWork\PythonProjects\skp_parser\main.py - WARNING - 分类校验[文章发布表格.xlsx] 国家粮食和物资储备局江西局建库项目-社会民生项目: 标题声明 11 项,解析 1 项
2026-08-28 18:36:21,918 - E:\STangWork\PythonProjects\skp_parser\main.py - WARNING - 分类校验[文章发布表格.xlsx] 江西飞行学院吉安主校区建设项目: 标题声明 3 项,解析 8 项
2026-08-28 18:36:21,918 - E:\STangWork\PythonProjects\skp_parser\main.py - WARNING - 分类校验[文章发布表格.xlsx] 江西省豫章监狱迁建及配套工程: 标题声明 2 项,解析 26 项
2026-08-28 18:36:21,919 - E:\STangWork\PythonProjects\skp_parser\main.py - WARNING - 分类校验[文章发布表格.xlsx] 预备项目: 标题声明 10 项,解析 2 项
2026-08-28 18:36:21,919 - E:\STangWork\PythonProjects\skp_parser\main.py - WARNING - 分类校验[文章发布表格.xlsx] 产业发展类-农业: 标题声明 86 项,解析 240 项
2026-08-28 18:36:21,921 - E:\STangWork\PythonProjects\skp_parser\main.py - WARNING - 分类校验[文章发布表格.xlsx] 基础设施类-社会事业: 标题声明 57 项,解析 105 项
2026-08-28 18:37:39,279 - <stdin> - INFO - [ok] 文章发布表格.xlsx | 17580 | 
2026-08-28 18:37:39,282 - E:\STangWork\PythonProjects\skp_parser\util\db_util.py - INFO - 数据库连接池已关闭
2026-08-28 18:43:36,861 - E:\STangWork\PythonProjects\skp_parser\util\db_util.py - INFO - 数据库连接池已创建: 127.0.0.1:3306/suidaobig
2026-08-28 18:44:21,647 - E:\STangWork\PythonProjects\skp_parser\util\db_util.py - INFO - 数据库连接池已关闭
